season,date,home_team,away_team,odds_home,odds_draw,odds_away,close_odds_home,close_odds_draw,close_odds_away,max_odds_home,max_odds_draw,max_odds_away,avg_odds_home,avg_odds_draw,avg_odds_away
2000,2000-08-19,Charlton Athletic,Manchester City,,,,,,,,,,,,
2000,2000-08-19,Chelsea,West Ham United,,,,,,,,,,,,
2000,2000-08-19,Coventry City,Middlesbrough,,,,,,,,,,,,
2000,2000-08-19,Derby County,Southampton,,,,,,,,,,,,
2000,2000-08-19,Leeds United,Everton,,,,,,,,,,,,
2000,2000-08-19,Leicester City,Aston Villa,,,,,,,,,,,,
2000,2000-08-19,Liverpool,Bradford City,,,,,,,,,,,,
2000,2000-08-19,Sunderland,Arsenal,,,,,,,,,,,,
2000,2000-08-19,Tottenham Hotspur,Ipswich Town,,,,,,,,,,,,
2000,2000-08-20,Manchester United,Newcastle United,,,,,,,,,,,,
2000,2000-08-21,Arsenal,Liverpool,,,,,,,,,,,,
2000,2000-08-22,Bradford City,Chelsea,,,,,,,,,,,,
2000,2000-08-22,Ipswich Town,Manchester United,,,,,,,,,,,,
2000,2000-08-22,Middlesbrough,Tottenham Hotspur,,,,,,,,,,,,
2000,2000-08-23,Everton,Charlton Athletic,,,,,,,,,,,,
2000,2000-08-23,Manchester City,Sunderland,,,,,,,,,,,,
2000,2000-08-23,Newcastle United,Derby County,,,,,,,,,,,,
2000,2000-08-23,Southampton,Coventry City,,,,,,,,,,,,
2000,2000-08-23,West Ham United,Leicester City,,,,,,,,,,,,
2000,2000-08-26,Arsenal,Charlton Athletic,,,,,,,,,,,,
2000,2000-08-26,Bradford City,Leicester City,,,,,,,,,,,,
2000,2000-08-26,Everton,Derby County,,,,,,,,,,,,
2000,2000-08-26,Ipswich Town,Sunderland,,,,,,,,,,,,
2000,2000-08-26,Manchester City,Coventry City,,,,,,,,,,,,
2000,2000-08-26,Middlesbrough,Leeds United,,,,,,,,,,,,
2000,2000-08-26,Newcastle United,Tottenham Hotspur,,,,,,,,,,,,
2000,2000-08-26,Southampton,Liverpool,,,,,,,,,,,,
2000,2000-08-26,West Ham United,Manchester United,,,,,,,,,,,,
2000,2000-08-27,Aston Villa,Chelsea,,,,,,,,,,,,
2000,2000-09-05,Leeds United,Manchester City,,,,,,,,,,,,
2000,2000-09-05,Manchester United,Bradford City,,,,,,,,,,,,
2000,2000-09-05,Sunderland,West Ham United,,,,,,,,,,,,
2000,2000-09-05,Tottenham Hotspur,Everton,,,,,,,,,,,,
2000,2000-09-06,Charlton Athletic,Southampton,,,,,,,,,,,,
2000,2000-09-06,Chelsea,Arsenal,,,,,,,,,,,,
2000,2000-09-06,Coventry City,Newcastle United,,,,,,,,,,,,
2000,2000-09-06,Derby County,Middlesbrough,,,,,,,,,,,,
2000,2000-09-06,Leicester City,Ipswich Town,,,,,,,,,,,,
2000,2000-09-06,Liverpool,Aston Villa,,,,,,,,,,,,
2000,2000-09-09,Bradford City,Arsenal,,,,,,,,,,,,
2000,2000-09-09,Coventry City,Leeds United,,,,,,,,,,,,
2000,2000-09-09,Ipswich Town,Aston Villa,,,,,,,,,,,,
2000,2000-09-09,Leicester City,Southampton,,,,,,,,,,,,
2000,2000-09-09,Liverpool,Manchester City,,,,,,,,,,,,
2000,2000-09-09,Manchester United,Sunderland,,,,,,,,,,,,
2000,2000-09-09,Middlesbrough,Everton,,,,,,,,,,,,
2000,2000-09-09,Newcastle United,Chelsea,,,,,,,,,,,,
2000,2000-09-10,Derby County,Charlton Athletic,,,,,,,,,,,,
2000,2000-09-11,Tottenham Hotspur,West Ham United,,,,,,,,,,,,
2000,2000-09-16,Arsenal,Coventry City,,,,,,,,,,,,
2000,2000-09-16,Aston Villa,Bradford City,,,,,,,,,,,,
2000,2000-09-16,Charlton Athletic,Tottenham Hotspur,,,,,,,,,,,,
2000,2000-09-16,Everton,Manchester United,,,,,,,,,,,,
2000,2000-09-16,Leeds United,Ipswich Town,,,,,,,,,,,,
2000,2000-09-16,Southampton,Newcastle United,,,,,,,,,,,,
2000,2000-09-16,Sunderland,Derby County,,,,,,,,,,,,
2000,2000-09-17,Chelsea,Leicester City,,,,,,,,,,,,
2000,2000-09-17,Manchester City,Middlesbrough,,,,,,,,,,,,
2000,2000-09-17,West Ham United,Liverpool,,,,,,,,,,,,
2000,2000-09-23,Bradford City,Southampton,,,,,,,,,,,,
2000,2000-09-23,Coventry City,West Ham United,,,,,,,,,,,,
2000,2000-09-23,Derby County,Leeds United,,,,,,,,,,,,
2000,2000-09-23,Ipswich Town,Arsenal,,,,,,,,,,,,
2000,2000-09-23,Liverpool,Sunderland,,,,,,,,,,,,
2000,2000-09-23,Manchester United,Chelsea,,,,,,,,,,,,
2000,2000-09-23,Middlesbrough,Aston Villa,,,,,,,,,,,,
2000,2000-09-23,Newcastle United,Charlton Athletic,,,,,,,,,,,,
2000,2000-09-23,Tottenham Hotspur,Manchester City,,,,,,,,,,,,
2000,2000-09-24,Leicester City,Everton,,,,,,,,,,,,
2000,2000-09-30,Aston Villa,Derby County,,,,,,,,,,,,
2000,2000-09-30,Charlton Athletic,Coventry City,,,,,,,,,,,,
2000,2000-09-30,Everton,Ipswich Town,,,,,,,,,,,,
2000,2000-09-30,Leeds United,Tottenham Hotspur,,,,,,,,,,,,
2000,2000-09-30,Manchester City,Newcastle United,,,,,,,,,,,,
2000,2000-09-30,Southampton,Middlesbrough,,,,,,,,,,,,
2000,2000-09-30,West Ham United,Bradford City,,,,,,,,,,,,
2000,2000-10-01,Arsenal,Manchester United,,,,,,,,,,,,
2000,2000-10-01,Chelsea,Liverpool,,,,,,,,,,,,
2000,2000-10-01,Sunderland,Leicester City,,,,,,,,,,,,
2000,2000-10-14,Arsenal,Aston Villa,,,,,,,,,,,,
2000,2000-10-14,Coventry City,Tottenham Hotspur,,,,,,,,,,,,
2000,2000-10-14,Everton,Southampton,,,,,,,,,,,,
2000,2000-10-14,Ipswich Town,West Ham United,,,,,,,,,,,,
2000,2000-10-14,Leeds United,Charlton Athletic,,,,,,,,,,,,
2000,2000-10-14,Leicester City,Manchester United,,,,,,,,,,,,
2000,2000-10-14,Manchester City,Bradford City,,,,,,,,,,,,
2000,2000-10-14,Sunderland,Chelsea,,,,,,,,,,,,
2000,2000-10-15,Derby County,Liverpool,,,,,,,,,,,,
2000,2000-10-16,Middlesbrough,Newcastle United,,,,,,,,,,,,
2000,2000-10-21,Bradford City,Ipswich Town,,,,,,,,,,,,
2000,2000-10-21,Charlton Athletic,Middlesbrough,,,,,,,,,,,,
2000,2000-10-21,Chelsea,Coventry City,,,,,,,,,,,,
2000,2000-10-21,Liverpool,Leicester City,,,,,,,,,,,,
2000,2000-10-21,Manchester United,Leeds United,,,,,,,,,,,,
2000,2000-10-21,Newcastle United,Everton,,,,,,,,,,,,
2000,2000-10-21,Tottenham Hotspur,Derby County,,,,,,,,,,,,
2000,2000-10-21,West Ham United,Arsenal,,,,,,,,,,,,
2000,2000-10-22,Aston Villa,Sunderland,,,,,,,,,,,,
2000,2000-10-23,Southampton,Manchester City,,,,,,,,,,,,
2000,2000-10-28,Arsenal,Manchester City,,,,,,,,,,,,
2000,2000-10-28,Aston Villa,Charlton Athletic,,,,,,,,,,,,
2000,2000-10-28,Chelsea,Tottenham Hotspur,,,,,,,,,,,,
2000,2000-10-28,Ipswich Town,Middlesbrough,,,,,,,,,,,,
2000,2000-10-28,Leicester City,Derby County,,,,,,,,,,,,
2000,2000-10-28,Manchester United,Southampton,,,,,,,,,,,,
2000,2000-10-28,Sunderland,Coventry City,,,,,,,,,,,,
2000,2000-10-28,West Ham United,Newcastle United,,,,,,,,,,,,
2000,2000-10-29,Bradford City,Leeds United,,,,,,,,,,,,
2000,2000-10-29,Liverpool,Everton,,,,,,,,,,,,
2000,2000-11-04,Charlton Athletic,Bradford City,,,,,,,,,,,,
2000,2000-11-04,Coventry City,Manchester United,,,,,,,,,,,,
2000,2000-11-04,Leeds United,Liverpool,,,,,,,,,,,,
2000,2000-11-04,Manchester City,Leicester City,,,,,,,,,,,,
2000,2000-11-04,Middlesbrough,Arsenal,,,,,,,,,,,,
2000,2000-11-04,Newcastle United,Ipswich Town,,,,,,,,,,,,
2000,2000-11-04,Southampton,Chelsea,,,,,,,,,,,,
2000,2000-11-04,Tottenham Hotspur,Sunderland,,,,,,,,,,,,
2000,2000-11-05,Everton,Aston Villa,,,,,,,,,,,,
2000,2000-11-06,Derby County,West Ham United,,,,,,,,,,,,
2000,2000-11-11,Arsenal,Derby County,,,,,,,,,,,,
2000,2000-11-11,Aston Villa,Tottenham Hotspur,,,,,,,,,,,,
2000,2000-11-11,Bradford City,Everton,,,,,,,,,,,,
2000,2000-11-11,Ipswich Town,Charlton Athletic,,,,,,,,,,,,
2000,2000-11-11,Leicester City,Newcastle United,,,,,,,,,,,,
2000,2000-11-11,Manchester United,Middlesbrough,,,,,,,,,,,,
2000,2000-11-11,Sunderland,Southampton,,,,,,,,,,,,
2000,2000-11-11,West Ham United,Manchester City,,,,,,,,,,,,
2000,2000-11-12,Chelsea,Leeds United,,,,,,,,,,,,
2000,2000-11-12,Liverpool,Coventry City,,,,,,,,,,,,
2000,2000-11-18,Charlton Athletic,Chelsea,,,,,,,,,,,,
2000,2000-11-18,Derby County,Bradford City,,,,,,,,,,,,
2000,2000-11-18,Everton,Arsenal,,,,,,,,,,,,
2000,2000-11-18,Leeds United,West Ham United,,,,,,,,,,,,
2000,2000-11-18,Manchester City,Manchester United,,,,,,,,,,,,
2000,2000-11-18,Middlesbrough,Leicester City,,,,,,,,,,,,
2000,2000-11-18,Newcastle United,Sunderland,,,,,,,,,,,,
2000,2000-11-18,Southampton,Aston Villa,,,,,,,,,,,,
2000,2000-11-19,Tottenham Hotspur,Liverpool,,,,,,,,,,,,
2000,2000-11-20,Coventry City,Ipswich Town,,,,,,,,,,,,
2000,2000-11-25,Charlton Athletic,Sunderland,,,,,,,,,,,,
2000,2000-11-25,Coventry City,Aston Villa,,,,,,,,,,,,
2000,2000-11-25,Derby County,Manchester United,,,,,,,,,,,,
2000,2000-11-25,Everton,Chelsea,,,,,,,,,,,,
2000,2000-11-25,Manchester City,Ipswich Town,,,,,,,,,,,,
2000,2000-11-25,Middlesbrough,Bradford City,,,,,,,,,,,,
2000,2000-11-25,Southampton,West Ham United,,,,,,,,,,,,
2000,2000-11-25,Tottenham Hotspur,Leicester City,,,,,,,,,,,,
2000,2000-11-26,Leeds United,Arsenal,,,,,,,,,,,,
2000,2000-11-26,Newcastle United,Liverpool,,,,,,,,,,,,
2000,2000-12-02,Arsenal,Southampton,,,,,,,,,,,,
2000,2000-12-02,Aston Villa,Newcastle United,,,,,,,,,,,,
2000,2000-12-02,Bradford City,Coventry City,,,,,,,,,,,,
2000,2000-12-02,Ipswich Town,Derby County,,,,,,,,,,,,
2000,2000-12-02,Leicester City,Leeds United,,,,,,,,,,,,
2000,2000-12-02,Liverpool,Charlton Athletic,,,,,,,,,,,,
2000,2000-12-02,Manchester United,Tottenham Hotspur,,,,,,,,,,,,
2000,2000-12-02,West Ham United,Middlesbrough,,,,,,,,,,,,
2000,2000-12-03,Chelsea,Manchester City,,,,,,,,,,,,
2000,2000-12-04,Sunderland,Everton,,,,,,,,,,,,
2000,2000-12-09,Arsenal,Newcastle United,,,,,,,,,,,,
2000,2000-12-09,Bradford City,Tottenham Hotspur,,,,,,,,,,,,
2000,2000-12-09,Charlton Athletic,Manchester United,,,,,,,,,,,,
2000,2000-12-09,Chelsea,Derby County,,,,,,,,,,,,
2000,2000-12-09,Manchester City,Everton,,,,,,,,,,,,
2000,2000-12-09,Southampton,Leeds United,,,,,,,,,,,,
2000,2000-12-09,Sunderland,Middlesbrough,,,,,,,,,,,,
2000,2000-12-09,West Ham United,Aston Villa,,,,,,,,,,,,
2000,2000-12-10,Coventry City,Leicester City,,,,,,,,,,,,
2000,2000-12-10,Liverpool,Ipswich Town,,,,,,,,,,,,
2000,2000-12-16,Aston Villa,Manchester City,,,,,,,,,,,,
2000,2000-12-16,Derby County,Coventry City,,,,,,,,,,,,
2000,2000-12-16,Everton,West Ham United,,,,,,,,,,,,
2000,2000-12-16,Ipswich Town,Southampton,,,,,,,,,,,,
2000,2000-12-16,Leeds United,Sunderland,,,,,,,,,,,,
2000,2000-12-16,Leicester City,Charlton Athletic,,,,,,,,,,,,
2000,2000-12-16,Middlesbrough,Chelsea,,,,,,,,,,,,
2000,2000-12-16,Newcastle United,Bradford City,,,,,,,,,,,,
2000,2000-12-17,Manchester United,Liverpool,,,,,,,,,,,,
2000,2000-12-18,Tottenham Hotspur,Arsenal,,,,,,,,,,,,
2000,2000-12-22,Coventry City,Southampton,,,,,,,,,,,,
2000,2000-12-23,Charlton Athletic,Everton,,,,,,,,,,,,
2000,2000-12-23,Chelsea,Bradford City,,,,,,,,,,,,
2000,2000-12-23,Derby County,Newcastle United,,,,,,,,,,,,
2000,2000-12-23,Leeds United,Aston Villa,,,,,,,,,,,,
2000,2000-12-23,Leicester City,West Ham United,,,,,,,,,,,,
2000,2000-12-23,Liverpool,Arsenal,,,,,,,,,,,,
2000,2000-12-23,Manchester United,Ipswich Town,,,,,,,,,,,,
2000,2000-12-23,Sunderland,Manchester City,,,,,,,,,,,,
2000,2000-12-23,Tottenham Hotspur,Middlesbrough,,,,,,,,,,,,
2000,2000-12-26,Arsenal,Leicester City,,,,,,,,,,,,
2000,2000-12-26,Aston Villa,Manchester United,,,,,,,,,,,,
2000,2000-12-26,Bradford City,Sunderland,,,,,,,,,,,,
2000,2000-12-26,Everton,Coventry City,,,,,,,,,,,,
2000,2000-12-26,Ipswich Town,Chelsea,,,,,,,,,,,,
2000,2000-12-26,Manchester City,Derby County,,,,,,,,,,,,
2000,2000-12-26,Middlesbrough,Liverpool,,,,,,,,,,,,
2000,2000-12-26,Newcastle United,Leeds United,,,,,,,,,,,,
2000,2000-12-26,West Ham United,Charlton Athletic,,,,,,,,,,,,
2000,2000-12-27,Southampton,Tottenham Hotspur,,,,,,,,,,,,
2000,2000-12-30,Arsenal,Sunderland,,,,,,,,,,,,
2000,2000-12-30,Ipswich Town,Tottenham Hotspur,,,,,,,,,,,,
2000,2000-12-30,Manchester City,Charlton Athletic,,,,,,,,,,,,
2000,2000-12-30,Middlesbrough,Coventry City,,,,,,,,,,,,
2000,2000-12-30,Newcastle United,Manchester United,,,,,,,,,,,,
2000,2000-12-30,Southampton,Derby County,,,,,,,,,,,,
2000,2001-01-01,Charlton Athletic,Arsenal,,,,,,,,,,,,
2000,2001-01-01,Chelsea,Aston Villa,,,,,,,,,,,,
2000,2001-01-01,Coventry City,Manchester City,,,,,,,,,,,,
2000,2001-01-01,Derby County,Everton,,,,,,,,,,,,
2000,2001-01-01,Leeds United,Middlesbrough,,,,,,,,,,,,
2000,2001-01-01,Leicester City,Bradford City,,,,,,,,,,,,
2000,2001-01-01,Liverpool,Southampton,,,,,,,,,,,,
2000,2001-01-01,Manchester United,West Ham United,,,,,,,,,,,,
2000,2001-01-01,Sunderland,Ipswich Town,,,,,,,,,,,,
2000,2001-01-02,Tottenham Hotspur,Newcastle United,,,,,,,,,,,,
2000,2001-01-13,Arsenal,Chelsea,,,,,,,,,,,,
2000,2001-01-13,Aston Villa,Liverpool,,,,,,,,,,,,
2000,2001-01-13,Bradford City,Manchester United,,,,,,,,,,,,
2000,2001-01-13,Everton,Tottenham Hotspur,,,,,,,,,,,,
2000,2001-01-13,Manchester City,Leeds United,,,,,,,,,,,,
2000,2001-01-13,Middlesbrough,Derby County,,,,,,,,,,,,
2000,2001-01-13,Newcastle United,Coventry City,,,,,,,,,,,,
2000,2001-01-13,Southampton,Charlton Athletic,,,,,,,,,,,,
2000,2001-01-13,West Ham United,Sunderland,,,,,,,,,,,,
2000,2001-01-14,Ipswich Town,Leicester City,,,,,,,,,,,,
2000,2001-01-20,Chelsea,Ipswich Town,,,,,,,,,,,,
2000,2001-01-20,Coventry City,Everton,,,,,,,,,,,,
2000,2001-01-20,Derby County,Manchester City,,,,,,,,,,,,
2000,2001-01-20,Leeds United,Newcastle United,,,,,,,,,,,,
2000,2001-01-20,Leicester City,Arsenal,,,,,,,,,,,,
2000,2001-01-20,Liverpool,Middlesbrough,,,,,,,,,,,,
2000,2001-01-20,Manchester United,Aston Villa,,,,,,,,,,,,
2000,2001-01-20,Tottenham Hotspur,Southampton,,,,,,,,,,,,
2000,2001-01-21,Sunderland,Bradford City,,,,,,,,,,,,
2000,2001-01-22,Charlton Athletic,West Ham United,,,,,,,,,,,,
2000,2001-01-24,Aston Villa,Leeds United,,,,,,,,,,,,
2000,2001-01-30,Arsenal,Bradford City,,,,,,,,,,,,
2000,2001-01-30,Charlton Athletic,Derby County,,,,,,,,,,,,
2000,2001-01-31,Chelsea,Newcastle United,,,,,,,,,,,,
2000,2001-01-31,Everton,Middlesbrough,,,,,,,,,,,,
2000,2001-01-31,Leeds United,Coventry City,,,,,,,,,,,,
2000,2001-01-31,Manchester City,Liverpool,,,,,,,,,,,,
2000,2001-01-31,Southampton,Leicester City,,,,,,,,,,,,
2000,2001-01-31,Sunderland,Manchester United,,,,,,,,,,,,
2000,2001-01-31,West Ham United,Tottenham Hotspur,,,,,,,,,,,,
2000,2001-02-03,Bradford City,Aston Villa,,,,,,,,,,,,
2000,2001-02-03,Coventry City,Arsenal,,,,,,,,,,,,
2000,2001-02-03,Derby County,Sunderland,,,,,,,,,,,,
2000,2001-02-03,Ipswich Town,Leeds United,,,,,,,,,,,,
2000,2001-02-03,Leicester City,Chelsea,,,,,,,,,,,,
2000,2001-02-03,Liverpool,West Ham United,,,,,,,,,,,,
2000,2001-02-03,Manchester United,Everton,,,,,,,,,,,,
2000,2001-02-03,Middlesbrough,Manchester City,,,,,,,,,,,,
2000,2001-02-03,Tottenham Hotspur,Charlton Athletic,,,,,,,,,,,,
2000,2001-02-07,Everton,Leeds United,,,,,,,,,,,,
2000,2001-02-10,Arsenal,Ipswich Town,,,,,,,,,,,,
2000,2001-02-10,Aston Villa,Middlesbrough,,,,,,,,,,,,
2000,2001-02-10,Chelsea,Manchester United,,,,,,,,,,,,
2000,2001-02-10,Everton,Leicester City,,,,,,,,,,,,
2000,2001-02-10,Leeds United,Derby County,,,,,,,,,,,,
2000,2001-02-10,Manchester City,Tottenham Hotspur,,,,,,,,,,,,
2000,2001-02-10,Southampton,Bradford City,,,,,,,,,,,,
2000,2001-02-10,Sunderland,Liverpool,,,,,,,,,,,,
2000,2001-02-11,Charlton Athletic,Newcastle United,,,,,,,,,,,,
2000,2001-02-12,West Ham United,Coventry City,,,,,,,,,,,,
2000,2001-02-24,Bradford City,West Ham United,,,,,,,,,,,,
2000,2001-02-24,Coventry City,Charlton Athletic,,,,,,,,,,,,
2000,2001-02-24,Derby County,Aston Villa,,,,,,,,,,,,
2000,2001-02-24,Ipswich Town,Everton,,,,,,,,,,,,
2000,2001-02-24,Leicester City,Sunderland,,,,,,,,,,,,
2000,2001-02-24,Middlesbrough,Southampton,,,,,,,,,,,,
2000,2001-02-24,Newcastle United,Manchester City,,,,,,,,,,,,
2000,2001-02-24,Tottenham Hotspur,Leeds United,,,,,,,,,,,,
2000,2001-02-25,Manchester United,Arsenal,,,,,,,,,,,,
2000,2001-03-03,Arsenal,West Ham United,,,,,,,,,,,,
2000,2001-03-03,Coventry City,Chelsea,,,,,,,,,,,,
2000,2001-03-03,Derby County,Tottenham Hotspur,,,,,,,,,,,,
2000,2001-03-03,Everton,Newcastle United,,,,,,,,,,,,
2000,2001-03-03,Leeds United,Manchester United,,,,,,,,,,,,
2000,2001-03-03,Leicester City,Liverpool,,,,,,,,,,,,
2000,2001-03-03,Manchester City,Southampton,,,,,,,,,,,,
2000,2001-03-03,Middlesbrough,Charlton Athletic,,,,,,,,,,,,
2000,2001-03-04,Ipswich Town,Bradford City,,,,,,,,,,,,
2000,2001-03-05,Sunderland,Aston Villa,,,,,,,,,,,,
2000,2001-03-07,West Ham United,Chelsea,,,,,,,,,,,,
2000,2001-03-10,Aston Villa,Ipswich Town,,,,,,,,,,,,
2000,2001-03-17,Bradford City,Manchester City,,,,,,,,,,,,
2000,2001-03-17,Charlton Athletic,Leeds United,,,,,,,,,,,,
2000,2001-03-17,Chelsea,Sunderland,,,,,,,,,,,,
2000,2001-03-17,Manchester United,Leicester City,,,,,,,,,,,,
2000,2001-03-17,Newcastle United,Middlesbrough,,,,,,,,,,,,
2000,2001-03-17,Southampton,Everton,,,,,,,,,,,,
2000,2001-03-17,Tottenham Hotspur,Coventry City,,,,,,,,,,,,
2000,2001-03-17,West Ham United,Ipswich Town,,,,,,,,,,,,
2000,2001-03-18,Aston Villa,Arsenal,,,,,,,,,,,,
2000,2001-03-18,Liverpool,Derby County,,,,,,,,,,,,
2000,2001-03-31,Arsenal,Tottenham Hotspur,,,,,,,,,,,,
2000,2001-03-31,Bradford City,Newcastle United,,,,,,,,,,,,
2000,2001-03-31,Chelsea,Middlesbrough,,,,,,,,,,,,
2000,2001-03-31,Coventry City,Derby County,,,,,,,,,,,,
2000,2001-03-31,Liverpool,Manchester United,,,,,,,,,,,,
2000,2001-03-31,Manchester City,Aston Villa,,,,,,,,,,,,
2000,2001-03-31,Sunderland,Leeds United,,,,,,,,,,,,
2000,2001-03-31,West Ham United,Everton,,,,,,,,,,,,
2000,2001-04-01,Charlton Athletic,Leicester City,,,,,,,,,,,,
2000,2001-04-02,Southampton,Ipswich Town,,,,,,,,,,,,
2000,2001-04-04,Aston Villa,Leicester City,,,,,,,,,,,,
2000,2001-04-07,Aston Villa,West Ham United,,,,,,,,,,,,
2000,2001-04-07,Derby County,Chelsea,,,,,,,,,,,,
2000,2001-04-07,Leeds United,Southampton,,,,,,,,,,,,
2000,2001-04-07,Leicester City,Coventry City,,,,,,,,,,,,
2000,2001-04-08,Everton,Manchester City,,,,,,,,,,,,
2000,2001-04-09,Middlesbrough,Sunderland,,,,,,,,,,,,
2000,2001-04-10,Ipswich Town,Liverpool,,,,,,,,,,,,
2000,2001-04-10,Manchester United,Charlton Athletic,,,,,,,,,,,,
2000,2001-04-10,Tottenham Hotspur,Bradford City,,,,,,,,,,,,
2000,2001-04-11,Manchester City,Arsenal,,,,,,,,,,,,
2000,2001-04-13,Bradford City,Charlton Athletic,,,,,,,,,,,,
2000,2001-04-13,Liverpool,Leeds United,,,,,,,,,,,,
2000,2001-04-14,Arsenal,Middlesbrough,,,,,,,,,,,,
2000,2001-04-14,Aston Villa,Everton,,,,,,,,,,,,
2000,2001-04-14,Chelsea,Southampton,,,,,,,,,,,,
2000,2001-04-14,Ipswich Town,Newcastle United,,,,,,,,,,,,
2000,2001-04-14,Leicester City,Manchester City,,,,,,,,,,,,
2000,2001-04-14,Manchester United,Coventry City,,,,,,,,,,,,
2000,2001-04-14,Sunderland,Tottenham Hotspur,,,,,,,,,,,,
2000,2001-04-14,West Ham United,Derby County,,,,,,,,,,,,
2000,2001-04-16,Coventry City,Sunderland,,,,,,,,,,,,
2000,2001-04-16,Derby County,Leicester City,,,,,,,,,,,,
2000,2001-04-16,Everton,Liverpool,,,,,,,,,,,,
2000,2001-04-16,Middlesbrough,Ipswich Town,,,,,,,,,,,,
2000,2001-04-16,Newcastle United,West Ham United,,,,,,,,,,,,
2000,2001-04-17,Charlton Athletic,Aston Villa,,,,,,,,,,,,
2000,2001-04-17,Tottenham Hotspur,Chelsea,,,,,,,,,,,,
2000,2001-04-21,Arsenal,Everton,,,,,,,,,,,,
2000,2001-04-21,Aston Villa,Southampton,,,,,,,,,,,,
2000,2001-04-21,Bradford City,Derby County,,,,,,,,,,,,
2000,2001-04-21,Chelsea,Charlton Athletic,,,,,,,,,,,,
2000,2001-04-21,Ipswich Town,Coventry City,,,,,,,,,,,,
2000,2001-04-21,Leicester City,Middlesbrough,,,,,,,,,,,,
2000,2001-04-21,Manchester United,Manchester City,,,,,,,,,,,,
2000,2001-04-21,Sunderland,Newcastle United,,,,,,,,,,,,
2000,2001-04-21,West Ham United,Leeds United,,,,,,,,,,,,
2000,2001-04-22,Liverpool,Tottenham Hotspur,,,,,,,,,,,,
2000,2001-04-28,Coventry City,Liverpool,,,,,,,,,,,,
2000,2001-04-28,Derby County,Arsenal,,,,,,,,,,,,
2000,2001-04-28,Everton,Bradford City,,,,,,,,,,,,
2000,2001-04-28,Leeds United,Chelsea,,,,,,,,,,,,
2000,2001-04-28,Manchester City,West Ham United,,,,,,,,,,,,
2000,2001-04-28,Middlesbrough,Manchester United,,,,,,,,,,,,
2000,2001-04-28,Newcastle United,Leicester City,,,,,,,,,,,,
2000,2001-04-28,Southampton,Sunderland,,,,,,,,,,,,
2000,2001-04-28,Tottenham Hotspur,Aston Villa,,,,,,,,,,,,
2000,2001-04-30,Charlton Athletic,Ipswich Town,,,,,,,,,,,,
2000,2001-05-01,Bradford City,Liverpool,,,,,,,,,,,,
2000,2001-05-01,Newcastle United,Southampton,,,,,,,,,,,,
2000,2001-05-05,Arsenal,Leeds United,,,,,,,,,,,,
2000,2001-05-05,Aston Villa,Coventry City,,,,,,,,,,,,
2000,2001-05-05,Bradford City,Middlesbrough,,,,,,,,,,,,
2000,2001-05-05,Chelsea,Everton,,,,,,,,,,,,
2000,2001-05-05,Leicester City,Tottenham Hotspur,,,,,,,,,,,,
2000,2001-05-05,Liverpool,Newcastle United,,,,,,,,,,,,
2000,2001-05-05,Manchester United,Derby County,,,,,,,,,,,,
2000,2001-05-05,Sunderland,Charlton Athletic,,,,,,,,,,,,
2000,2001-05-05,West Ham United,Southampton,,,,,,,,,,,,
2000,2001-05-07,Ipswich Town,Manchester City,,,,,,,,,,,,
2000,2001-05-08,Liverpool,Chelsea,,,,,,,,,,,,
2000,2001-05-13,Leeds United,Bradford City,,,,,,,,,,,,
2000,2001-05-13,Southampton,Manchester United,,,,,,,,,,,,
2000,2001-05-15,Newcastle United,Arsenal,,,,,,,,,,,,
2000,2001-05-19,Charlton Athletic,Liverpool,,,,,,,,,,,,
2000,2001-05-19,Coventry City,Bradford City,,,,,,,,,,,,
2000,2001-05-19,Derby County,Ipswich Town,,,,,,,,,,,,
2000,2001-05-19,Everton,Sunderland,,,,,,,,,,,,
2000,2001-05-19,Leeds United,Leicester City,,,,,,,,,,,,
2000,2001-05-19,Manchester City,Chelsea,,,,,,,,,,,,
2000,2001-05-19,Middlesbrough,West Ham United,,,,,,,,,,,,
2000,2001-05-19,Newcastle United,Aston Villa,,,,,,,,,,,,
2000,2001-05-19,Southampton,Arsenal,,,,,,,,,,,,
2000,2001-05-19,Tottenham Hotspur,Manchester United,,,,,,,,,,,,
2001,2001-08-18,Charlton Athletic,Everton,,,,,,,,,,,,
2001,2001-08-18,Derby County,Blackburn Rovers,,,,,,,,,,,,
2001,2001-08-18,Leeds United,Southampton,,,,,,,,,,,,
2001,2001-08-18,Leicester City,Bolton Wanderers,,,,,,,,,,,,
2001,2001-08-18,Liverpool,West Ham United,,,,,,,,,,,,
2001,2001-08-18,Middlesbrough,Arsenal,,,,,,,,,,,,
2001,2001-08-18,Sunderland,Ipswich Town,,,,,,,,,,,,
2001,2001-08-18,Tottenham Hotspur,Aston Villa,,,,,,,,,,,,
2001,2001-08-19,Chelsea,Newcastle United,,,,,,,,,,,,
2001,2001-08-19,Manchester United,Fulham,,,,,,,,,,,,
2001,2001-08-20,Everton,Tottenham Hotspur,,,,,,,,,,,,
2001,2001-08-21,Arsenal,Leeds United,,,,,,,,,,,,
2001,2001-08-21,Bolton Wanderers,Middlesbrough,,,,,,,,,,,,
2001,2001-08-21,Ipswich Town,Derby County,,,,,,,,,,,,
2001,2001-08-22,Blackburn Rovers,Manchester United,,,,,,,,,,,,
2001,2001-08-22,Fulham,Sunderland,,,,,,,,,,,,
2001,2001-08-25,Arsenal,Leicester City,,,,,,,,,,,,
2001,2001-08-25,Blackburn Rovers,Tottenham Hotspur,,,,,,,,,,,,
2001,2001-08-25,Everton,Middlesbrough,,,,,,,,,,,,
2001,2001-08-25,Fulham,Derby County,,,,,,,,,,,,
2001,2001-08-25,Ipswich Town,Charlton Athletic,,,,,,,,,,,,
2001,2001-08-25,Southampton,Chelsea,,,,,,,,,,,,
2001,2001-08-25,West Ham United,Leeds United,,,,,,,,,,,,
2001,2001-08-26,Aston Villa,Manchester United,,,,,,,,,,,,
2001,2001-08-26,Newcastle United,Sunderland,,,,,,,,,,,,
2001,2001-08-27,Bolton Wanderers,Liverpool,,,,,,,,,,,,
2001,2001-09-08,Chelsea,Arsenal,,,,,,,,,,,,
2001,2001-09-08,Derby County,West Ham United,,,,,,,,,,,,
2001,2001-09-08,Leeds United,Bolton Wanderers,,,,,,,,,,,,
2001,2001-09-08,Leicester City,Ipswich Town,,,,,,,,,,,,
2001,2001-09-08,Liverpool,Aston Villa,,,,,,,,,,,,
2001,2001-09-08,Manchester United,Everton,,,,,,,,,,,,
2001,2001-09-08,Middlesbrough,Newcastle United,,,,,,,,,,,,
2001,2001-09-08,Sunderland,Blackburn Rovers,,,,,,,,,,,,
2001,2001-09-09,Charlton Athletic,Fulham,,,,,,,,,,,,
2001,2001-09-09,Tottenham Hotspur,Southampton,,,,,,,,,,,,
2001,2001-09-15,Bolton Wanderers,Southampton,,,,,,,,,,,,
2001,2001-09-15,Derby County,Leicester City,,,,,,,,,,,,
2001,2001-09-15,Everton,Liverpool,,,,,,,,,,,,
2001,2001-09-15,Fulham,Arsenal,,,,,,,,,,,,
2001,2001-09-15,Middlesbrough,West Ham United,,,,,,,,,,,,
2001,2001-09-15,Newcastle United,Manchester United,,,,,,,,,,,,
2001,2001-09-16,Aston Villa,Sunderland,,,,,,,,,,,,
2001,2001-09-16,Charlton Athletic,Leeds United,,,,,,,,,,,,
2001,2001-09-16,Ipswich Town,Blackburn Rovers,,,,,,,,,,,,
2001,2001-09-16,Tottenham Hotspur,Chelsea,,,,,,,,,,,,
2001,2001-09-17,Leicester City,Middlesbrough,,,,,,,,,,,,
2001,2001-09-19,Blackburn Rovers,Bolton Wanderers,,,,,,,,,,,,
2001,2001-09-19,Sunderland,Tottenham Hotspur,,,,,,,,,,,,
2001,2001-09-22,Arsenal,Bolton Wanderers,,,,,,,,,,,,
2001,2001-09-22,Blackburn Rovers,Everton,,,,,,,,,,,,
2001,2001-09-22,Leicester City,Fulham,,,,,,,,,,,,
2001,2001-09-22,Liverpool,Tottenham Hotspur,,,,,,,,,,,,
2001,2001-09-22,Manchester United,Ipswich Town,,,,,,,,,,,,
2001,2001-09-22,Sunderland,Charlton Athletic,,,,,,,,,,,,
2001,2001-09-23,Chelsea,Middlesbrough,,,,,,,,,,,,
2001,2001-09-23,Leeds United,Derby County,,,,,,,,,,,,
2001,2001-09-23,West Ham United,Newcastle United,,,,,,,,,,,,
2001,2001-09-24,Southampton,Aston Villa,,,,,,,,,,,,
2001,2001-09-26,Newcastle United,Leicester City,,,,,,,,,,,,
2001,2001-09-29,Bolton Wanderers,Sunderland,,,,,,,,,,,,
2001,2001-09-29,Charlton Athletic,Leicester City,,,,,,,,,,,,
2001,2001-09-29,Derby County,Arsenal,,,,,,,,,,,,
2001,2001-09-29,Everton,West Ham United,,,,,,,,,,,,
2001,2001-09-29,Middlesbrough,Southampton,,,,,,,,,,,,
2001,2001-09-29,Tottenham Hotspur,Manchester United,,,,,,,,,,,,
2001,2001-09-30,Aston Villa,Blackburn Rovers,,,,,,,,,,,,
2001,2001-09-30,Fulham,Chelsea,,,,,,,,,,,,
2001,2001-09-30,Ipswich Town,Leeds United,,,,,,,,,,,,
2001,2001-09-30,Newcastle United,Liverpool,,,,,,,,,,,,
2001,2001-10-13,Bolton Wanderers,Newcastle United,,,,,,,,,,,,
2001,2001-10-13,Charlton Athletic,Middlesbrough,,,,,,,,,,,,
2001,2001-10-13,Chelsea,Leicester City,,,,,,,,,,,,
2001,2001-10-13,Ipswich Town,Everton,,,,,,,,,,,,
2001,2001-10-13,Liverpool,Leeds United,,,,,,,,,,,,
2001,2001-10-13,Southampton,Arsenal,,,,,,,,,,,,
2001,2001-10-13,Sunderland,Manchester United,,,,,,,,,,,,
2001,2001-10-14,Aston Villa,Fulham,,,,,,,,,,,,
2001,2001-10-14,Blackburn Rovers,West Ham United,,,,,,,,,,,,
2001,2001-10-15,Tottenham Hotspur,Derby County,,,,,,,,,,,,
2001,2001-10-20,Arsenal,Blackburn Rovers,,,,,,,,,,,,
2001,2001-10-20,Derby County,Charlton Athletic,,,,,,,,,,,,
2001,2001-10-20,Everton,Aston Villa,,,,,,,,,,,,
2001,2001-10-20,Leicester City,Liverpool,,,,,,,,,,,,
2001,2001-10-20,Manchester United,Bolton Wanderers,,,,,,,,,,,,
2001,2001-10-20,West Ham United,Southampton,,,,,,,,,,,,
2001,2001-10-21,Fulham,Ipswich Town,,,,,,,,,,,,
2001,2001-10-21,Leeds United,Chelsea,,,,,,,,,,,,
2001,2001-10-21,Newcastle United,Tottenham Hotspur,,,,,,,,,,,,
2001,2001-10-22,Middlesbrough,Sunderland,,,,,,,,,,,,
2001,2001-10-24,Aston Villa,Charlton Athletic,,,,,,,,,,,,
2001,2001-10-24,Southampton,Ipswich Town,,,,,,,,,,,,
2001,2001-10-24,West Ham United,Chelsea,,,,,,,,,,,,
2001,2001-10-27,Aston Villa,Bolton Wanderers,,,,,,,,,,,,
2001,2001-10-27,Charlton Athletic,Liverpool,,,,,,,,,,,,
2001,2001-10-27,Everton,Newcastle United,,,,,,,,,,,,
2001,2001-10-27,Fulham,Southampton,,,,,,,,,,,,
2001,2001-10-27,Manchester United,Leeds United,,,,,,,,,,,,
2001,2001-10-27,Sunderland,Arsenal,,,,,,,,,,,,
2001,2001-10-27,Tottenham Hotspur,Middlesbrough,,,,,,,,,,,,
2001,2001-10-28,Derby County,Chelsea,,,,,,,,,,,,
2001,2001-10-28,Ipswich Town,West Ham United,,,,,,,,,,,,
2001,2001-10-29,Blackburn Rovers,Leicester City,,,,,,,,,,,,
2001,2001-11-03,Bolton Wanderers,Everton,,,,,,,,,,,,
2001,2001-11-03,Leicester City,Sunderland,,,,,,,,,,,,
2001,2001-11-03,Middlesbrough,Derby County,,,,,,,,,,,,
2001,2001-11-03,Newcastle United,Aston Villa,,,,,,,,,,,,
2001,2001-11-03,Southampton,Blackburn Rovers,,,,,,,,,,,,
2001,2001-11-03,West Ham United,Fulham,,,,,,,,,,,,
2001,2001-11-04,Arsenal,Charlton Athletic,,,,,,,,,,,,
2001,2001-11-04,Chelsea,Ipswich Town,,,,,,,,,,,,
2001,2001-11-04,Leeds United,Tottenham Hotspur,,,,,,,,,,,,
2001,2001-11-04,Liverpool,Manchester United,,,,,,,,,,,,
2001,2001-11-17,Aston Villa,Middlesbrough,,,,,,,,,,,,
2001,2001-11-17,Blackburn Rovers,Liverpool,,,,,,,,,,,,
2001,2001-11-17,Derby County,Southampton,,,,,,,,,,,,
2001,2001-11-17,Fulham,Newcastle United,,,,,,,,,,,,
2001,2001-11-17,Manchester United,Leicester City,,,,,,,,,,,,
2001,2001-11-17,Tottenham Hotspur,Arsenal,,,,,,,,,,,,
2001,2001-11-18,Everton,Chelsea,,,,,,,,,,,,
2001,2001-11-18,Ipswich Town,Bolton Wanderers,,,,,,,,,,,,
2001,2001-11-18,Sunderland,Leeds United,,,,,,,,,,,,
2001,2001-11-19,Charlton Athletic,West Ham United,,,,,,,,,,,,
2001,2001-11-24,Bolton Wanderers,Fulham,,,,,,,,,,,,
2001,2001-11-24,Chelsea,Blackburn Rovers,,,,,,,,,,,,
2001,2001-11-24,Leicester City,Everton,,,,,,,,,,,,
2001,2001-11-24,Newcastle United,Derby County,,,,,,,,,,,,
2001,2001-11-24,Southampton,Charlton Athletic,,,,,,,,,,,,
2001,2001-11-24,West Ham United,Tottenham Hotspur,,,,,,,,,,,,
2001,2001-11-25,Arsenal,Manchester United,,,,,,,,,,,,
2001,2001-11-25,Leeds United,Aston Villa,,,,,,,,,,,,
2001,2001-11-25,Liverpool,Sunderland,,,,,,,,,,,,
2001,2001-11-25,Middlesbrough,Ipswich Town,,,,,,,,,,,,
2001,2001-12-01,Aston Villa,Leicester City,,,,,,,,,,,,
2001,2001-12-01,Blackburn Rovers,Middlesbrough,,,,,,,,,,,,
2001,2001-12-01,Charlton Athletic,Newcastle United,,,,,,,,,,,,
2001,2001-12-01,Derby County,Liverpool,,,,,,,,,,,,
2001,2001-12-01,Ipswich Town,Arsenal,,,,,,,,,,,,
2001,2001-12-01,Manchester United,Chelsea,,,,,,,,,,,,
2001,2001-12-01,Sunderland,West Ham United,,,,,,,,,,,,
2001,2001-12-02,Everton,Southampton,,,,,,,,,,,,
2001,2001-12-02,Fulham,Leeds United,,,,,,,,,,,,
2001,2001-12-03,Tottenham Hotspur,Bolton Wanderers,,,,,,,,,,,,
2001,2001-12-05,Chelsea,Charlton Athletic,,,,,,,,,,,,
2001,2001-12-05,West Ham United,Aston Villa,,,,,,,,,,,,
2001,2001-12-08,Charlton Athletic,Tottenham Hotspur,,,,,,,,,,,,
2001,2001-12-08,Derby County,Bolton Wanderers,,,,,,,,,,,,
2001,2001-12-08,Fulham,Everton,,,,,,,,,,,,
2001,2001-12-08,Leicester City,Southampton,,,,,,,,,,,,
2001,2001-12-08,Liverpool,Middlesbrough,,,,,,,,,,,,
2001,2001-12-08,Manchester United,West Ham United,,,,,,,,,,,,
2001,2001-12-09,Arsenal,Aston Villa,,,,,,,,,,,,
2001,2001-12-09,Blackburn Rovers,Leeds United,,,,,,,,,,,,
2001,2001-12-09,Ipswich Town,Newcastle United,,,,,,,,,,,,
2001,2001-12-09,Sunderland,Chelsea,,,,,,,,,,,,
2001,2001-12-12,Liverpool,Fulham,,,,,,,,,,,,
2001,2001-12-12,Manchester United,Derby County,,,,,,,,,,,,
2001,2001-12-15,Bolton Wanderers,Charlton Athletic,,,,,,,,,,,,
2001,2001-12-15,Everton,Derby County,,,,,,,,,,,,
2001,2001-12-15,Middlesbrough,Manchester United,,,,,,,,,,,,
2001,2001-12-15,Newcastle United,Blackburn Rovers,,,,,,,,,,,,
2001,2001-12-15,Southampton,Sunderland,,,,,,,,,,,,
2001,2001-12-15,Tottenham Hotspur,Fulham,,,,,,,,,,,,
2001,2001-12-15,West Ham United,Arsenal,,,,,,,,,,,,
2001,2001-12-16,Chelsea,Liverpool,,,,,,,,,,,,
2001,2001-12-16,Leeds United,Leicester City,,,,,,,,,,,,
2001,2001-12-17,Aston Villa,Ipswich Town,,,,,,,,,,,,
2001,2001-12-18,Arsenal,Newcastle United,,,,,,,,,,,,
2001,2001-12-19,Leeds United,Everton,,,,,,,,,,,,
2001,2001-12-22,Charlton Athletic,Blackburn Rovers,,,,,,,,,,,,
2001,2001-12-22,Derby County,Aston Villa,,,,,,,,,,,,
2001,2001-12-22,Leeds United,Newcastle United,,,,,,,,,,,,
2001,2001-12-22,Leicester City,West Ham United,,,,,,,,,,,,
2001,2001-12-22,Manchester United,Southampton,,,,,,,,,,,,
2001,2001-12-22,Sunderland,Everton,,,,,,,,,,,,
2001,2001-12-22,Tottenham Hotspur,Ipswich Town,,,,,,,,,,,,
2001,2001-12-23,Chelsea,Bolton Wanderers,,,,,,,,,,,,
2001,2001-12-23,Liverpool,Arsenal,,,,,,,,,,,,
2001,2001-12-26,Arsenal,Chelsea,,,,,,,,,,,,
2001,2001-12-26,Aston Villa,Liverpool,,,,,,,,,,,,
2001,2001-12-26,Blackburn Rovers,Sunderland,,,,,,,,,,,,
2001,2001-12-26,Bolton Wanderers,Leeds United,,,,,,,,,,,,
2001,2001-12-26,Everton,Manchester United,,,,,,,,,,,,
2001,2001-12-26,Fulham,Charlton Athletic,,,,,,,,,,,,
2001,2001-12-26,Ipswich Town,Leicester City,,,,,,,,,,,,
2001,2001-12-26,Newcastle United,Middlesbrough,,,,,,,,,,,,
2001,2001-12-26,Southampton,Tottenham Hotspur,,,,,,,,,,,,
2001,2001-12-26,West Ham United,Derby County,,,,,,,,,,,,
2001,2001-12-29,Arsenal,Middlesbrough,,,,,,,,,,,,
2001,2001-12-29,Aston Villa,Tottenham Hotspur,,,,,,,,,,,,
2001,2001-12-29,Blackburn Rovers,Derby County,,,,,,,,,,,,
2001,2001-12-29,Bolton Wanderers,Leicester City,,,,,,,,,,,,
2001,2001-12-29,Everton,Charlton Athletic,,,,,,,,,,,,
2001,2001-12-29,Ipswich Town,Sunderland,,,,,,,,,,,,
2001,2001-12-29,Newcastle United,Chelsea,,,,,,,,,,,,
2001,2001-12-29,Southampton,Leeds United,,,,,,,,,,,,
2001,2001-12-29,West Ham United,Liverpool,,,,,,,,,,,,
2001,2001-12-30,Fulham,Manchester United,,,,,,,,,,,,
2001,2002-01-01,Charlton Athletic,Ipswich Town,,,,,,,,,,,,
2001,2002-01-01,Chelsea,Southampton,,,,,,,,,,,,
2001,2002-01-01,Leeds United,West Ham United,,,,,,,,,,,,
2001,2002-01-01,Liverpool,Bolton Wanderers,,,,,,,,,,,,
2001,2002-01-01,Middlesbrough,Everton,,,,,,,,,,,,
2001,2002-01-01,Sunderland,Aston Villa,,,,,,,,,,,,
2001,2002-01-01,Tottenham Hotspur,Blackburn Rovers,,,,,,,,,,,,
2001,2002-01-02,Derby County,Fulham,,,,,,,,,,,,
2001,2002-01-02,Manchester United,Newcastle United,,,,,,,,,,,,
2001,2002-01-09,Southampton,Liverpool,,,,,,,,,,,,
2001,2002-01-12,Aston Villa,Derby County,,,,,,,,,,,,
2001,2002-01-12,Blackburn Rovers,Charlton Athletic,,,,,,,,,,,,
2001,2002-01-12,Bolton Wanderers,Chelsea,,,,,,,,,,,,
2001,2002-01-12,Everton,Sunderland,,,,,,,,,,,,
2001,2002-01-12,Fulham,Middlesbrough,,,,,,,,,,,,
2001,2002-01-12,Ipswich Town,Tottenham Hotspur,,,,,,,,,,,,
2001,2002-01-12,Newcastle United,Leeds United,,,,,,,,,,,,
2001,2002-01-12,West Ham United,Leicester City,,,,,,,,,,,,
2001,2002-01-13,Arsenal,Liverpool,,,,,,,,,,,,
2001,2002-01-13,Southampton,Manchester United,,,,,,,,,,,,
2001,2002-01-19,Derby County,Ipswich Town,,,,,,,,,,,,
2001,2002-01-19,Leicester City,Newcastle United,,,,,,,,,,,,
2001,2002-01-19,Liverpool,Southampton,,,,,,,,,,,,
2001,2002-01-19,Manchester United,Blackburn Rovers,,,,,,,,,,,,
2001,2002-01-19,Middlesbrough,Bolton Wanderers,,,,,,,,,,,,
2001,2002-01-19,Sunderland,Fulham,,,,,,,,,,,,
2001,2002-01-19,Tottenham Hotspur,Everton,,,,,,,,,,,,
2001,2002-01-20,Chelsea,West Ham United,,,,,,,,,,,,
2001,2002-01-20,Leeds United,Arsenal,,,,,,,,,,,,
2001,2002-01-21,Charlton Athletic,Aston Villa,,,,,,,,,,,,
2001,2002-01-22,Manchester United,Liverpool,,,,,,,,,,,,
2001,2002-01-23,Leicester City,Arsenal,,,,,,,,,,,,
2001,2002-01-29,Bolton Wanderers,Manchester United,,,,,,,,,,,,
2001,2002-01-29,Charlton Athletic,Derby County,,,,,,,,,,,,
2001,2002-01-29,Sunderland,Middlesbrough,,,,,,,,,,,,
2001,2002-01-30,Aston Villa,Everton,,,,,,,,,,,,
2001,2002-01-30,Blackburn Rovers,Arsenal,,,,,,,,,,,,
2001,2002-01-30,Chelsea,Leeds United,,,,,,,,,,,,
2001,2002-01-30,Ipswich Town,Fulham,,,,,,,,,,,,
2001,2002-01-30,Liverpool,Leicester City,,,,,,,,,,,,
2001,2002-01-30,Southampton,West Ham United,,,,,,,,,,,,
2001,2002-01-30,Tottenham Hotspur,Newcastle United,,,,,,,,,,,,
2001,2002-02-02,Arsenal,Southampton,,,,,,,,,,,,
2001,2002-02-02,Derby County,Tottenham Hotspur,,,,,,,,,,,,
2001,2002-02-02,Everton,Ipswich Town,,,,,,,,,,,,
2001,2002-02-02,Fulham,Aston Villa,,,,,,,,,,,,
2001,2002-02-02,Leicester City,Chelsea,,,,,,,,,,,,
2001,2002-02-02,Manchester United,Sunderland,,,,,,,,,,,,
2001,2002-02-02,Newcastle United,Bolton Wanderers,,,,,,,,,,,,
2001,2002-02-02,West Ham United,Blackburn Rovers,,,,,,,,,,,,
2001,2002-02-03,Leeds United,Liverpool,,,,,,,,,,,,
2001,2002-02-03,Middlesbrough,Charlton Athletic,,,,,,,,,,,,
2001,2002-02-09,Aston Villa,Chelsea,,,,,,,,,,,,
2001,2002-02-09,Bolton Wanderers,West Ham United,,,,,,,,,,,,
2001,2002-02-09,Derby County,Sunderland,,,,,,,,,,,,
2001,2002-02-09,Fulham,Blackburn Rovers,,,,,,,,,,,,
2001,2002-02-09,Ipswich Town,Liverpool,,,,,,,,,,,,
2001,2002-02-09,Middlesbrough,Leeds United,,,,,,,,,,,,
2001,2002-02-09,Newcastle United,Southampton,,,,,,,,,,,,
2001,2002-02-09,Tottenham Hotspur,Leicester City,,,,,,,,,,,,
2001,2002-02-10,Charlton Athletic,Manchester United,,,,,,,,,,,,
2001,2002-02-10,Everton,Arsenal,,,,,,,,,,,,
2001,2002-02-19,Middlesbrough,Fulham,,,,,,,,,,,,
2001,2002-02-23,Arsenal,Fulham,,,,,,,,,,,,
2001,2002-02-23,Leicester City,Derby County,,,,,,,,,,,,
2001,2002-02-23,Liverpool,Everton,,,,,,,,,,,,
2001,2002-02-23,Manchester United,Aston Villa,,,,,,,,,,,,
2001,2002-02-23,Southampton,Bolton Wanderers,,,,,,,,,,,,
2001,2002-02-23,West Ham United,Middlesbrough,,,,,,,,,,,,
2001,2002-02-24,Leeds United,Charlton Athletic,,,,,,,,,,,,
2001,2002-02-24,Sunderland,Newcastle United,,,,,,,,,,,,
2001,2002-03-02,Aston Villa,West Ham United,,,,,,,,,,,,
2001,2002-03-02,Bolton Wanderers,Blackburn Rovers,,,,,,,,,,,,
2001,2002-03-02,Charlton Athletic,Chelsea,,,,,,,,,,,,
2001,2002-03-02,Fulham,Liverpool,,,,,,,,,,,,
2001,2002-03-02,Ipswich Town,Southampton,,,,,,,,,,,,
2001,2002-03-02,Middlesbrough,Leicester City,,,,,,,,,,,,
2001,2002-03-02,Newcastle United,Arsenal,,,,,,,,,,,,
2001,2002-03-02,Tottenham Hotspur,Sunderland,,,,,,,,,,,,
2001,2002-03-03,Derby County,Manchester United,,,,,,,,,,,,
2001,2002-03-03,Everton,Leeds United,,,,,,,,,,,,
2001,2002-03-05,Arsenal,Derby County,,,,,,,,,,,,
2001,2002-03-05,Blackburn Rovers,Aston Villa,,,,,,,,,,,,
2001,2002-03-05,Sunderland,Bolton Wanderers,,,,,,,,,,,,
2001,2002-03-06,Chelsea,Fulham,,,,,,,,,,,,
2001,2002-03-06,Leeds United,Ipswich Town,,,,,,,,,,,,
2001,2002-03-06,Liverpool,Newcastle United,,,,,,,,,,,,
2001,2002-03-06,Manchester United,Tottenham Hotspur,,,,,,,,,,,,
2001,2002-03-06,Southampton,Middlesbrough,,,,,,,,,,,,
2001,2002-03-06,West Ham United,Everton,,,,,,,,,,,,
2001,2002-03-09,Leicester City,Charlton Athletic,,,,,,,,,,,,
2001,2002-03-13,Blackburn Rovers,Ipswich Town,,,,,,,,,,,,
2001,2002-03-13,Chelsea,Tottenham Hotspur,,,,,,,,,,,,
2001,2002-03-16,Bolton Wanderers,Derby County,,,,,,,,,,,,
2001,2002-03-16,Chelsea,Sunderland,,,,,,,,,,,,
2001,2002-03-16,Everton,Fulham,,,,,,,,,,,,
2001,2002-03-16,Middlesbrough,Liverpool,,,,,,,,,,,,
2001,2002-03-16,Newcastle United,Ipswich Town,,,,,,,,,,,,
2001,2002-03-16,Southampton,Leicester City,,,,,,,,,,,,
2001,2002-03-16,West Ham United,Manchester United,,,,,,,,,,,,
2001,2002-03-17,Aston Villa,Arsenal,,,,,,,,,,,,
2001,2002-03-17,Leeds United,Blackburn Rovers,,,,,,,,,,,,
2001,2002-03-18,Tottenham Hotspur,Charlton Athletic,,,,,,,,,,,,
2001,2002-03-23,Charlton Athletic,Bolton Wanderers,,,,,,,,,,,,
2001,2002-03-23,Derby County,Everton,,,,,,,,,,,,
2001,2002-03-23,Ipswich Town,Aston Villa,,,,,,,,,,,,
2001,2002-03-23,Leicester City,Leeds United,,,,,,,,,,,,
2001,2002-03-23,Manchester United,Middlesbrough,,,,,,,,,,,,
2001,2002-03-23,Sunderland,Southampton,,,,,,,,,,,,
2001,2002-03-24,Fulham,Tottenham Hotspur,,,,,,,,,,,,
2001,2002-03-24,Liverpool,Chelsea,,,,,,,,,,,,
2001,2002-03-29,Newcastle United,Everton,,,,,,,,,,,,
2001,2002-03-30,Arsenal,Sunderland,,,,,,,,,,,,
2001,2002-03-30,Bolton Wanderers,Aston Villa,,,,,,,,,,,,
2001,2002-03-30,Chelsea,Derby County,,,,,,,,,,,,
2001,2002-03-30,Leeds United,Manchester United,,,,,,,,,,,,
2001,2002-03-30,Leicester City,Blackburn Rovers,,,,,,,,,,,,
2001,2002-03-30,Liverpool,Charlton Athletic,,,,,,,,,,,,
2001,2002-03-30,Middlesbrough,Tottenham Hotspur,,,,,,,,,,,,
2001,2002-03-30,Southampton,Fulham,,,,,,,,,,,,
2001,2002-03-30,West Ham United,Ipswich Town,,,,,,,,,,,,
2001,2002-04-01,Blackburn Rovers,Southampton,,,,,,,,,,,,
2001,2002-04-01,Charlton Athletic,Arsenal,,,,,,,,,,,,
2001,2002-04-01,Derby County,Middlesbrough,,,,,,,,,,,,
2001,2002-04-01,Everton,Bolton Wanderers,,,,,,,,,,,,
2001,2002-04-01,Fulham,West Ham United,,,,,,,,,,,,
2001,2002-04-01,Ipswich Town,Chelsea,,,,,,,,,,,,
2001,2002-04-01,Sunderland,Leicester City,,,,,,,,,,,,
2001,2002-04-01,Tottenham Hotspur,Leeds United,,,,,,,,,,,,
2001,2002-04-02,Aston Villa,Newcastle United,,,,,,,,,,,,
2001,2002-04-06,Arsenal,Tottenham Hotspur,,,,,,,,,,,,
2001,2002-04-06,Bolton Wanderers,Ipswich Town,,,,,,,,,,,,
2001,2002-04-06,Chelsea,Everton,,,,,,,,,,,,
2001,2002-04-06,Leicester City,Manchester United,,,,,,,,,,,,
2001,2002-04-06,Middlesbrough,Aston Villa,,,,,,,,,,,,
2001,2002-04-06,Southampton,Derby County,,,,,,,,,,,,
2001,2002-04-06,West Ham United,Charlton Athletic,,,,,,,,,,,,
2001,2002-04-07,Leeds United,Sunderland,,,,,,,,,,,,
2001,2002-04-08,Newcastle United,Fulham,,,,,,,,,,,,
2001,2002-04-10,Blackburn Rovers,Chelsea,,,,,,,,,,,,
2001,2002-04-13,Aston Villa,Leeds United,,,,,,,,,,,,
2001,2002-04-13,Charlton Athletic,Southampton,,,,,,,,,,,,
2001,2002-04-13,Derby County,Newcastle United,,,,,,,,,,,,
2001,2002-04-13,Everton,Leicester City,,,,,,,,,,,,
2001,2002-04-13,Sunderland,Liverpool,,,,,,,,,,,,
2001,2002-04-13,Tottenham Hotspur,West Ham United,,,,,,,,,,,,
2001,2002-04-20,Bolton Wanderers,Tottenham Hotspur,,,,,,,,,,,,
2001,2002-04-20,Chelsea,Manchester United,,,,,,,,,,,,
2001,2002-04-20,Leeds United,Fulham,,,,,,,,,,,,
2001,2002-04-20,Leicester City,Aston Villa,,,,,,,,,,,,
2001,2002-04-20,Liverpool,Derby County,,,,,,,,,,,,
2001,2002-04-20,Middlesbrough,Blackburn Rovers,,,,,,,,,,,,
2001,2002-04-20,Newcastle United,Charlton Athletic,,,,,,,,,,,,
2001,2002-04-20,Southampton,Everton,,,,,,,,,,,,
2001,2002-04-20,West Ham United,Sunderland,,,,,,,,,,,,
2001,2002-04-21,Arsenal,Ipswich Town,,,,,,,,,,,,
2001,2002-04-23,Blackburn Rovers,Newcastle United,,,,,,,,,,,,
2001,2002-04-23,Fulham,Bolton Wanderers,,,,,,,,,,,,
2001,2002-04-24,Arsenal,West Ham United,,,,,,,,,,,,
2001,2002-04-24,Ipswich Town,Middlesbrough,,,,,,,,,,,,
2001,2002-04-27,Aston Villa,Southampton,,,,,,,,,,,,
2001,2002-04-27,Charlton Athletic,Sunderland,,,,,,,,,,,,
2001,2002-04-27,Derby County,Leeds United,,,,,,,,,,,,
2001,2002-04-27,Fulham,Leicester City,,,,,,,,,,,,
2001,2002-04-27,Ipswich Town,Manchester United,,,,,,,,,,,,
2001,2002-04-27,Middlesbrough,Chelsea,,,,,,,,,,,,
2001,2002-04-27,Newcastle United,West Ham United,,,,,,,,,,,,
2001,2002-04-27,Tottenham Hotspur,Liverpool,,,,,,,,,,,,
2001,2002-04-28,Everton,Blackburn Rovers,,,,,,,,,,,,
2001,2002-04-29,Bolton Wanderers,Arsenal,,,,,,,,,,,,
2001,2002-05-08,Liverpool,Blackburn Rovers,,,,,,,,,,,,
2001,2002-05-08,Manchester United,Arsenal,,,,,,,,,,,,
2001,2002-05-11,Arsenal,Everton,,,,,,,,,,,,
2001,2002-05-11,Blackburn Rovers,Fulham,,,,,,,,,,,,
2001,2002-05-11,Chelsea,Aston Villa,,,,,,,,,,,,
2001,2002-05-11,Leeds United,Middlesbrough,,,,,,,,,,,,
2001,2002-05-11,Leicester City,Tottenham Hotspur,,,,,,,,,,,,
2001,2002-05-11,Liverpool,Ipswich Town,,,,,,,,,,,,
2001,2002-05-11,Manchester United,Charlton Athletic,,,,,,,,,,,,
2001,2002-05-11,Southampton,Newcastle United,,,,,,,,,,,,
2001,2002-05-11,Sunderland,Derby County,,,,,,,,,,,,
2001,2002-05-11,West Ham United,Bolton Wanderers,,,,,,,,,,,,
2002,2002-08-17,Blackburn Rovers,Sunderland,1.727,3.25,4.333,,,,,,,,,
2002,2002-08-17,Charlton Athletic,Chelsea,2.8,3.25,2.2,,,,,,,,,
2002,2002-08-17,Everton,Tottenham Hotspur,2.25,3.25,2.75,,,,,,,,,
2002,2002-08-17,Fulham,Bolton Wanderers,1.727,3.25,4.333,,,,,,,,,
2002,2002-08-17,Leeds United,Manchester City,1.667,3.4,4.5,,,,,,,,,
2002,2002-08-17,Manchester United,West Bromwich Albion,1.2,5.0,12.0,,,,,,,,,
2002,2002-08-17,Southampton,Middlesbrough,2.25,3.25,2.75,,,,,,,,,
2002,2002-08-18,Arsenal,Birmingham City,1.222,5.0,10.0,,,,,,,,,
2002,2002-08-18,Aston Villa,Liverpool,3.0,3.25,2.1,,,,,,,,,
2002,2002-08-19,Newcastle United,West Ham United,1.571,3.4,5.5,,,,,,,,,
2002,2002-08-23,Chelsea,Manchester United,2.75,3.25,2.25,,,,,,,,,
2002,2002-08-24,Birmingham City,Blackburn Rovers,2.625,3.2,2.375,,,,,,,,,
2002,2002-08-24,Bolton Wanderers,Charlton Athletic,2.1,3.25,3.0,,,,,,,,,
2002,2002-08-24,Liverpool,Southampton,1.333,4.333,7.5,,,,,,,,,
2002,2002-08-24,Manchester City,Newcastle United,2.5,3.2,2.5,,,,,,,,,
2002,2002-08-24,Middlesbrough,Fulham,2.0,3.25,3.25,,,,,,,,,
2002,2002-08-24,Sunderland,Everton,2.1,3.0,3.25,,,,,,,,,
2002,2002-08-24,Tottenham Hotspur,Aston Villa,1.833,3.25,3.75,,,,,,,,,
2002,2002-08-24,West Bromwich Albion,Leeds United,3.75,3.25,1.833,,,,,,,,,
2002,2002-08-24,West Ham United,Arsenal,4.0,3.5,1.727,,,,,,,,,
2002,2002-08-27,Arsenal,West Bromwich Albion,1.17,5.5,13.0,,,,,,,,,
2002,2002-08-27,Charlton Athletic,Tottenham Hotspur,2.4,3.2,2.6,,,,,,,,,
2002,2002-08-28,Aston Villa,Manchester City,2.2,3.25,2.8,,,,,,,,,
2002,2002-08-28,Blackburn Rovers,Liverpool,3.0,3.25,2.1,,,,,,,,,
2002,2002-08-28,Everton,Birmingham City,1.67,3.4,4.5,,,,,,,,,
2002,2002-08-28,Leeds United,Sunderland,1.5,3.4,6.5,,,,,,,,,
2002,2002-08-28,Southampton,Chelsea,3.0,3.25,2.1,,,,,,,,,
2002,2002-08-31,Birmingham City,Leeds United,4.0,3.25,1.8,,,,,,,,,
2002,2002-08-31,Manchester City,Everton,1.727,3.25,4.333,,,,,,,,,
2002,2002-08-31,Middlesbrough,Blackburn Rovers,2.2,3.25,2.8,,,,,,,,,
2002,2002-08-31,Sunderland,Manchester United,5.0,3.4,1.615,,,,,,,,,
2002,2002-08-31,Tottenham Hotspur,Southampton,1.667,3.4,4.5,,,,,,,,,
2002,2002-08-31,West Bromwich Albion,Fulham,2.625,3.2,2.375,,,,,,,,,
2002,2002-08-31,West Ham United,Charlton Athletic,1.727,3.5,4.0,,,,,,,,,
2002,2002-09-01,Bolton Wanderers,Aston Villa,2.5,3.0,2.625,,,,,,,,,
2002,2002-09-01,Chelsea,Arsenal,3.0,3.0,2.25,,,,,,,,,
2002,2002-09-02,Liverpool,Newcastle United,1.615,3.4,5.0,,,,,,,,,
2002,2002-09-03,Manchester United,Middlesbrough,1.333,4.0,9.0,,,,,,,,,
2002,2002-09-10,Arsenal,Manchester City,1.333,4.333,7.5,,,,,,,,,
2002,2002-09-10,Middlesbrough,Sunderland,2.1,3.0,3.25,,,,,,,,,
2002,2002-09-11,Aston Villa,Charlton Athletic,1.8,3.25,4.0,,,,,,,,,
2002,2002-09-11,Blackburn Rovers,Chelsea,2.5,3.2,2.5,,,,,,,,,
2002,2002-09-11,Fulham,Tottenham Hotspur,2.375,3.2,2.625,,,,,,,,,
2002,2002-09-11,Liverpool,Birmingham City,1.25,4.5,11.0,,,,,,,,,
2002,2002-09-11,Manchester United,Bolton Wanderers,1.2,5.5,10.0,,,,,,,,,
2002,2002-09-11,Newcastle United,Leeds United,2.1,3.25,3.0,,,,,,,,,
2002,2002-09-11,Southampton,Everton,2.0,3.25,3.25,,,,,,,,,
2002,2002-09-11,West Ham United,West Bromwich Albion,1.571,3.4,5.5,,,,,,,,,
2002,2002-09-14,Bolton Wanderers,Liverpool,4.333,3.25,1.727,,,,,,,,,
2002,2002-09-14,Charlton Athletic,Arsenal,5.0,3.4,1.615,,,,,,,,,
2002,2002-09-14,Chelsea,Newcastle United,1.909,3.25,3.5,,,,,,,,,
2002,2002-09-14,Everton,Middlesbrough,2.3,3.2,2.7,,,,,,,,,
2002,2002-09-14,Leeds United,Manchester United,2.75,3.0,2.375,,,,,,,,,
2002,2002-09-14,Sunderland,Fulham,2.1,3.25,3.0,,,,,,,,,
2002,2002-09-14,West Bromwich Albion,Southampton,2.25,3.25,2.75,,,,,,,,,
2002,2002-09-15,Manchester City,Blackburn Rovers,1.909,3.25,3.5,,,,,,,,,
2002,2002-09-15,Tottenham Hotspur,West Ham United,1.667,3.4,4.5,,,,,,,,,
2002,2002-09-16,Birmingham City,Aston Villa,2.5,3.0,2.625,,,,,,,,,
2002,2002-09-21,Arsenal,Bolton Wanderers,1.2,5.5,10.0,,,,,,,,,
2002,2002-09-21,Liverpool,West Bromwich Albion,1.25,4.5,11.0,,,,,,,,,
2002,2002-09-21,Manchester United,Tottenham Hotspur,1.444,3.75,6.5,,,,,,,,,
2002,2002-09-21,Middlesbrough,Birmingham City,1.667,3.4,4.5,,,,,,,,,
2002,2002-09-21,Newcastle United,Sunderland,1.727,3.2,4.5,,,,,,,,,
2002,2002-09-21,Southampton,Charlton Athletic,2.0,3.25,3.25,,,,,,,,,
2002,2002-09-21,West Ham United,Manchester City,2.1,3.25,3.0,,,,,,,,,
2002,2002-09-22,Aston Villa,Everton,1.833,3.25,3.75,,,,,,,,,
2002,2002-09-22,Blackburn Rovers,Leeds United,2.75,3.25,2.25,,,,,,,,,
2002,2002-09-23,Fulham,Chelsea,2.625,3.0,2.5,,,,,,,,,
2002,2002-09-28,Birmingham City,Newcastle United,2.625,3.2,2.375,,,,,,,,,
2002,2002-09-28,Bolton Wanderers,Southampton,2.0,3.25,3.25,,,,,,,,,
2002,2002-09-28,Charlton Athletic,Manchester United,4.5,3.4,1.667,,,,,,,,,
2002,2002-09-28,Chelsea,West Ham United,1.571,3.4,5.5,,,,,,,,,
2002,2002-09-28,Everton,Fulham,2.25,3.25,2.75,,,,,,,,,
2002,2002-09-28,Leeds United,Arsenal,3.0,3.25,2.1,,,,,,,,,
2002,2002-09-28,Manchester City,Liverpool,2.8,3.25,2.2,,,,,,,,,
2002,2002-09-28,Sunderland,Aston Villa,2.375,3.0,2.75,,,,,,,,,
2002,2002-09-28,Tottenham Hotspur,Middlesbrough,1.833,3.25,3.75,,,,,,,,,
2002,2002-09-30,West Bromwich Albion,Blackburn Rovers,2.6,3.2,2.4,,,,,,,,,
2002,2002-10-05,Middlesbrough,Bolton Wanderers,1.533,3.5,5.5,,,,,,,,,
2002,2002-10-05,Newcastle United,West Bromwich Albion,1.4,3.75,7.5,,,,,,,,,
2002,2002-10-05,Southampton,Manchester City,2.3,3.2,2.7,,,,,,,,,
2002,2002-10-05,West Ham United,Birmingham City,1.727,3.25,4.333,,,,,,,,,
2002,2002-10-06,Arsenal,Sunderland,1.167,5.5,13.0,,,,,,,,,
2002,2002-10-06,Aston Villa,Leeds United,2.6,3.2,2.4,,,,,,,,,
2002,2002-10-06,Blackburn Rovers,Tottenham Hotspur,2.1,3.25,3.0,,,,,,,,,
2002,2002-10-06,Fulham,Charlton Athletic,1.667,3.4,4.5,,,,,,,,,
2002,2002-10-06,Liverpool,Chelsea,1.727,3.25,4.333,,,,,,,,,
2002,2002-10-07,Manchester United,Everton,1.3,4.5,8.0,,,,,,,,,
2002,2002-10-19,Blackburn Rovers,Newcastle United,2.3,3.2,2.7,,,,,,,,,
2002,2002-10-19,Everton,Arsenal,5.5,3.5,1.533,,,,,,,,,
2002,2002-10-19,Fulham,Manchester United,4.333,3.25,1.727,,,,,,,,,
2002,2002-10-19,Leeds United,Liverpool,2.75,3.0,2.375,,,,,,,,,
2002,2002-10-19,Manchester City,Chelsea,2.6,3.2,2.4,,,,,,,,,
2002,2002-10-19,Sunderland,West Ham United,2.0,3.25,3.25,,,,,,,,,
2002,2002-10-19,West Bromwich Albion,Birmingham City,2.375,3.0,2.75,,,,,,,,,
2002,2002-10-20,Charlton Athletic,Middlesbrough,2.8,3.2,2.25,,,,,,,,,
2002,2002-10-20,Tottenham Hotspur,Bolton Wanderers,1.533,3.5,5.5,,,,,,,,,
2002,2002-10-21,Aston Villa,Southampton,1.727,3.25,4.333,,,,,,,,,
2002,2002-10-23,Fulham,West Ham United,1.8,3.25,4.0,,,,,,,,,
2002,2002-10-26,Arsenal,Blackburn Rovers,1.3,4.5,8.0,,,,,,,,,
2002,2002-10-26,Birmingham City,Manchester City,2.1,3.25,3.0,,,,,,,,,
2002,2002-10-26,Chelsea,West Bromwich Albion,1.4,3.75,7.5,,,,,,,,,
2002,2002-10-26,Liverpool,Tottenham Hotspur,1.533,3.5,5.5,,,,,,,,,
2002,2002-10-26,Manchester United,Aston Villa,1.3,4.5,8.0,,,,,,,,,
2002,2002-10-26,Middlesbrough,Leeds United,2.2,3.25,2.8,,,,,,,,,
2002,2002-10-26,Newcastle United,Charlton Athletic,1.533,3.5,5.5,,,,,,,,,
2002,2002-10-27,Southampton,Fulham,2.375,3.2,2.625,,,,,,,,,
2002,2002-10-27,West Ham United,Everton,2.0,3.25,3.25,,,,,,,,,
2002,2002-10-28,Bolton Wanderers,Sunderland,2.1,3.25,3.0,,,,,,,,,
2002,2002-11-02,Birmingham City,Bolton Wanderers,1.909,3.25,3.5,,,,,,,,,
2002,2002-11-02,Liverpool,West Ham United,1.333,4.333,7.5,,,,,,,,,
2002,2002-11-02,Manchester United,Southampton,1.333,4.333,7.5,,,,,,,,,
2002,2002-11-02,West Bromwich Albion,Manchester City,2.4,3.2,2.6,,,,,,,,,
2002,2002-11-03,Blackburn Rovers,Aston Villa,1.727,3.25,4.333,,,,,,,,,
2002,2002-11-03,Charlton Athletic,Sunderland,1.909,3.25,3.5,,,,,,,,,
2002,2002-11-03,Fulham,Arsenal,4.5,3.4,1.667,,,,,,,,,
2002,2002-11-03,Leeds United,Everton,1.727,3.25,4.333,,,,,,,,,
2002,2002-11-03,Tottenham Hotspur,Chelsea,2.3,3.2,2.7,,,,,,,,,
2002,2002-11-04,Newcastle United,Middlesbrough,2.0,3.25,3.25,,,,,,,,,
2002,2002-11-09,Arsenal,Newcastle United,1.5,3.5,6.0,,,,,,,,,
2002,2002-11-09,Aston Villa,Fulham,2.2,3.25,2.8,,,,,,,,,
2002,2002-11-09,Bolton Wanderers,West Bromwich Albion,2.0,3.25,3.25,,,,,,,,,
2002,2002-11-09,Chelsea,Birmingham City,1.444,3.75,6.5,,,,,,,,,
2002,2002-11-09,Everton,Charlton Athletic,1.667,3.4,4.5,,,,,,,,,
2002,2002-11-09,Manchester City,Manchester United,3.5,3.25,1.909,,,,,,,,,
2002,2002-11-09,Middlesbrough,Liverpool,3.25,3.25,2.0,,,,,,,,,
2002,2002-11-09,Southampton,Blackburn Rovers,2.25,3.25,2.75,,,,,,,,,
2002,2002-11-10,Sunderland,Tottenham Hotspur,2.7,3.2,2.3,,,,,,,,,
2002,2002-11-10,West Ham United,Leeds United,2.375,3.2,2.625,,,,,,,,,
2002,2002-11-16,Arsenal,Tottenham Hotspur,1.533,3.5,5.5,,,,,,,,,
2002,2002-11-16,Chelsea,Middlesbrough,1.727,3.2,4.5,,,,,,,,,
2002,2002-11-16,Manchester City,Charlton Athletic,1.667,3.4,4.5,,,,,,,,,
2002,2002-11-16,Newcastle United,Southampton,1.615,3.4,5.0,,,,,,,,,
2002,2002-11-16,West Bromwich Albion,Aston Villa,2.625,3.0,2.5,,,,,,,,,
2002,2002-11-17,Birmingham City,Fulham,2.3,3.2,2.7,,,,,,,,,
2002,2002-11-17,Blackburn Rovers,Everton,2.1,3.25,3.0,,,,,,,,,
2002,2002-11-17,Leeds United,Bolton Wanderers,1.5,3.5,6.0,,,,,,,,,
2002,2002-11-17,Liverpool,Sunderland,1.364,4.0,7.5,,,,,,,,,
2002,2002-11-17,West Ham United,Manchester United,4.0,3.25,1.8,,,,,,,,,
2002,2002-11-23,Aston Villa,West Ham United,1.8,3.25,4.0,,,,,,,,,
2002,2002-11-23,Bolton Wanderers,Chelsea,3.5,3.25,1.909,,,,,,,,,
2002,2002-11-23,Everton,West Bromwich Albion,1.444,3.6,7.0,,,,,,,,,
2002,2002-11-23,Fulham,Liverpool,3.75,3.25,1.833,,,,,,,,,
2002,2002-11-23,Manchester United,Newcastle United,1.615,3.4,5.0,,,,,,,,,
2002,2002-11-23,Middlesbrough,Manchester City,1.727,3.25,4.333,,,,,,,,,
2002,2002-11-23,Southampton,Arsenal,4.333,3.25,1.727,,,,,,,,,
2002,2002-11-23,Sunderland,Birmingham City,1.909,3.25,3.5,,,,,,,,,
2002,2002-11-24,Charlton Athletic,Blackburn Rovers,2.4,3.2,2.6,,,,,,,,,
2002,2002-11-24,Tottenham Hotspur,Leeds United,2.1,3.25,3.0,,,,,,,,,
2002,2002-11-30,Arsenal,Aston Villa,1.333,4.0,9.0,,,,,,,,,
2002,2002-11-30,Birmingham City,Tottenham Hotspur,2.6,3.2,2.4,,,,,,,,,
2002,2002-11-30,Blackburn Rovers,Fulham,2.0,3.25,3.25,,,,,,,,,
2002,2002-11-30,Chelsea,Sunderland,1.4,3.75,7.5,,,,,,,,,
2002,2002-11-30,Manchester City,Bolton Wanderers,1.8,3.25,4.0,,,,,,,,,
2002,2002-11-30,West Bromwich Albion,Middlesbrough,2.7,3.2,2.3,,,,,,,,,
2002,2002-12-01,Leeds United,Charlton Athletic,1.8,3.25,4.0,,,,,,,,,
2002,2002-12-01,Liverpool,Manchester United,2.3,3.2,2.7,,,,,,,,,
2002,2002-12-01,Newcastle United,Everton,1.909,3.25,3.5,,,,,,,,,
2002,2002-12-02,West Ham United,Southampton,2.25,3.25,2.75,,,,,,,,,
2002,2002-12-07,Aston Villa,Newcastle United,2.375,3.2,2.625,,,,,,,,,
2002,2002-12-07,Bolton Wanderers,Blackburn Rovers,2.6,3.2,2.4,,,,,,,,,
2002,2002-12-07,Charlton Athletic,Liverpool,3.5,3.25,1.909,,,,,,,,,
2002,2002-12-07,Everton,Chelsea,2.5,3.2,2.5,,,,,,,,,
2002,2002-12-07,Fulham,Leeds United,2.1,3.25,3.0,,,,,,,,,
2002,2002-12-07,Manchester United,Arsenal,2.25,3.25,2.75,,,,,,,,,
2002,2002-12-07,Middlesbrough,West Ham United,1.615,3.4,5.0,,,,,,,,,
2002,2002-12-07,Southampton,Birmingham City,1.727,3.5,4.0,,,,,,,,,
2002,2002-12-08,Tottenham Hotspur,West Bromwich Albion,1.444,3.6,7.0,,,,,,,,,
2002,2002-12-09,Sunderland,Manchester City,2.3,3.2,2.7,,,,,,,,,
2002,2002-12-14,Aston Villa,West Bromwich Albion,1.8,3.25,4.0,,,,,,,,,
2002,2002-12-14,Charlton Athletic,Manchester City,2.1,3.25,3.0,,,,,,,,,
2002,2002-12-14,Everton,Blackburn Rovers,1.833,3.25,3.75,,,,,,,,,
2002,2002-12-14,Manchester United,West Ham United,1.286,4.5,9.0,,,,,,,,,
2002,2002-12-14,Middlesbrough,Chelsea,2.625,3.2,2.375,,,,,,,,,
2002,2002-12-14,Southampton,Newcastle United,2.3,3.2,2.7,,,,,,,,,
2002,2002-12-15,Fulham,Birmingham City,1.8,3.25,4.0,,,,,,,,,
2002,2002-12-15,Sunderland,Liverpool,4.333,3.25,1.727,,,,,,,,,
2002,2002-12-15,Tottenham Hotspur,Arsenal,3.0,3.1,2.2,,,,,,,,,
2002,2002-12-16,Bolton Wanderers,Leeds United,2.4,3.2,2.6,,,,,,,,,
2002,2002-12-21,Arsenal,Middlesbrough,1.4,3.75,7.5,,,,,,,,,
2002,2002-12-21,Birmingham City,Charlton Athletic,2.2,3.25,2.8,,,,,,,,,
2002,2002-12-21,Chelsea,Aston Villa,1.5,3.5,6.0,,,,,,,,,
2002,2002-12-21,Leeds United,Southampton,1.909,3.25,3.5,,,,,,,,,
2002,2002-12-21,Newcastle United,Fulham,1.533,3.5,5.5,,,,,,,,,
2002,2002-12-21,West Bromwich Albion,Sunderland,2.375,2.875,2.875,,,,,,,,,
2002,2002-12-21,West Ham United,Bolton Wanderers,1.833,3.25,3.75,,,,,,,,,
2002,2002-12-22,Blackburn Rovers,Manchester United,4.0,3.5,1.727,,,,,,,,,
2002,2002-12-22,Liverpool,Everton,1.833,3.25,3.75,,,,,,,,,
2002,2002-12-23,Manchester City,Tottenham Hotspur,2.25,3.25,2.75,,,,,,,,,
2002,2002-12-26,Birmingham City,Everton,2.5,3.2,2.5,,,,,,,,,
2002,2002-12-26,Bolton Wanderers,Newcastle United,3.0,3.25,2.1,,,,,,,,,
2002,2002-12-26,Chelsea,Southampton,1.5,3.5,6.0,,,,,,,,,
2002,2002-12-26,Liverpool,Blackburn Rovers,1.615,3.6,4.5,,,,,,,,,
2002,2002-12-26,Manchester City,Aston Villa,1.909,3.25,3.5,,,,,,,,,
2002,2002-12-26,Middlesbrough,Manchester United,4.0,3.25,1.8,,,,,,,,,
2002,2002-12-26,Sunderland,Leeds United,2.4,3.2,2.6,,,,,,,,,
2002,2002-12-26,Tottenham Hotspur,Charlton Athletic,1.667,3.4,4.5,,,,,,,,,
2002,2002-12-26,West Bromwich Albion,Arsenal,5.5,3.5,1.533,,,,,,,,,
2002,2002-12-26,West Ham United,Fulham,2.25,3.25,2.75,,,,,,,,,
2002,2002-12-28,Aston Villa,Middlesbrough,2.25,3.25,2.75,,,,,,,,,
2002,2002-12-28,Blackburn Rovers,West Ham United,1.615,3.4,5.0,,,,,,,,,
2002,2002-12-28,Charlton Athletic,West Bromwich Albion,1.667,3.5,4.333,,,,,,,,,
2002,2002-12-28,Everton,Bolton Wanderers,1.533,3.5,5.5,,,,,,,,,
2002,2002-12-28,Fulham,Manchester City,2.25,3.4,2.625,,,,,,,,,
2002,2002-12-28,Leeds United,Chelsea,2.625,3.2,2.375,,,,,,,,,
2002,2002-12-28,Manchester United,Birmingham City,1.25,5.0,9.0,,,,,,,,,
2002,2002-12-28,Southampton,Sunderland,1.667,3.5,4.333,,,,,,,,,
2002,2002-12-29,Arsenal,Liverpool,1.727,3.25,4.333,,,,,,,,,
2002,2002-12-29,Newcastle United,Tottenham Hotspur,1.8,3.4,3.75,,,,,,,,,
2002,2003-01-01,Arsenal,Chelsea,1.8,3.25,4.0,,,,,,,,,
2002,2003-01-01,Aston Villa,Bolton Wanderers,1.727,3.25,4.333,,,,,,,,,
2002,2003-01-01,Blackburn Rovers,Middlesbrough,1.909,3.25,3.5,,,,,,,,,
2002,2003-01-01,Everton,Manchester City,1.8,3.25,4.0,,,,,,,,,
2002,2003-01-01,Leeds United,Birmingham City,1.615,3.4,5.0,,,,,,,,,
2002,2003-01-01,Manchester United,Sunderland,1.2,5.5,10.0,,,,,,,,,
2002,2003-01-01,Newcastle United,Liverpool,2.3,3.2,2.7,,,,,,,,,
2002,2003-01-01,Southampton,Tottenham Hotspur,2.2,3.25,3.25,,,,,,,,,
2002,2003-01-11,Bolton Wanderers,Fulham,2.25,3.25,2.75,,,,,,,,,
2002,2003-01-11,Chelsea,Charlton Athletic,1.571,3.4,5.5,,,,,,,,,
2002,2003-01-11,Liverpool,Aston Villa,1.533,3.5,5.5,,,,,,,,,
2002,2003-01-11,Manchester City,Leeds United,2.25,3.25,2.75,,,,,,,,,
2002,2003-01-11,Middlesbrough,Southampton,2.1,3.25,3.0,,,,,,,,,
2002,2003-01-11,Sunderland,Blackburn Rovers,2.5,3.2,2.5,,,,,,,,,
2002,2003-01-11,West Bromwich Albion,Manchester United,5.5,3.5,1.533,,,,,,,,,
2002,2003-01-11,West Ham United,Newcastle United,2.7,3.2,2.3,,,,,,,,,
2002,2003-01-12,Birmingham City,Arsenal,5.0,3.4,1.615,,,,,,,,,
2002,2003-01-12,Tottenham Hotspur,Everton,1.909,3.25,3.5,,,,,,,,,
2002,2003-01-18,Aston Villa,Tottenham Hotspur,2.2,3.25,2.8,,,,,,,,,
2002,2003-01-18,Blackburn Rovers,Birmingham City,1.615,3.4,5.0,,,,,,,,,
2002,2003-01-18,Charlton Athletic,Bolton Wanderers,1.727,3.5,4.0,,,,,,,,,
2002,2003-01-18,Everton,Sunderland,1.615,3.4,5.0,,,,,,,,,
2002,2003-01-18,Leeds United,West Bromwich Albion,1.533,3.5,5.5,,,,,,,,,
2002,2003-01-18,Manchester United,Chelsea,1.727,3.25,4.333,,,,,,,,,
2002,2003-01-18,Newcastle United,Manchester City,1.727,3.5,4.0,,,,,,,,,
2002,2003-01-18,Southampton,Liverpool,2.4,3.2,2.6,,,,,,,,,
2002,2003-01-19,Arsenal,West Ham United,1.286,5.0,7.5,,,,,,,,,
2002,2003-01-19,Fulham,Middlesbrough,2.2,3.2,2.875,,,,,,,,,
2002,2003-01-22,Charlton Athletic,West Ham United,2.1,3.25,3.0,,,,,,,,,
2002,2003-01-22,Newcastle United,Bolton Wanderers,1.4,3.75,7.5,,,,,,,,,
2002,2003-01-28,Bolton Wanderers,Everton,2.5,3.2,2.5,,,,,,,,,
2002,2003-01-28,Chelsea,Leeds United,1.615,3.4,5.0,,,,,,,,,
2002,2003-01-28,Middlesbrough,Aston Villa,1.8,3.25,4.0,,,,,,,,,
2002,2003-01-28,Sunderland,Southampton,2.5,3.2,2.5,,,,,,,,,
2002,2003-01-29,Liverpool,Arsenal,2.625,3.2,2.375,,,,,,,,,
2002,2003-01-29,Manchester City,Fulham,1.727,3.25,4.333,,,,,,,,,
2002,2003-01-29,Tottenham Hotspur,Newcastle United,2.3,3.2,2.7,,,,,,,,,
2002,2003-01-29,West Bromwich Albion,Charlton Athletic,2.5,3.2,2.5,,,,,,,,,
2002,2003-01-29,West Ham United,Blackburn Rovers,2.5,3.2,2.5,,,,,,,,,
2002,2003-02-01,Arsenal,Fulham,1.25,5.0,9.0,,,,,,,,,
2002,2003-02-01,Bolton Wanderers,Birmingham City,2.25,3.25,2.75,,,,,,,,,
2002,2003-02-01,Chelsea,Tottenham Hotspur,1.66,3.4,4.5,,,,,,,,,
2002,2003-02-01,Everton,Leeds United,1.9,3.25,3.5,,,,,,,,,
2002,2003-02-01,Manchester City,West Bromwich Albion,1.5,3.5,6.0,,,,,,,,,
2002,2003-02-01,Southampton,Manchester United,4.0,3.25,1.8,,,,,,,,,
2002,2003-02-01,Sunderland,Charlton Athletic,2.4,3.2,2.6,,,,,,,,,
2002,2003-02-02,Aston Villa,Blackburn Rovers,2.2,3.25,2.8,,,,,,,,,
2002,2003-02-02,West Ham United,Liverpool,3.25,3.25,2.0,,,,,,,,,
2002,2003-02-04,Birmingham City,Manchester United,6.5,3.75,1.444,,,,,,,,,
2002,2003-02-08,Birmingham City,Chelsea,4.0,3.25,1.8,,,,,,,,,
2002,2003-02-08,Blackburn Rovers,Southampton,2.2,3.25,2.8,,,,,,,,,
2002,2003-02-08,Charlton Athletic,Everton,2.25,3.25,2.75,,,,,,,,,
2002,2003-02-08,Fulham,Aston Villa,2.25,3.25,2.75,,,,,,,,,
2002,2003-02-08,Leeds United,West Ham United,1.727,3.5,4.0,,,,,,,,,
2002,2003-02-08,Liverpool,Middlesbrough,1.444,3.75,6.5,,,,,,,,,
2002,2003-02-08,Tottenham Hotspur,Sunderland,1.5,3.5,6.0,,,,,,,,,
2002,2003-02-08,West Bromwich Albion,Bolton Wanderers,2.3,3.2,2.7,,,,,,,,,
2002,2003-02-09,Manchester United,Manchester City,1.4,3.75,7.5,,,,,,,,,
2002,2003-02-09,Newcastle United,Arsenal,2.625,3.2,2.375,,,,,,,,,
2002,2003-02-19,Fulham,West Bromwich Albion,1.727,3.25,4.333,,,,,,,,,
2002,2003-02-22,Bolton Wanderers,Manchester United,5.5,3.5,1.533,,,,,,,,,
2002,2003-02-22,Charlton Athletic,Aston Villa,2.1,3.25,3.0,,,,,,,,,
2002,2003-02-22,Chelsea,Blackburn Rovers,1.533,3.5,5.5,,,,,,,,,
2002,2003-02-22,Everton,Southampton,1.833,3.25,3.75,,,,,,,,,
2002,2003-02-22,Leeds United,Newcastle United,2.5,3.2,2.5,,,,,,,,,
2002,2003-02-22,Manchester City,Arsenal,4.333,3.25,1.727,,,,,,,,,
2002,2003-02-22,Sunderland,Middlesbrough,2.5,3.0,2.625,,,,,,,,,
2002,2003-02-23,Birmingham City,Liverpool,3.75,3.25,1.833,,,,,,,,,
2002,2003-02-23,West Bromwich Albion,West Ham United,2.375,3.2,2.625,,,,,,,,,
2002,2003-02-24,Tottenham Hotspur,Fulham,1.727,3.25,4.333,,,,,,,,,
2002,2003-03-01,Blackburn Rovers,Manchester City,1.909,3.25,3.5,,,,,,,,,
2002,2003-03-01,Fulham,Sunderland,1.615,3.4,5.0,,,,,,,,,
2002,2003-03-01,Middlesbrough,Everton,2.25,3.25,2.75,,,,,,,,,
2002,2003-03-01,Newcastle United,Chelsea,2.0,3.25,3.25,,,,,,,,,
2002,2003-03-01,Southampton,West Bromwich Albion,1.615,3.4,5.0,,,,,,,,,
2002,2003-03-01,West Ham United,Tottenham Hotspur,2.4,3.2,2.6,,,,,,,,,
2002,2003-03-02,Arsenal,Charlton Athletic,1.3,4.5,8.0,,,,,,,,,
2002,2003-03-03,Aston Villa,Birmingham City,1.909,3.25,3.5,,,,,,,,,
2002,2003-03-05,Manchester United,Leeds United,1.36,4.0,7.5,,,,,,,,,
2002,2003-03-05,Middlesbrough,Newcastle United,2.7,3.2,2.3,,,,,,,,,
2002,2003-03-08,Liverpool,Bolton Wanderers,1.444,3.75,6.5,,,,,,,,,
2002,2003-03-15,Aston Villa,Manchester United,4.5,3.4,1.66,,,,,,,,,
2002,2003-03-15,Blackburn Rovers,Arsenal,4.0,3.25,1.8,,,,,,,,,
2002,2003-03-15,Charlton Athletic,Newcastle United,2.62,3.2,2.37,,,,,,,,,
2002,2003-03-15,Everton,West Ham United,1.72,3.25,4.33,,,,,,,,,
2002,2003-03-15,Fulham,Southampton,2.2,3.25,2.8,,,,,,,,,
2002,2003-03-15,Leeds United,Middlesbrough,2.2,3.25,2.8,,,,,,,,,
2002,2003-03-15,Sunderland,Bolton Wanderers,2.3,3.2,2.7,,,,,,,,,
2002,2003-03-16,Manchester City,Birmingham City,1.8,3.25,4.0,,,,,,,,,
2002,2003-03-16,Tottenham Hotspur,Liverpool,2.5,3.2,2.5,,,,,,,,,
2002,2003-03-16,West Bromwich Albion,Chelsea,4.33,3.25,1.72,,,,,,,,,
2002,2003-03-22,Birmingham City,West Bromwich Albion,1.833,3.25,3.75,,,,,,,,,
2002,2003-03-22,Chelsea,Manchester City,1.571,3.6,5.0,,,,,,,,,
2002,2003-03-22,Manchester United,Fulham,1.286,4.5,9.0,,,,,,,,,
2002,2003-03-22,Middlesbrough,Charlton Athletic,1.909,3.25,3.5,,,,,,,,,
2002,2003-03-22,Newcastle United,Blackburn Rovers,1.615,3.4,5.0,,,,,,,,,
2002,2003-03-22,Southampton,Aston Villa,1.8,3.25,4.0,,,,,,,,,
2002,2003-03-22,West Ham United,Sunderland,1.667,3.4,4.5,,,,,,,,,
2002,2003-03-23,Arsenal,Everton,1.444,3.75,6.5,,,,,,,,,
2002,2003-03-23,Liverpool,Leeds United,1.571,3.4,5.5,,,,,,,,,
2002,2003-03-24,Bolton Wanderers,Tottenham Hotspur,2.3,3.2,2.7,,,,,,,,,
2002,2003-04-05,Aston Villa,Arsenal,4.5,3.4,1.667,,,,,,,,,
2002,2003-04-05,Bolton Wanderers,Manchester City,2.2,3.25,2.8,,,,,,,,,
2002,2003-04-05,Charlton Athletic,Leeds United,1.909,3.25,3.5,,,,,,,,,
2002,2003-04-05,Manchester United,Liverpool,1.727,3.25,4.333,,,,,,,,,
2002,2003-04-05,Middlesbrough,West Bromwich Albion,1.533,3.5,5.5,,,,,,,,,
2002,2003-04-05,Southampton,West Ham United,2.0,3.25,3.25,,,,,,,,,
2002,2003-04-05,Sunderland,Chelsea,5.0,3.4,1.615,,,,,,,,,
2002,2003-04-05,Tottenham Hotspur,Birmingham City,1.727,3.25,4.333,,,,,,,,,
2002,2003-04-06,Everton,Newcastle United,2.5,3.2,2.5,,,,,,,,,
2002,2003-04-07,Fulham,Blackburn Rovers,2.25,3.25,2.75,,,,,,,,,
2002,2003-04-12,Birmingham City,Sunderland,1.667,3.4,4.5,,,,,,,,,
2002,2003-04-12,Blackburn Rovers,Charlton Athletic,1.727,3.25,4.333,,,,,,,,,
2002,2003-04-12,Chelsea,Bolton Wanderers,1.5,3.5,6.0,,,,,,,,,
2002,2003-04-12,Leeds United,Tottenham Hotspur,1.909,3.25,3.5,,,,,,,,,
2002,2003-04-12,Liverpool,Fulham,1.444,3.5,7.5,,,,,,,,,
2002,2003-04-12,Manchester City,Middlesbrough,2.2,3.25,2.8,,,,,,,,,
2002,2003-04-12,Newcastle United,Manchester United,2.625,3.2,2.375,,,,,,,,,
2002,2003-04-12,West Bromwich Albion,Everton,3.5,3.25,1.909,,,,,,,,,
2002,2003-04-12,West Ham United,Aston Villa,2.0,3.25,3.25,,,,,,,,,
2002,2003-04-16,Arsenal,Manchester United,2.25,3.25,2.75,,,,,,,,,
2002,2003-04-18,Tottenham Hotspur,Manchester City,1.8,3.25,4.0,,,,,,,,,
2002,2003-04-19,Aston Villa,Chelsea,2.8,3.25,2.2,,,,,,,,,
2002,2003-04-19,Bolton Wanderers,West Ham United,2.2,3.25,2.8,,,,,,,,,
2002,2003-04-19,Charlton Athletic,Birmingham City,2.1,3.25,3.0,,,,,,,,,
2002,2003-04-19,Everton,Liverpool,2.5,3.2,2.5,,,,,,,,,
2002,2003-04-19,Fulham,Newcastle United,3.0,3.25,2.1,,,,,,,,,
2002,2003-04-19,Manchester United,Blackburn Rovers,1.3,4.5,8.0,,,,,,,,,
2002,2003-04-19,Middlesbrough,Arsenal,3.75,3.25,1.833,,,,,,,,,
2002,2003-04-19,Southampton,Leeds United,2.2,3.25,2.8,,,,,,,,,
2002,2003-04-19,Sunderland,West Bromwich Albion,2.1,3.25,3.0,,,,,,,,,
2002,2003-04-21,Birmingham City,Southampton,2.1,3.25,3.0,,,,,,,,,
2002,2003-04-21,Blackburn Rovers,Bolton Wanderers,1.8,3.4,3.6,,,,,,,,,
2002,2003-04-21,Chelsea,Everton,1.727,3.2,4.333,,,,,,,,,
2002,2003-04-21,Liverpool,Charlton Athletic,1.4,3.75,7.0,,,,,,,,,
2002,2003-04-21,Manchester City,Sunderland,1.571,3.6,5.0,,,,,,,,,
2002,2003-04-21,Newcastle United,Aston Villa,1.5,3.4,6.0,,,,,,,,,
2002,2003-04-21,West Bromwich Albion,Tottenham Hotspur,3.0,3.25,2.1,,,,,,,,,
2002,2003-04-21,West Ham United,Middlesbrough,1.833,3.5,3.5,,,,,,,,,
2002,2003-04-22,Leeds United,Fulham,1.667,3.4,4.5,,,,,,,,,
2002,2003-04-26,Birmingham City,Middlesbrough,2.1,3.25,3.0,,,,,,,,,
2002,2003-04-26,Bolton Wanderers,Arsenal,5.0,3.6,1.571,,,,,,,,,
2002,2003-04-26,Charlton Athletic,Southampton,2.2,3.25,2.8,,,,,,,,,
2002,2003-04-26,Chelsea,Fulham,1.4,4.0,6.5,,,,,,,,,
2002,2003-04-26,Everton,Aston Villa,1.8,3.25,4.0,,,,,,,,,
2002,2003-04-26,Leeds United,Blackburn Rovers,2.0,3.4,3.0,,,,,,,,,
2002,2003-04-26,Sunderland,Newcastle United,4.5,3.4,1.667,,,,,,,,,
2002,2003-04-26,West Bromwich Albion,Liverpool,5.0,3.6,1.571,,,,,,,,,
2002,2003-04-27,Manchester City,West Ham United,2.2,3.4,2.75,,,,,,,,,
2002,2003-04-27,Tottenham Hotspur,Manchester United,5.0,3.4,1.615,,,,,,,,,
2002,2003-05-03,Aston Villa,Sunderland,1.4,3.75,7.5,,,,,,,,,
2002,2003-05-03,Blackburn Rovers,West Bromwich Albion,1.286,4.5,9.0,,,,,,,,,
2002,2003-05-03,Fulham,Everton,2.4,3.2,2.6,,,,,,,,,
2002,2003-05-03,Liverpool,Manchester City,1.333,4.333,7.5,,,,,,,,,
2002,2003-05-03,Manchester United,Charlton Athletic,1.143,6.5,12.0,,,,,,,,,
2002,2003-05-03,Middlesbrough,Tottenham Hotspur,2.1,3.25,3.0,,,,,,,,,
2002,2003-05-03,Newcastle United,Birmingham City,1.4,3.75,7.5,,,,,,,,,
2002,2003-05-03,Southampton,Bolton Wanderers,2.375,3.6,2.375,,,,,,,,,
2002,2003-05-03,West Ham United,Chelsea,2.5,3.4,2.375,,,,,,,,,
2002,2003-05-04,Arsenal,Leeds United,1.3,4.5,8.0,,,,,,,,,
2002,2003-05-07,Arsenal,Southampton,1.444,3.75,6.5,,,,,,,,,
2002,2003-05-11,Birmingham City,West Ham United,3.25,3.5,1.909,,,,,,,,,
2002,2003-05-11,Bolton Wanderers,Middlesbrough,1.571,3.6,5.0,,,,,,,,,
2002,2003-05-11,Charlton Athletic,Fulham,2.1,3.25,3.0,,,,,,,,,
2002,2003-05-11,Chelsea,Liverpool,2.375,3.0,2.75,,,,,,,,,
2002,2003-05-11,Everton,Manchester United,2.5,3.4,2.375,,,,,,,,,
2002,2003-05-11,Leeds United,Aston Villa,1.833,3.25,3.75,,,,,,,,,
2002,2003-05-11,Manchester City,Southampton,1.615,3.4,5.0,,,,,,,,,
2002,2003-05-11,Sunderland,Arsenal,5.0,3.4,1.615,,,,,,,,,
2002,2003-05-11,Tottenham Hotspur,Blackburn Rovers,2.5,3.5,2.3,,,,,,,,,
2002,2003-05-11,West Bromwich Albion,Newcastle United,4.0,3.5,1.727,,,,,,,,,
2003,2003-08-16,Arsenal,Everton,1.4,3.8,8.0,,,,,,,,,
2003,2003-08-16,Birmingham City,Tottenham Hotspur,2.375,3.25,2.75,,,,,,,,,
2003,2003-08-16,Blackburn Rovers,Wolverhampton Wanderers,1.615,3.4,5.5,,,,,,,,,
2003,2003-08-16,Fulham,Middlesbrough,2.3,3.25,2.8,,,,,,,,,
2003,2003-08-16,Leicester City,Southampton,2.5,3.2,2.6,,,,,,,,,
2003,2003-08-16,Manchester United,Bolton Wanderers,1.286,4.5,10.0,,,,,,,,,
2003,2003-08-16,Portsmouth,Aston Villa,2.375,3.25,2.75,,,,,,,,,
2003,2003-08-17,Charlton Athletic,Manchester City,2.25,3.4,2.75,,,,,,,,,
2003,2003-08-17,Leeds United,Newcastle United,2.75,3.25,2.375,,,,,,,,,
2003,2003-08-17,Liverpool,Chelsea,2.25,3.25,2.875,,,,,,,,,
2003,2003-08-23,Bolton Wanderers,Blackburn Rovers,2.5,3.3,2.5,,,,,,,,,
2003,2003-08-23,Chelsea,Leicester City,1.25,5.0,10.0,,,,,,,,,
2003,2003-08-23,Everton,Fulham,1.8,3.4,4.0,,,,,,,,,
2003,2003-08-23,Manchester City,Portsmouth,1.667,3.6,4.5,,,,,,,,,
2003,2003-08-23,Newcastle United,Manchester United,3.0,3.2,2.2,,,,,,,,,
2003,2003-08-23,Southampton,Birmingham City,1.909,3.25,3.75,,,,,,,,,
2003,2003-08-23,Tottenham Hotspur,Leeds United,2.0,3.25,3.4,,,,,,,,,
2003,2003-08-23,Wolverhampton Wanderers,Charlton Athletic,2.375,3.25,2.7,,,,,,,,,
2003,2003-08-24,Aston Villa,Liverpool,3.0,3.2,2.2,,,,,,,,,
2003,2003-08-24,Middlesbrough,Arsenal,4.0,3.4,1.8,,,,,,,,,
2003,2003-08-25,Blackburn Rovers,Manchester City,2.0,3.25,3.4,,,,,,,,,
2003,2003-08-26,Charlton Athletic,Everton,2.375,3.2,2.75,,,,,,,,,
2003,2003-08-26,Leeds United,Southampton,2.0,3.25,3.4,,,,,,,,,
2003,2003-08-26,Leicester City,Middlesbrough,2.5,3.2,2.6,,,,,,,,,
2003,2003-08-26,Portsmouth,Bolton Wanderers,2.1,3.25,3.2,,,,,,,,,
2003,2003-08-27,Arsenal,Aston Villa,1.286,5.0,8.5,,,,,,,,,
2003,2003-08-27,Liverpool,Tottenham Hotspur,1.5,3.5,7.0,,,,,,,,,
2003,2003-08-27,Manchester United,Wolverhampton Wanderers,1.143,6.5,15.0,,,,,,,,,
2003,2003-08-30,Aston Villa,Leicester City,1.667,3.4,5.0,,,,,,,,,
2003,2003-08-30,Bolton Wanderers,Charlton Athletic,2.3,3.25,2.8,,,,,,,,,
2003,2003-08-30,Chelsea,Blackburn Rovers,1.5,3.6,6.5,,,,,,,,,
2003,2003-08-30,Everton,Liverpool,2.6,3.2,2.5,,,,,,,,,
2003,2003-08-30,Middlesbrough,Leeds United,2.0,3.25,3.4,,,,,,,,,
2003,2003-08-30,Newcastle United,Birmingham City,1.533,3.4,6.5,,,,,,,,,
2003,2003-08-30,Tottenham Hotspur,Fulham,1.667,3.4,5.0,,,,,,,,,
2003,2003-08-30,Wolverhampton Wanderers,Portsmouth,2.75,3.2,2.375,,,,,,,,,
2003,2003-08-31,Manchester City,Arsenal,4.0,3.4,1.8,,,,,,,,,
2003,2003-08-31,Southampton,Manchester United,5.0,3.4,1.667,,,,,,,,,
2003,2003-09-13,Arsenal,Portsmouth,1.28,4.5,10.0,,,,,,,,,
2003,2003-09-13,Blackburn Rovers,Liverpool,2.8,3.25,2.3,,,,,,,,,
2003,2003-09-13,Bolton Wanderers,Middlesbrough,2.3,3.2,2.87,,,,,,,,,
2003,2003-09-13,Charlton Athletic,Manchester United,5.0,3.6,1.61,,,,,,,,,
2003,2003-09-13,Chelsea,Tottenham Hotspur,1.53,3.6,6.0,,,,,,,,,
2003,2003-09-13,Everton,Newcastle United,2.37,3.2,2.75,,,,,,,,,
2003,2003-09-13,Southampton,Wolverhampton Wanderers,1.61,3.4,5.5,,,,,,,,,
2003,2003-09-14,Birmingham City,Fulham,1.83,3.25,4.0,,,,,,,,,
2003,2003-09-14,Manchester City,Aston Villa,1.83,3.25,4.0,,,,,,,,,
2003,2003-09-15,Leicester City,Leeds United,2.6,3.2,2.5,,,,,,,,,
2003,2003-09-20,Aston Villa,Charlton Athletic,1.9,3.25,3.75,,,,,,,,,
2003,2003-09-20,Fulham,Manchester City,2.3,3.25,2.8,,,,,,,,,
2003,2003-09-20,Leeds United,Birmingham City,2.1,3.25,3.2,,,,,,,,,
2003,2003-09-20,Liverpool,Leicester City,1.3,4.5,9.5,,,,,,,,,
2003,2003-09-20,Newcastle United,Bolton Wanderers,1.5,3.6,6.5,,,,,,,,,
2003,2003-09-20,Portsmouth,Blackburn Rovers,2.25,3.25,2.87,,,,,,,,,
2003,2003-09-20,Tottenham Hotspur,Southampton,2.0,3.25,3.4,,,,,,,,,
2003,2003-09-20,Wolverhampton Wanderers,Chelsea,6.5,3.6,1.5,,,,,,,,,
2003,2003-09-21,Manchester United,Arsenal,2.0,3.25,3.4,,,,,,,,,
2003,2003-09-21,Middlesbrough,Everton,2.3,3.25,2.8,,,,,,,,,
2003,2003-09-26,Arsenal,Newcastle United,1.53,3.5,5.5,,,,,,,,,
2003,2003-09-27,Birmingham City,Portsmouth,1.9,3.25,3.75,,,,,,,,,
2003,2003-09-27,Bolton Wanderers,Wolverhampton Wanderers,1.61,3.6,5.0,,,,,,,,,
2003,2003-09-27,Chelsea,Aston Villa,1.33,4.33,8.5,,,,,,,,,
2003,2003-09-27,Leicester City,Manchester United,6.5,3.6,1.5,,,,,,,,,
2003,2003-09-27,Southampton,Middlesbrough,1.8,3.2,4.33,,,,,,,,,
2003,2003-09-28,Blackburn Rovers,Fulham,1.8,3.4,4.0,,,,,,,,,
2003,2003-09-28,Charlton Athletic,Liverpool,4.33,3.2,1.8,,,,,,,,,
2003,2003-09-28,Everton,Leeds United,1.83,3.25,4.0,,,,,,,,,
2003,2003-09-28,Manchester City,Tottenham Hotspur,1.72,3.4,4.5,,,,,,,,,
2003,2003-10-04,Fulham,Leicester City,1.61,3.6,5.0,,,,,,,,,
2003,2003-10-04,Leeds United,Blackburn Rovers,2.5,3.3,2.5,,,,,,,,,
2003,2003-10-04,Liverpool,Arsenal,2.5,3.3,2.5,,,,,,,,,
2003,2003-10-04,Manchester United,Birmingham City,1.3,4.5,9.5,,,,,,,,,
2003,2003-10-04,Newcastle United,Southampton,1.72,3.5,4.33,,,,,,,,,
2003,2003-10-04,Portsmouth,Charlton Athletic,2.1,3.25,3.2,,,,,,,,,
2003,2003-10-04,Tottenham Hotspur,Everton,2.25,3.25,2.87,,,,,,,,,
2003,2003-10-04,Wolverhampton Wanderers,Manchester City,3.25,3.5,2.0,,,,,,,,,
2003,2003-10-05,Aston Villa,Bolton Wanderers,1.8,3.4,4.0,,,,,,,,,
2003,2003-10-05,Middlesbrough,Chelsea,4.33,3.5,1.72,,,,,,,,,
2003,2003-10-14,Birmingham City,Chelsea,4.33,3.5,1.72,,,,,,,,,
2003,2003-10-18,Arsenal,Chelsea,2.2,3.2,3.0,,,,,,,,,
2003,2003-10-18,Fulham,Wolverhampton Wanderers,1.57,3.6,5.5,,,,,,,,,
2003,2003-10-18,Leeds United,Manchester United,5.0,3.6,1.61,,,,,,,,,
2003,2003-10-18,Manchester City,Bolton Wanderers,1.66,3.4,5.0,,,,,,,,,
2003,2003-10-18,Middlesbrough,Newcastle United,2.5,3.3,2.5,,,,,,,,,
2003,2003-10-18,Portsmouth,Liverpool,4.0,3.25,1.83,,,,,,,,,
2003,2003-10-19,Birmingham City,Aston Villa,2.25,3.0,3.1,,,,,,,,,
2003,2003-10-19,Everton,Southampton,2.0,3.25,3.4,,,,,,,,,
2003,2003-10-19,Leicester City,Tottenham Hotspur,2.6,3.2,2.5,,,,,,,,,
2003,2003-10-20,Blackburn Rovers,Charlton Athletic,1.9,3.25,3.75,,,,,,,,,
2003,2003-10-21,Fulham,Newcastle United,2.5,3.2,2.6,,,,,,,,,
2003,2003-10-25,Aston Villa,Everton,2.0,3.25,3.4,,,,,,,,,
2003,2003-10-25,Bolton Wanderers,Birmingham City,2.4,3.2,2.7,,,,,,,,,
2003,2003-10-25,Chelsea,Manchester City,1.5,3.5,7.0,,,,,,,,,
2003,2003-10-25,Liverpool,Leeds United,1.5,3.5,7.0,,,,,,,,,
2003,2003-10-25,Manchester United,Fulham,1.25,5.0,10.0,,,,,,,,,
2003,2003-10-25,Newcastle United,Portsmouth,1.53,3.6,6.0,,,,,,,,,
2003,2003-10-25,Southampton,Blackburn Rovers,2.0,3.25,3.4,,,,,,,,,
2003,2003-10-25,Wolverhampton Wanderers,Leicester City,2.1,3.25,3.2,,,,,,,,,
2003,2003-10-26,Charlton Athletic,Arsenal,5.0,3.6,1.61,,,,,,,,,
2003,2003-10-26,Tottenham Hotspur,Middlesbrough,1.83,3.25,4.0,,,,,,,,,
2003,2003-11-01,Everton,Chelsea,4.5,3.4,1.72,,,,,,,,,
2003,2003-11-01,Leeds United,Arsenal,5.5,3.6,1.57,,,,,,,,,
2003,2003-11-01,Manchester United,Portsmouth,1.25,5.0,10.0,,,,,,,,,
2003,2003-11-01,Middlesbrough,Wolverhampton Wanderers,1.72,3.4,4.5,,,,,,,,,
2003,2003-11-01,Newcastle United,Aston Villa,1.57,3.6,5.5,,,,,,,,,
2003,2003-11-01,Southampton,Manchester City,2.2,3.4,2.87,,,,,,,,,
2003,2003-11-01,Tottenham Hotspur,Bolton Wanderers,1.72,3.4,4.5,,,,,,,,,
2003,2003-11-02,Fulham,Liverpool,2.7,3.25,2.37,,,,,,,,,
2003,2003-11-02,Leicester City,Blackburn Rovers,2.5,3.3,2.5,,,,,,,,,
2003,2003-11-03,Birmingham City,Charlton Athletic,1.9,3.25,3.75,,,,,,,,,
2003,2003-11-08,Arsenal,Tottenham Hotspur,1.4,3.75,8.5,,,,,,,,,
2003,2003-11-08,Aston Villa,Middlesbrough,2.0,3.25,3.4,,,,,,,,,
2003,2003-11-08,Bolton Wanderers,Southampton,2.37,3.2,2.75,,,,,,,,,
2003,2003-11-08,Charlton Athletic,Fulham,2.25,3.25,2.87,,,,,,,,,
2003,2003-11-08,Portsmouth,Leeds United,1.83,3.25,4.0,,,,,,,,,
2003,2003-11-08,Wolverhampton Wanderers,Birmingham City,2.6,3.2,2.5,,,,,,,,,
2003,2003-11-09,Chelsea,Newcastle United,1.61,3.6,5.0,,,,,,,,,
2003,2003-11-09,Liverpool,Manchester United,2.75,3.2,2.37,,,,,,,,,
2003,2003-11-09,Manchester City,Leicester City,1.44,3.8,7.0,,,,,,,,,
2003,2003-11-10,Blackburn Rovers,Everton,2.25,3.25,2.87,,,,,,,,,
2003,2003-11-22,Birmingham City,Arsenal,4.5,3.4,1.72,,,,,,,,,
2003,2003-11-22,Everton,Wolverhampton Wanderers,1.66,3.4,5.0,,,,,,,,,
2003,2003-11-22,Leeds United,Bolton Wanderers,2.2,3.2,3.0,,,,,,,,,
2003,2003-11-22,Leicester City,Charlton Athletic,2.7,3.25,2.37,,,,,,,,,
2003,2003-11-22,Manchester United,Blackburn Rovers,1.25,5.0,10.0,,,,,,,,,
2003,2003-11-22,Middlesbrough,Liverpool,2.8,3.25,2.3,,,,,,,,,
2003,2003-11-22,Newcastle United,Manchester City,1.8,3.4,4.0,,,,,,,,,
2003,2003-11-22,Southampton,Chelsea,4.5,3.4,1.72,,,,,,,,,
2003,2003-11-23,Tottenham Hotspur,Aston Villa,1.9,3.25,3.75,,,,,,,,,
2003,2003-11-24,Fulham,Portsmouth,1.83,3.25,4.0,,,,,,,,,
2003,2003-11-29,Aston Villa,Southampton,2.25,3.25,2.87,,,,,,,,,
2003,2003-11-29,Blackburn Rovers,Tottenham Hotspur,2.1,3.25,3.2,,,,,,,,,
2003,2003-11-29,Bolton Wanderers,Everton,2.25,3.25,2.87,,,,,,,,,
2003,2003-11-29,Charlton Athletic,Leeds United,1.61,3.4,5.5,,,,,,,,,
2003,2003-11-29,Portsmouth,Leicester City,1.8,3.4,4.0,,,,,,,,,
2003,2003-11-29,Wolverhampton Wanderers,Newcastle United,3.75,3.25,1.9,,,,,,,,,
2003,2003-11-30,Arsenal,Fulham,1.33,4.33,8.5,,,,,,,,,
2003,2003-11-30,Chelsea,Manchester United,2.37,3.25,2.7,,,,,,,,,
2003,2003-11-30,Liverpool,Birmingham City,1.57,3.6,5.5,,,,,,,,,
2003,2003-11-30,Manchester City,Middlesbrough,1.9,3.25,3.75,,,,,,,,,
2003,2003-12-06,Birmingham City,Blackburn Rovers,2.2,3.2,3.0,,,,,,,,,
2003,2003-12-06,Fulham,Bolton Wanderers,1.8,3.2,4.33,,,,,,,,,
2003,2003-12-06,Leeds United,Chelsea,6.5,3.6,1.5,,,,,,,,,
2003,2003-12-06,Leicester City,Arsenal,6.5,3.4,1.53,,,,,,,,,
2003,2003-12-06,Manchester United,Aston Villa,1.28,4.5,10.0,,,,,,,,,
2003,2003-12-06,Middlesbrough,Portsmouth,1.72,3.4,4.5,,,,,,,,,
2003,2003-12-06,Newcastle United,Liverpool,2.25,3.4,2.75,,,,,,,,,
2003,2003-12-06,Tottenham Hotspur,Wolverhampton Wanderers,1.66,3.4,5.0,,,,,,,,,
2003,2003-12-07,Everton,Manchester City,2.3,3.4,2.7,,,,,,,,,
2003,2003-12-07,Southampton,Charlton Athletic,2.25,3.25,2.87,,,,,,,,,
2003,2003-12-13,Chelsea,Bolton Wanderers,1.286,4.5,10.0,,,,,,,,,
2003,2003-12-13,Leicester City,Birmingham City,2.25,3.25,2.875,,,,,,,,,
2003,2003-12-13,Liverpool,Southampton,1.571,3.4,6.0,,,,,,,,,
2003,2003-12-13,Manchester United,Manchester City,1.4,3.75,8.5,,,,,,,,,
2003,2003-12-13,Middlesbrough,Charlton Athletic,2.1,3.25,3.2,,,,,,,,,
2003,2003-12-13,Newcastle United,Tottenham Hotspur,1.615,3.4,5.5,,,,,,,,,
2003,2003-12-13,Portsmouth,Everton,2.2,3.2,3.0,,,,,,,,,
2003,2003-12-14,Arsenal,Blackburn Rovers,1.364,4.333,7.5,,,,,,,,,
2003,2003-12-14,Aston Villa,Wolverhampton Wanderers,1.727,3.4,4.5,,,,,,,,,
2003,2003-12-14,Leeds United,Fulham,2.5,3.2,2.6,,,,,,,,,
2003,2003-12-20,Blackburn Rovers,Aston Villa,1.909,3.3,4.0,,,,,,,,,
2003,2003-12-20,Bolton Wanderers,Arsenal,5.0,3.6,1.667,,,,,,,,,
2003,2003-12-20,Charlton Athletic,Newcastle United,2.875,3.3,2.375,,,,,,,,,
2003,2003-12-20,Everton,Leicester City,1.8,3.4,4.0,,,,,,,,,
2003,2003-12-20,Fulham,Chelsea,4.5,3.4,1.8,,,,,,,,,
2003,2003-12-21,Southampton,Portsmouth,1.727,3.4,5.0,,,,,,,,,
2003,2003-12-21,Tottenham Hotspur,Manchester United,5.5,3.6,1.615,,,,,,,,,
2003,2003-12-22,Manchester City,Leeds United,1.909,3.3,4.0,,,,,,,,,
2003,2003-12-26,Arsenal,Wolverhampton Wanderers,1.167,6.5,15.0,,,,,,,,,
2003,2003-12-26,Birmingham City,Manchester City,2.25,3.25,3.1,,,,,,,,,
2003,2003-12-26,Blackburn Rovers,Middlesbrough,2.25,3.25,3.1,,,,,,,,,
2003,2003-12-26,Charlton Athletic,Chelsea,5.5,3.4,1.667,,,,,,,,,
2003,2003-12-26,Fulham,Southampton,2.2,3.25,3.2,,,,,,,,,
2003,2003-12-26,Leeds United,Aston Villa,2.3,3.25,3.0,,,,,,,,,
2003,2003-12-26,Leicester City,Newcastle United,3.25,3.4,2.1,,,,,,,,,
2003,2003-12-26,Liverpool,Bolton Wanderers,1.667,3.6,5.0,,,,,,,,,
2003,2003-12-26,Manchester United,Everton,1.25,5.5,10.0,,,,,,,,,
2003,2003-12-26,Portsmouth,Tottenham Hotspur,2.5,3.25,2.7,,,,,,,,,
2003,2003-12-28,Aston Villa,Fulham,2.2,3.25,3.2,,,,,,,,,
2003,2003-12-28,Bolton Wanderers,Leicester City,1.8,3.4,4.5,,,,,,,,,
2003,2003-12-28,Chelsea,Portsmouth,1.25,5.5,11.0,,,,,,,,,
2003,2003-12-28,Everton,Birmingham City,2.1,3.25,3.4,,,,,,,,,
2003,2003-12-28,Manchester City,Liverpool,2.87,3.25,2.37,,,,,,,,,
2003,2003-12-28,Middlesbrough,Manchester United,5.0,3.6,1.66,,,,,,,,,
2003,2003-12-28,Newcastle United,Blackburn Rovers,1.61,3.6,5.5,,,,,,,,,
2003,2003-12-28,Tottenham Hotspur,Charlton Athletic,2.3,3.25,3.0,,,,,,,,,
2003,2003-12-28,Wolverhampton Wanderers,Leeds United,2.62,3.25,2.6,,,,,,,,,
2003,2003-12-29,Southampton,Arsenal,4.5,3.6,1.72,,,,,,,,,
2003,2004-01-06,Aston Villa,Portsmouth,1.66,3.4,5.5,,,,,,,,,
2003,2004-01-07,Bolton Wanderers,Manchester United,6.5,3.5,1.57,,,,,,,,,
2003,2004-01-07,Chelsea,Liverpool,1.8,3.4,4.5,,,,,,,,,
2003,2004-01-07,Everton,Arsenal,5.5,3.4,1.66,,,,,,,,,
2003,2004-01-07,Manchester City,Charlton Athletic,2.3,3.25,3.0,,,,,,,,,
2003,2004-01-07,Middlesbrough,Fulham,2.2,3.25,3.2,,,,,,,,,
2003,2004-01-07,Newcastle United,Leeds United,1.53,3.6,7.0,,,,,,,,,
2003,2004-01-07,Southampton,Leicester City,1.8,3.4,4.5,,,,,,,,,
2003,2004-01-07,Tottenham Hotspur,Birmingham City,2.2,3.25,3.2,,,,,,,,,
2003,2004-01-07,Wolverhampton Wanderers,Blackburn Rovers,2.87,3.25,2.4,,,,,,,,,
2003,2004-01-10,Arsenal,Middlesbrough,1.28,5.0,10.0,,,,,,,,,
2003,2004-01-10,Birmingham City,Southampton,2.1,3.25,3.4,,,,,,,,,
2003,2004-01-10,Blackburn Rovers,Bolton Wanderers,2.1,3.25,3.4,,,,,,,,,
2003,2004-01-10,Charlton Athletic,Wolverhampton Wanderers,1.57,3.5,6.5,,,,,,,,,
2003,2004-01-10,Fulham,Everton,2.1,3.25,3.4,,,,,,,,,
2003,2004-01-10,Leeds United,Tottenham Hotspur,2.5,3.25,2.7,,,,,,,,,
2003,2004-01-10,Liverpool,Aston Villa,1.66,3.4,5.5,,,,,,,,,
2003,2004-01-10,Portsmouth,Manchester City,2.5,3.25,2.7,,,,,,,,,
2003,2004-01-11,Leicester City,Chelsea,6.0,3.5,1.61,,,,,,,,,
2003,2004-01-11,Manchester United,Newcastle United,1.44,4.0,7.5,,,,,,,,,
2003,2004-01-17,Bolton Wanderers,Portsmouth,1.83,3.25,4.5,,,,,,,,,
2003,2004-01-17,Everton,Charlton Athletic,2.25,3.25,3.1,,,,,,,,,
2003,2004-01-17,Manchester City,Blackburn Rovers,2.1,3.25,3.4,,,,,,,,,
2003,2004-01-17,Middlesbrough,Leicester City,1.72,3.3,5.0,,,,,,,,,
2003,2004-01-17,Southampton,Leeds United,1.72,3.3,5.0,,,,,,,,,
2003,2004-01-17,Tottenham Hotspur,Liverpool,2.87,3.25,2.37,,,,,,,,,
2003,2004-01-17,Wolverhampton Wanderers,Manchester United,8.5,4.5,1.36,,,,,,,,,
2003,2004-01-18,Aston Villa,Arsenal,5.5,3.4,1.66,,,,,,,,,
2003,2004-01-18,Chelsea,Birmingham City,1.3,4.5,12.0,,,,,,,,,
2003,2004-01-19,Newcastle United,Fulham,1.66,3.4,5.5,,,,,,,,,
2003,2004-01-21,Wolverhampton Wanderers,Liverpool,4.5,3.4,1.8,,,,,,,,,
2003,2004-01-31,Birmingham City,Newcastle United,2.7,3.25,2.5,,,,,,,,,
2003,2004-01-31,Charlton Athletic,Bolton Wanderers,1.8,3.3,4.5,,,,,,,,,
2003,2004-01-31,Fulham,Tottenham Hotspur,2.375,3.25,2.875,,,,,,,,,
2003,2004-01-31,Leeds United,Middlesbrough,2.5,3.25,2.7,,,,,,,,,
2003,2004-01-31,Leicester City,Aston Villa,2.5,3.25,2.7,,,,,,,,,
2003,2004-01-31,Liverpool,Everton,1.727,3.4,5.0,,,,,,,,,
2003,2004-01-31,Manchester United,Southampton,1.25,5.5,10.0,,,,,,,,,
2003,2004-01-31,Portsmouth,Wolverhampton Wanderers,1.909,3.25,4.0,,,,,,,,,
2003,2004-02-01,Arsenal,Manchester City,1.25,5.5,10.0,,,,,,,,,
2003,2004-02-01,Blackburn Rovers,Chelsea,4.5,3.3,1.8,,,,,,,,,
2003,2004-02-07,Aston Villa,Leeds United,1.615,3.4,6.0,,,,,,,,,
2003,2004-02-07,Bolton Wanderers,Liverpool,3.1,3.2,2.25,,,,,,,,,
2003,2004-02-07,Everton,Manchester United,5.5,3.6,1.615,,,,,,,,,
2003,2004-02-07,Middlesbrough,Blackburn Rovers,1.909,3.25,4.0,,,,,,,,,
2003,2004-02-07,Newcastle United,Leicester City,1.4,4.333,7.5,,,,,,,,,
2003,2004-02-07,Southampton,Fulham,2.1,3.25,3.4,,,,,,,,,
2003,2004-02-07,Tottenham Hotspur,Portsmouth,1.667,3.4,5.5,,,,,,,,,
2003,2004-02-07,Wolverhampton Wanderers,Arsenal,9.0,4.0,1.4,,,,,,,,,
2003,2004-02-08,Chelsea,Charlton Athletic,1.364,4.333,9.0,,,,,,,,,
2003,2004-02-08,Manchester City,Birmingham City,2.0,3.4,3.5,,,,,,,,,
2003,2004-02-10,Arsenal,Southampton,1.25,5.0,13.0,,,,,,,,,
2003,2004-02-10,Leeds United,Wolverhampton Wanderers,2.1,3.25,3.4,,,,,,,,,
2003,2004-02-10,Leicester City,Bolton Wanderers,2.7,3.25,2.5,,,,,,,,,
2003,2004-02-11,Birmingham City,Everton,2.1,3.25,3.4,,,,,,,,,
2003,2004-02-11,Blackburn Rovers,Newcastle United,2.87,3.25,2.37,,,,,,,,,
2003,2004-02-11,Charlton Athletic,Tottenham Hotspur,2.1,3.25,3.4,,,,,,,,,
2003,2004-02-11,Fulham,Aston Villa,2.2,3.25,3.2,,,,,,,,,
2003,2004-02-11,Liverpool,Manchester City,1.61,3.6,5.5,,,,,,,,,
2003,2004-02-11,Manchester United,Middlesbrough,1.25,5.5,11.0,,,,,,,,,
2003,2004-02-11,Portsmouth,Chelsea,5.5,3.6,1.61,,,,,,,,,
2003,2004-02-21,Bolton Wanderers,Manchester City,2.2,3.25,3.2,,,,,,,,,
2003,2004-02-21,Charlton Athletic,Blackburn Rovers,2.2,3.25,3.2,,,,,,,,,
2003,2004-02-21,Chelsea,Arsenal,2.625,3.2,2.6,,,,,,,,,
2003,2004-02-21,Manchester United,Leeds United,1.222,5.5,13.0,,,,,,,,,
2003,2004-02-21,Newcastle United,Middlesbrough,1.727,3.4,5.0,,,,,,,,,
2003,2004-02-21,Southampton,Everton,2.0,3.2,3.75,,,,,,,,,
2003,2004-02-21,Wolverhampton Wanderers,Fulham,2.6,3.2,2.625,,,,,,,,,
2003,2004-02-22,Aston Villa,Birmingham City,2.1,3.1,3.6,,,,,,,,,
2003,2004-02-22,Tottenham Hotspur,Leicester City,1.571,3.5,6.5,,,,,,,,,
2003,2004-02-28,Arsenal,Charlton Athletic,1.286,5.0,10.0,,,,,,,,,
2003,2004-02-28,Blackburn Rovers,Southampton,2.1,3.25,3.4,,,,,,,,,
2003,2004-02-28,Everton,Aston Villa,2.375,3.25,2.875,,,,,,,,,
2003,2004-02-28,Fulham,Manchester United,5.0,3.6,1.667,,,,,,,,,
2003,2004-02-28,Leicester City,Wolverhampton Wanderers,2.2,3.25,3.2,,,,,,,,,
2003,2004-02-28,Manchester City,Chelsea,4.333,3.3,1.833,,,,,,,,,
2003,2004-02-29,Leeds United,Liverpool,3.2,3.25,2.2,,,,,,,,,
2003,2004-02-29,Portsmouth,Newcastle United,3.2,3.25,2.2,,,,,,,,,
2003,2004-03-03,Birmingham City,Middlesbrough,2.1,3.25,3.4,,,,,,,,,
2003,2004-03-06,Birmingham City,Bolton Wanderers,2.1,3.25,3.2,,,,,,,,,
2003,2004-03-09,Middlesbrough,Tottenham Hotspur,2.2,3.25,2.8,,,,,,,,,
2003,2004-03-13,Birmingham City,Leicester City,1.571,3.5,6.5,,,,,,,,,
2003,2004-03-13,Blackburn Rovers,Arsenal,6.5,3.75,1.533,,,,,,,,,
2003,2004-03-13,Bolton Wanderers,Chelsea,4.5,3.6,1.727,,,,,,,,,
2003,2004-03-13,Charlton Athletic,Middlesbrough,2.2,3.25,3.2,,,,,,,,,
2003,2004-03-13,Everton,Portsmouth,1.727,3.4,5.0,,,,,,,,,
2003,2004-03-13,Fulham,Leeds United,1.833,3.3,4.333,,,,,,,,,
2003,2004-03-14,Manchester City,Manchester United,4.0,3.25,1.909,,,,,,,,,
2003,2004-03-14,Southampton,Liverpool,2.875,3.25,2.375,,,,,,,,,
2003,2004-03-14,Tottenham Hotspur,Newcastle United,2.5,3.25,2.7,,,,,,,,,
2003,2004-03-14,Wolverhampton Wanderers,Aston Villa,2.7,3.25,2.5,,,,,,,,,
2003,2004-03-17,Liverpool,Portsmouth,1.44,4.0,7.5,,,,,,,,,
2003,2004-03-20,Arsenal,Bolton Wanderers,1.222,5.5,13.0,,,,,,,,,
2003,2004-03-20,Aston Villa,Blackburn Rovers,1.8,3.4,4.5,,,,,,,,,
2003,2004-03-20,Chelsea,Fulham,1.444,4.0,7.5,,,,,,,,,
2003,2004-03-20,Leicester City,Everton,2.5,3.25,2.7,,,,,,,,,
2003,2004-03-20,Liverpool,Wolverhampton Wanderers,1.364,4.333,9.0,,,,,,,,,
2003,2004-03-20,Manchester United,Tottenham Hotspur,1.444,4.0,7.5,,,,,,,,,
2003,2004-03-20,Middlesbrough,Birmingham City,2.2,3.2,3.25,,,,,,,,,
2003,2004-03-20,Newcastle United,Charlton Athletic,1.727,3.4,5.0,,,,,,,,,
2003,2004-03-21,Portsmouth,Southampton,2.6,3.1,2.7,,,,,,,,,
2003,2004-03-22,Leeds United,Manchester City,2.5,3.25,2.7,,,,,,,,,
2003,2004-03-27,Birmingham City,Leeds United,1.833,3.3,4.333,,,,,,,,,
2003,2004-03-27,Blackburn Rovers,Portsmouth,1.8,3.4,4.333,,,,,,,,,
2003,2004-03-27,Charlton Athletic,Aston Villa,2.2,3.25,3.2,,,,,,,,,
2003,2004-03-27,Chelsea,Wolverhampton Wanderers,1.25,5.0,13.0,,,,,,,,,
2003,2004-03-27,Everton,Middlesbrough,2.2,3.25,3.2,,,,,,,,,
2003,2004-03-27,Manchester City,Fulham,2.0,3.4,3.5,,,,,,,,,
2003,2004-03-27,Southampton,Tottenham Hotspur,2.25,3.2,3.1,,,,,,,,,
2003,2004-03-28,Arsenal,Manchester United,2.1,3.25,3.4,,,,,,,,,
2003,2004-03-28,Bolton Wanderers,Newcastle United,2.875,3.25,2.375,,,,,,,,,
2003,2004-03-28,Leicester City,Liverpool,3.4,3.25,2.1,,,,,,,,,
2003,2004-04-03,Fulham,Birmingham City,2.25,3.2,3.1,,,,,,,,,
2003,2004-04-03,Middlesbrough,Bolton Wanderers,1.909,3.25,4.0,,,,,,,,,
2003,2004-04-03,Newcastle United,Everton,1.615,3.4,6.0,,,,,,,,,
2003,2004-04-03,Tottenham Hotspur,Chelsea,4.0,3.25,1.909,,,,,,,,,
2003,2004-04-03,Wolverhampton Wanderers,Southampton,2.5,3.4,2.625,,,,,,,,,
2003,2004-04-04,Aston Villa,Manchester City,1.909,3.3,4.0,,,,,,,,,
2003,2004-04-04,Liverpool,Blackburn Rovers,1.615,3.4,6.0,,,,,,,,,
2003,2004-04-05,Leeds United,Leicester City,2.0,3.3,3.6,,,,,,,,,
2003,2004-04-09,Arsenal,Liverpool,1.909,3.1,4.333,,,,,,,,,
2003,2004-04-09,Everton,Tottenham Hotspur,2.2,3.25,3.2,,,,,,,,,
2003,2004-04-10,Birmingham City,Manchester United,4.5,3.3,1.8,,,,,,,,,
2003,2004-04-10,Blackburn Rovers,Leeds United,2.1,3.25,3.4,,,,,,,,,
2003,2004-04-10,Bolton Wanderers,Aston Villa,2.5,3.25,2.7,,,,,,,,,
2003,2004-04-10,Charlton Athletic,Portsmouth,1.8,3.5,4.2,,,,,,,,,
2003,2004-04-10,Chelsea,Middlesbrough,1.364,4.5,8.5,,,,,,,,,
2003,2004-04-10,Leicester City,Fulham,2.3,3.25,3.0,,,,,,,,,
2003,2004-04-10,Manchester City,Wolverhampton Wanderers,1.615,3.6,5.5,,,,,,,,,
2003,2004-04-11,Newcastle United,Arsenal,3.2,3.25,2.2,,,,,,,,,
2003,2004-04-12,Aston Villa,Chelsea,3.5,3.4,2.0,,,,,,,,,
2003,2004-04-12,Fulham,Blackburn Rovers,2.0,3.25,3.75,,,,,,,,,
2003,2004-04-12,Liverpool,Charlton Athletic,1.615,3.5,6.0,,,,,,,,,
2003,2004-04-12,Middlesbrough,Southampton,2.1,3.25,3.4,,,,,,,,,
2003,2004-04-12,Portsmouth,Birmingham City,2.375,3.25,2.875,,,,,,,,,
2003,2004-04-12,Tottenham Hotspur,Manchester City,2.2,3.25,3.2,,,,,,,,,
2003,2004-04-12,Wolverhampton Wanderers,Bolton Wanderers,2.4,3.4,2.75,,,,,,,,,
2003,2004-04-13,Leeds United,Everton,2.2,3.3,3.2,,,,,,,,,
2003,2004-04-13,Manchester United,Leicester City,1.286,5.0,10.0,,,,,,,,,
2003,2004-04-16,Arsenal,Leeds United,1.333,5.0,8.0,,,,,,,,,
2003,2004-04-17,Blackburn Rovers,Leicester City,1.909,3.5,3.75,,,,,,,,,
2003,2004-04-17,Bolton Wanderers,Tottenham Hotspur,2.25,3.2,3.1,,,,,,,,,
2003,2004-04-17,Charlton Athletic,Birmingham City,2.1,3.25,3.4,,,,,,,,,
2003,2004-04-17,Chelsea,Everton,1.444,4.0,7.5,,,,,,,,,
2003,2004-04-17,Liverpool,Fulham,1.615,3.4,6.0,,,,,,,,,
2003,2004-04-17,Manchester City,Southampton,1.909,3.3,4.0,,,,,,,,,
2003,2004-04-17,Portsmouth,Manchester United,4.5,3.6,1.727,,,,,,,,,
2003,2004-04-17,Wolverhampton Wanderers,Middlesbrough,2.75,3.4,2.375,,,,,,,,,
2003,2004-04-18,Aston Villa,Newcastle United,2.375,3.25,2.875,,,,,,,,,
2003,2004-04-20,Manchester United,Charlton Athletic,1.4,4.333,7.5,,,,,,,,,
2003,2004-04-24,Everton,Blackburn Rovers,2.2,3.25,3.2,,,,,,,,,
2003,2004-04-24,Fulham,Charlton Athletic,2.25,3.3,3.0,,,,,,,,,
2003,2004-04-24,Leicester City,Manchester City,2.5,3.4,2.62,,,,,,,,,
2003,2004-04-24,Manchester United,Liverpool,1.8,3.3,4.5,,,,,,,,,
2003,2004-04-24,Middlesbrough,Aston Villa,2.3,3.25,3.0,,,,,,,,,
2003,2004-04-24,Southampton,Bolton Wanderers,1.9,3.25,4.0,,,,,,,,,
2003,2004-04-25,Birmingham City,Wolverhampton Wanderers,1.61,3.6,5.5,,,,,,,,,
2003,2004-04-25,Leeds United,Portsmouth,2.1,3.25,3.4,,,,,,,,,
2003,2004-04-25,Newcastle United,Chelsea,2.7,3.25,2.5,,,,,,,,,
2003,2004-04-25,Tottenham Hotspur,Arsenal,5.5,3.4,1.66,,,,,,,,,
2003,2004-05-01,Arsenal,Birmingham City,1.36,4.33,9.0,,,,,,,,,
2003,2004-05-01,Blackburn Rovers,Manchester United,3.75,3.5,1.9,,,,,,,,,
2003,2004-05-01,Charlton Athletic,Leicester City,1.8,3.4,4.33,,,,,,,,,
2003,2004-05-01,Chelsea,Southampton,1.53,3.6,6.5,,,,,,,,,
2003,2004-05-01,Manchester City,Newcastle United,2.62,3.4,2.5,,,,,,,,,
2003,2004-05-01,Portsmouth,Fulham,2.2,3.25,3.2,,,,,,,,,
2003,2004-05-01,Wolverhampton Wanderers,Everton,2.5,3.4,2.62,,,,,,,,,
2003,2004-05-02,Aston Villa,Tottenham Hotspur,1.66,3.6,5.0,,,,,,,,,
2003,2004-05-02,Bolton Wanderers,Leeds United,2.25,3.5,2.87,,,,,,,,,
2003,2004-05-02,Liverpool,Middlesbrough,1.57,3.5,6.5,,,,,,,,,
2003,2004-05-04,Portsmouth,Arsenal,4.5,3.3,1.8,,,,,,,,,
2003,2004-05-08,Birmingham City,Liverpool,3.4,3.25,2.1,,,,,,,,,
2003,2004-05-08,Everton,Bolton Wanderers,2.25,3.3,3.0,,,,,,,,,
2003,2004-05-08,Leeds United,Charlton Athletic,2.6,3.25,2.6,,,,,,,,,
2003,2004-05-08,Leicester City,Portsmouth,2.4,3.4,2.75,,,,,,,,,
2003,2004-05-08,Manchester United,Chelsea,2.25,3.2,3.1,,,,,,,,,
2003,2004-05-08,Middlesbrough,Manchester City,2.1,3.25,3.4,,,,,,,,,
2003,2004-05-08,Southampton,Aston Villa,2.87,3.4,2.3,,,,,,,,,
2003,2004-05-08,Tottenham Hotspur,Blackburn Rovers,2.3,3.4,2.87,,,,,,,,,
2003,2004-05-09,Fulham,Arsenal,3.25,3.4,2.1,,,,,,,,,
2003,2004-05-09,Newcastle United,Wolverhampton Wanderers,1.3,5.0,9.0,,,,,,,,,
2003,2004-05-12,Southampton,Newcastle United,2.87,3.6,2.2,,,,,,,,,
2003,2004-05-15,Arsenal,Leicester City,1.25,5.0,13.0,,,,,,,,,
2003,2004-05-15,Aston Villa,Manchester United,2.2,3.4,3.0,,,,,,,,,
2003,2004-05-15,Blackburn Rovers,Birmingham City,2.1,3.4,3.25,,,,,,,,,
2003,2004-05-15,Bolton Wanderers,Fulham,2.0,3.2,3.75,,,,,,,,,
2003,2004-05-15,Charlton Athletic,Southampton,2.0,3.3,3.6,,,,,,,,,
2003,2004-05-15,Chelsea,Leeds United,1.33,4.5,9.0,,,,,,,,,
2003,2004-05-15,Liverpool,Newcastle United,2.0,3.3,3.6,,,,,,,,,
2003,2004-05-15,Manchester City,Everton,2.1,3.25,3.4,,,,,,,,,
2003,2004-05-15,Portsmouth,Middlesbrough,2.25,3.3,3.0,,,,,,,,,
2003,2004-05-15,Wolverhampton Wanderers,Tottenham Hotspur,2.37,3.3,2.8,,,,,,,,,
2004,2004-08-14,Aston Villa,Southampton,1.9,3.1,4.33,,,,,,,,,
2004,2004-08-14,Blackburn Rovers,West Bromwich Albion,1.8,3.1,5.0,,,,,,,,,
2004,2004-08-14,Bolton Wanderers,Charlton Athletic,2.25,3.2,3.1,,,,,,,,,
2004,2004-08-14,Manchester City,Fulham,2.1,3.25,3.4,,,,,,,,,
2004,2004-08-14,Middlesbrough,Newcastle United,2.3,3.25,3.0,,,,,,,,,
2004,2004-08-14,Norwich City,Crystal Palace,2.1,3.25,3.4,,,,,,,,,
2004,2004-08-14,Portsmouth,Birmingham City,2.4,3.2,2.87,,,,,,,,,
2004,2004-08-14,Tottenham Hotspur,Liverpool,3.1,3.2,2.25,,,,,,,,,
2004,2004-08-15,Chelsea,Manchester United,2.1,3.25,3.4,,,,,,,,,
2004,2004-08-15,Everton,Arsenal,6.0,3.4,1.61,,,,,,,,,
2004,2004-08-21,Birmingham City,Chelsea,4.5,3.2,1.83,,,,,,,,,
2004,2004-08-21,Charlton Athletic,Portsmouth,2.0,3.2,3.75,,,,,,,,,
2004,2004-08-21,Crystal Palace,Everton,2.3,3.25,3.0,,,,,,,,,
2004,2004-08-21,Fulham,Bolton Wanderers,2.25,3.2,3.1,,,,,,,,,
2004,2004-08-21,Liverpool,Manchester City,1.57,3.5,6.5,,,,,,,,,
2004,2004-08-21,Manchester United,Norwich City,1.25,5.0,13.0,,,,,,,,,
2004,2004-08-21,Newcastle United,Tottenham Hotspur,1.66,3.4,5.5,,,,,,,,,
2004,2004-08-21,Southampton,Blackburn Rovers,2.3,3.25,3.0,,,,,,,,,
2004,2004-08-22,Arsenal,Middlesbrough,1.36,4.33,9.0,,,,,,,,,
2004,2004-08-22,West Bromwich Albion,Aston Villa,2.87,3.2,2.4,,,,,,,,,
2004,2004-08-24,Birmingham City,Manchester City,1.9,3.1,4.33,,,,,,,,,
2004,2004-08-24,Crystal Palace,Chelsea,8.5,3.75,1.44,,,,,,,,,
2004,2004-08-25,Arsenal,Blackburn Rovers,1.28,5.0,10.0,,,,,,,,,
2004,2004-08-25,Charlton Athletic,Aston Villa,2.5,3.2,2.75,,,,,,,,,
2004,2004-08-25,Fulham,Middlesbrough,2.5,3.2,2.75,,,,,,,,,
2004,2004-08-25,Newcastle United,Norwich City,1.44,4.0,7.5,,,,,,,,,
2004,2004-08-25,Southampton,Bolton Wanderers,2.25,3.2,3.1,,,,,,,,,
2004,2004-08-25,West Bromwich Albion,Tottenham Hotspur,2.75,3.2,2.5,,,,,,,,,
2004,2004-08-28,Aston Villa,Newcastle United,2.4,3.2,2.87,,,,,,,,,
2004,2004-08-28,Blackburn Rovers,Manchester United,5.0,3.4,1.72,,,,,,,,,
2004,2004-08-28,Chelsea,Southampton,1.28,5.0,10.0,,,,,,,,,
2004,2004-08-28,Everton,West Bromwich Albion,2.0,3.2,3.75,,,,,,,,,
2004,2004-08-28,Manchester City,Charlton Athletic,2.25,3.2,3.1,,,,,,,,,
2004,2004-08-28,Middlesbrough,Crystal Palace,1.44,4.0,7.5,,,,,,,,,
2004,2004-08-28,Norwich City,Arsenal,9.0,4.33,1.36,,,,,,,,,
2004,2004-08-28,Tottenham Hotspur,Birmingham City,2.0,3.2,3.75,,,,,,,,,
2004,2004-08-29,Bolton Wanderers,Liverpool,3.2,3.25,2.2,,,,,,,,,
2004,2004-08-30,Manchester United,Everton,1.28,5.0,10.0,,,,,,,,,
2004,2004-08-30,Portsmouth,Fulham,2.3,3.25,3.0,,,,,,,,,
2004,2004-09-11,Aston Villa,Chelsea,4.333,3.1,1.909,,,,,,,,,
2004,2004-09-11,Bolton Wanderers,Manchester United,3.75,3.5,1.909,,,,,,,,,
2004,2004-09-11,Fulham,Arsenal,7.0,3.6,1.533,,,,,,,,,
2004,2004-09-11,Liverpool,West Bromwich Albion,1.444,3.75,8.5,,,,,,,,,
2004,2004-09-11,Manchester City,Everton,1.909,3.1,4.333,,,,,,,,,
2004,2004-09-11,Middlesbrough,Birmingham City,1.909,3.1,4.333,,,,,,,,,
2004,2004-09-11,Newcastle United,Blackburn Rovers,1.667,3.4,5.5,,,,,,,,,
2004,2004-09-11,Portsmouth,Crystal Palace,1.8,3.5,4.333,,,,,,,,,
2004,2004-09-12,Tottenham Hotspur,Norwich City,1.571,3.5,6.5,,,,,,,,,
2004,2004-09-13,Charlton Athletic,Southampton,1.833,3.3,4.333,,,,,,,,,
2004,2004-09-18,Arsenal,Bolton Wanderers,1.25,5.0,13.0,,,,,,,,,
2004,2004-09-18,Birmingham City,Charlton Athletic,1.9,3.1,4.33,,,,,,,,,
2004,2004-09-18,Blackburn Rovers,Portsmouth,2.2,3.25,3.2,,,,,,,,,
2004,2004-09-18,Crystal Palace,Manchester City,2.6,3.2,2.62,,,,,,,,,
2004,2004-09-18,Norwich City,Aston Villa,2.75,3.2,2.5,,,,,,,,,
2004,2004-09-18,West Bromwich Albion,Fulham,2.5,3.2,2.75,,,,,,,,,
2004,2004-09-19,Chelsea,Tottenham Hotspur,1.5,3.6,7.5,,,,,,,,,
2004,2004-09-19,Everton,Middlesbrough,2.5,3.2,2.75,,,,,,,,,
2004,2004-09-19,Southampton,Newcastle United,2.87,3.25,2.37,,,,,,,,,
2004,2004-09-20,Manchester United,Liverpool,2.0,3.2,3.75,,,,,,,,,
2004,2004-09-25,Aston Villa,Crystal Palace,1.5,3.6,7.5,,,,,,,,,
2004,2004-09-25,Bolton Wanderers,Birmingham City,2.0,3.2,3.75,,,,,,,,,
2004,2004-09-25,Fulham,Southampton,2.0,3.2,3.75,,,,,,,,,
2004,2004-09-25,Liverpool,Norwich City,1.4,4.0,9.0,,,,,,,,,
2004,2004-09-25,Manchester City,Arsenal,6.5,3.5,1.57,,,,,,,,,
2004,2004-09-25,Middlesbrough,Chelsea,3.5,3.2,2.1,,,,,,,,,
2004,2004-09-25,Newcastle United,West Bromwich Albion,1.5,3.75,7.0,,,,,,,,,
2004,2004-09-25,Tottenham Hotspur,Manchester United,3.4,3.25,2.1,,,,,,,,,
2004,2004-09-26,Portsmouth,Everton,2.25,3.2,3.1,,,,,,,,,
2004,2004-09-27,Charlton Athletic,Blackburn Rovers,2.1,3.25,3.4,,,,,,,,,
2004,2004-10-02,Arsenal,Charlton Athletic,1.28,5.0,10.0,,,,,,,,,
2004,2004-10-02,Blackburn Rovers,Aston Villa,2.37,3.25,2.87,,,,,,,,,
2004,2004-10-02,Everton,Tottenham Hotspur,2.25,3.2,3.1,,,,,,,,,
2004,2004-10-02,Norwich City,Portsmouth,2.37,3.25,2.87,,,,,,,,,
2004,2004-10-02,Southampton,Manchester City,2.37,3.25,2.87,,,,,,,,,
2004,2004-10-02,West Bromwich Albion,Bolton Wanderers,2.75,3.2,2.5,,,,,,,,,
2004,2004-10-03,Birmingham City,Newcastle United,2.62,3.2,2.6,,,,,,,,,
2004,2004-10-03,Chelsea,Liverpool,1.8,3.1,5.0,,,,,,,,,
2004,2004-10-03,Manchester United,Middlesbrough,1.4,4.0,9.0,,,,,,,,,
2004,2004-10-04,Crystal Palace,Fulham,2.62,3.2,2.6,,,,,,,,,
2004,2004-10-16,Arsenal,Aston Villa,1.3,5.0,9.5,,,,,,,,,
2004,2004-10-16,Birmingham City,Manchester United,5.5,3.2,1.72,,,,,,,,,
2004,2004-10-16,Blackburn Rovers,Middlesbrough,2.5,3.2,2.75,,,,,,,,,
2004,2004-10-16,Bolton Wanderers,Crystal Palace,1.61,3.6,5.5,,,,,,,,,
2004,2004-10-16,Everton,Southampton,1.72,3.4,5.0,,,,,,,,,
2004,2004-10-16,Fulham,Liverpool,3.4,3.25,2.1,,,,,,,,,
2004,2004-10-16,Manchester City,Chelsea,5.5,3.2,1.72,,,,,,,,,
2004,2004-10-16,West Bromwich Albion,Norwich City,2.1,3.25,3.4,,,,,,,,,
2004,2004-10-17,Charlton Athletic,Newcastle United,2.75,3.2,2.5,,,,,,,,,
2004,2004-10-18,Portsmouth,Tottenham Hotspur,2.6,3.2,2.62,,,,,,,,,
2004,2004-10-23,Aston Villa,Fulham,1.8,3.3,4.5,,,,,,,,,
2004,2004-10-23,Chelsea,Blackburn Rovers,1.28,5.0,10.0,,,,,,,,,
2004,2004-10-23,Crystal Palace,West Bromwich Albion,2.3,3.25,3.0,,,,,,,,,
2004,2004-10-23,Liverpool,Charlton Athletic,1.5,3.6,7.5,,,,,,,,,
2004,2004-10-23,Norwich City,Everton,2.75,3.2,2.5,,,,,,,,,
2004,2004-10-23,Tottenham Hotspur,Bolton Wanderers,1.9,3.25,4.0,,,,,,,,,
2004,2004-10-24,Manchester United,Arsenal,2.62,3.0,2.75,,,,,,,,,
2004,2004-10-24,Middlesbrough,Portsmouth,1.66,3.4,5.5,,,,,,,,,
2004,2004-10-24,Newcastle United,Manchester City,1.66,3.4,5.5,,,,,,,,,
2004,2004-10-24,Southampton,Birmingham City,2.5,3.2,2.75,,,,,,,,,
2004,2004-10-30,Arsenal,Southampton,1.16,6.5,15.0,,,,,,,,,
2004,2004-10-30,Birmingham City,Crystal Palace,1.83,3.25,4.5,,,,,,,,,
2004,2004-10-30,Blackburn Rovers,Liverpool,5.0,3.1,1.8,,,,,,,,,
2004,2004-10-30,Charlton Athletic,Middlesbrough,2.6,3.2,2.62,,,,,,,,,
2004,2004-10-30,Everton,Aston Villa,2.1,3.2,3.5,,,,,,,,,
2004,2004-10-30,Fulham,Tottenham Hotspur,2.5,3.2,2.75,,,,,,,,,
2004,2004-10-30,Portsmouth,Manchester United,5.5,3.4,1.66,,,,,,,,,
2004,2004-10-30,West Bromwich Albion,Chelsea,7.5,4.0,1.44,,,,,,,,,
2004,2004-10-31,Bolton Wanderers,Newcastle United,2.5,3.2,2.75,,,,,,,,,
2004,2004-11-01,Manchester City,Norwich City,1.72,3.4,5.0,,,,,,,,,
2004,2004-11-06,Aston Villa,Portsmouth,1.83,3.3,4.33,,,,,,,,,
2004,2004-11-06,Chelsea,Everton,1.4,4.0,9.0,,,,,,,,,
2004,2004-11-06,Crystal Palace,Arsenal,7.5,4.0,1.44,,,,,,,,,
2004,2004-11-06,Liverpool,Birmingham City,1.5,3.6,7.5,,,,,,,,,
2004,2004-11-06,Norwich City,Blackburn Rovers,2.3,3.25,3.0,,,,,,,,,
2004,2004-11-06,Southampton,West Bromwich Albion,2.0,3.2,3.75,,,,,,,,,
2004,2004-11-06,Tottenham Hotspur,Charlton Athletic,1.9,3.1,4.33,,,,,,,,,
2004,2004-11-07,Manchester United,Manchester City,1.4,4.0,9.0,,,,,,,,,
2004,2004-11-07,Middlesbrough,Bolton Wanderers,2.0,3.2,3.75,,,,,,,,,
2004,2004-11-07,Newcastle United,Fulham,1.57,3.5,6.5,,,,,,,,,
2004,2004-11-13,Birmingham City,Everton,2.37,3.1,3.0,,,,,,,,,
2004,2004-11-13,Bolton Wanderers,Aston Villa,2.25,3.2,3.1,,,,,,,,,
2004,2004-11-13,Charlton Athletic,Norwich City,1.8,3.1,5.0,,,,,,,,,
2004,2004-11-13,Fulham,Chelsea,6.0,3.2,1.66,,,,,,,,,
2004,2004-11-13,Liverpool,Crystal Palace,1.5,3.5,8.0,,,,,,,,,
2004,2004-11-13,Manchester City,Blackburn Rovers,1.8,3.4,4.5,,,,,,,,,
2004,2004-11-13,Southampton,Portsmouth,2.4,3.2,2.87,,,,,,,,,
2004,2004-11-13,Tottenham Hotspur,Arsenal,5.5,3.2,1.72,,,,,,,,,
2004,2004-11-14,Newcastle United,Manchester United,3.0,3.25,2.3,,,,,,,,,
2004,2004-11-14,West Bromwich Albion,Middlesbrough,3.1,3.1,2.3,,,,,,,,,
2004,2004-11-20,Arsenal,West Bromwich Albion,1.16,6.5,15.0,,,,,,,,,
2004,2004-11-20,Chelsea,Bolton Wanderers,1.36,4.33,9.0,,,,,,,,,
2004,2004-11-20,Crystal Palace,Newcastle United,3.1,3.2,2.25,,,,,,,,,
2004,2004-11-20,Everton,Fulham,1.83,3.25,4.5,,,,,,,,,
2004,2004-11-20,Manchester United,Charlton Athletic,1.33,4.5,9.5,,,,,,,,,
2004,2004-11-20,Middlesbrough,Liverpool,2.5,3.2,2.75,,,,,,,,,
2004,2004-11-20,Norwich City,Southampton,2.37,3.1,3.0,,,,,,,,,
2004,2004-11-20,Portsmouth,Manchester City,2.3,3.25,3.0,,,,,,,,,
2004,2004-11-21,Blackburn Rovers,Birmingham City,2.3,3.1,3.1,,,,,,,,,
2004,2004-11-22,Aston Villa,Tottenham Hotspur,2.0,3.2,3.75,,,,,,,,,
2004,2004-11-27,Birmingham City,Norwich City,1.83,3.25,4.5,,,,,,,,,
2004,2004-11-27,Bolton Wanderers,Portsmouth,1.61,3.4,6.0,,,,,,,,,
2004,2004-11-27,Charlton Athletic,Chelsea,6.5,3.5,1.57,,,,,,,,,
2004,2004-11-27,Fulham,Blackburn Rovers,1.9,3.3,4.0,,,,,,,,,
2004,2004-11-27,Manchester City,Aston Villa,2.3,3.25,3.0,,,,,,,,,
2004,2004-11-27,Southampton,Crystal Palace,2.0,3.2,3.75,,,,,,,,,
2004,2004-11-27,West Bromwich Albion,Manchester United,7.0,3.6,1.53,,,,,,,,,
2004,2004-11-28,Liverpool,Arsenal,3.4,3.25,2.1,,,,,,,,,
2004,2004-11-28,Newcastle United,Everton,1.83,3.25,4.5,,,,,,,,,
2004,2004-11-28,Tottenham Hotspur,Middlesbrough,2.5,3.1,2.8,,,,,,,,,
2004,2004-12-04,Arsenal,Birmingham City,1.33,4.5,9.5,,,,,,,,,
2004,2004-12-04,Aston Villa,Liverpool,2.5,3.2,2.75,,,,,,,,,
2004,2004-12-04,Blackburn Rovers,Tottenham Hotspur,2.5,3.2,2.75,,,,,,,,,
2004,2004-12-04,Chelsea,Newcastle United,1.44,4.0,7.5,,,,,,,,,
2004,2004-12-04,Everton,Bolton Wanderers,2.0,3.2,3.75,,,,,,,,,
2004,2004-12-04,Manchester United,Southampton,1.22,5.5,13.0,,,,,,,,,
2004,2004-12-04,Norwich City,Fulham,2.37,3.25,2.87,,,,,,,,,
2004,2004-12-04,Portsmouth,West Bromwich Albion,1.83,3.3,4.33,,,,,,,,,
2004,2004-12-05,Crystal Palace,Charlton Athletic,2.37,3.2,2.9,,,,,,,,,
2004,2004-12-06,Middlesbrough,Manchester City,1.83,3.25,4.5,,,,,,,,,
2004,2004-12-11,Crystal Palace,Blackburn Rovers,2.3,3.25,3.0,,,,,,,,,
2004,2004-12-11,Everton,Liverpool,2.6,3.2,2.62,,,,,,,,,
2004,2004-12-11,Manchester City,Tottenham Hotspur,2.1,3.25,3.4,,,,,,,,,
2004,2004-12-11,Newcastle United,Portsmouth,1.57,3.5,6.5,,,,,,,,,
2004,2004-12-11,Norwich City,Bolton Wanderers,2.75,3.2,2.5,,,,,,,,,
2004,2004-12-11,Southampton,Middlesbrough,2.87,3.2,2.4,,,,,,,,,
2004,2004-12-11,West Bromwich Albion,Charlton Athletic,2.5,3.1,2.8,,,,,,,,,
2004,2004-12-12,Arsenal,Chelsea,2.5,3.1,2.8,,,,,,,,,
2004,2004-12-12,Aston Villa,Birmingham City,2.0,3.1,4.0,,,,,,,,,
2004,2004-12-13,Fulham,Manchester United,6.5,3.5,1.57,,,,,,,,,
2004,2004-12-14,Liverpool,Portsmouth,1.44,4.0,7.5,,,,,,,,,
2004,2004-12-18,Birmingham City,West Bromwich Albion,1.8,3.1,5.0,,,,,,,,,
2004,2004-12-18,Blackburn Rovers,Everton,2.75,3.2,2.5,,,,,,,,,
2004,2004-12-18,Bolton Wanderers,Manchester City,2.2,3.2,3.25,,,,,,,,,
2004,2004-12-18,Chelsea,Norwich City,1.16,6.5,15.0,,,,,,,,,
2004,2004-12-18,Manchester United,Crystal Palace,1.22,5.5,13.0,,,,,,,,,
2004,2004-12-18,Middlesbrough,Aston Villa,1.9,3.1,4.33,,,,,,,,,
2004,2004-12-18,Tottenham Hotspur,Southampton,1.72,3.4,5.0,,,,,,,,,
2004,2004-12-19,Liverpool,Newcastle United,1.9,3.1,4.33,,,,,,,,,
2004,2004-12-19,Portsmouth,Arsenal,6.5,3.5,1.57,,,,,,,,,
2004,2004-12-20,Charlton Athletic,Fulham,2.0,3.2,3.75,,,,,,,,,
2004,2004-12-26,Arsenal,Fulham,1.25,5.0,13.0,,,,,,,,,
2004,2004-12-26,Birmingham City,Middlesbrough,2.62,3.2,2.62,,,,,,,,,
2004,2004-12-26,Blackburn Rovers,Newcastle United,2.6,3.25,2.6,,,,,,,,,
2004,2004-12-26,Chelsea,Aston Villa,1.3,4.5,12.0,,,,,,,,,
2004,2004-12-26,Crystal Palace,Portsmouth,2.5,3.2,2.75,,,,,,,,,
2004,2004-12-26,Everton,Manchester City,1.9,3.25,4.0,,,,,,,,,
2004,2004-12-26,Manchester United,Bolton Wanderers,1.28,5.0,10.0,,,,,,,,,
2004,2004-12-26,Norwich City,Tottenham Hotspur,3.0,3.25,2.3,,,,,,,,,
2004,2004-12-26,Southampton,Charlton Athletic,2.6,3.25,2.6,,,,,,,,,
2004,2004-12-26,West Bromwich Albion,Liverpool,5.5,3.4,1.66,,,,,,,,,
2004,2004-12-28,Aston Villa,Manchester United,4.75,3.5,1.72,,,,,,,,,
2004,2004-12-28,Bolton Wanderers,Blackburn Rovers,2.0,3.2,3.75,,,,,,,,,
2004,2004-12-28,Charlton Athletic,Everton,2.62,3.2,2.6,,,,,,,,,
2004,2004-12-28,Fulham,Birmingham City,2.37,3.2,2.9,,,,,,,,,
2004,2004-12-28,Liverpool,Southampton,1.36,4.33,9.0,,,,,,,,,
2004,2004-12-28,Manchester City,West Bromwich Albion,1.53,3.75,6.5,,,,,,,,,
2004,2004-12-28,Middlesbrough,Norwich City,1.5,3.75,7.0,,,,,,,,,
2004,2004-12-28,Portsmouth,Chelsea,6.5,3.75,1.53,,,,,,,,,
2004,2004-12-28,Tottenham Hotspur,Crystal Palace,1.57,3.5,6.5,,,,,,,,,
2004,2004-12-29,Newcastle United,Arsenal,3.75,3.5,1.9,,,,,,,,,
2004,2005-01-01,Aston Villa,Blackburn Rovers,1.9,3.1,4.33,,,,,,,,,
2004,2005-01-01,Bolton Wanderers,West Bromwich Albion,1.66,3.4,5.5,,,,,,,,,
2004,2005-01-01,Charlton Athletic,Arsenal,6.0,3.4,1.61,,,,,,,,,
2004,2005-01-01,Fulham,Crystal Palace,2.0,3.2,3.75,,,,,,,,,
2004,2005-01-01,Liverpool,Chelsea,3.1,3.2,2.25,,,,,,,,,
2004,2005-01-01,Manchester City,Southampton,1.72,3.4,5.0,,,,,,,,,
2004,2005-01-01,Middlesbrough,Manchester United,3.5,3.2,2.1,,,,,,,,,
2004,2005-01-01,Newcastle United,Birmingham City,1.9,3.1,4.33,,,,,,,,,
2004,2005-01-01,Portsmouth,Norwich City,1.66,3.4,5.5,,,,,,,,,
2004,2005-01-01,Tottenham Hotspur,Everton,2.25,3.2,3.1,,,,,,,,,
2004,2005-01-03,Blackburn Rovers,Charlton Athletic,2.3,3.2,2.7,,,,,,,,,
2004,2005-01-03,Crystal Palace,Aston Villa,2.5,3.2,2.5,,,,,,,,,
2004,2005-01-03,Norwich City,Liverpool,4.33,3.4,1.66,,,,,,,,,
2004,2005-01-03,West Bromwich Albion,Newcastle United,3.6,3.4,1.83,,,,,,,,,
2004,2005-01-04,Arsenal,Manchester City,1.28,4.5,9.0,,,,,,,,,
2004,2005-01-04,Birmingham City,Bolton Wanderers,1.8,3.25,4.0,,,,,,,,,
2004,2005-01-04,Chelsea,Middlesbrough,1.36,4.0,7.5,,,,,,,,,
2004,2005-01-04,Everton,Portsmouth,1.72,3.25,4.33,,,,,,,,,
2004,2005-01-04,Manchester United,Tottenham Hotspur,1.4,3.75,7.5,,,,,,,,,
2004,2005-01-05,Southampton,Fulham,2.37,3.2,2.62,,,,,,,,,
2004,2005-01-15,Aston Villa,Norwich City,1.72,3.4,5.0,,,,,,,,,
2004,2005-01-15,Bolton Wanderers,Arsenal,6.5,3.5,1.57,,,,,,,,,
2004,2005-01-15,Charlton Athletic,Birmingham City,2.2,3.1,3.4,,,,,,,,,
2004,2005-01-15,Liverpool,Manchester United,2.62,3.2,2.6,,,,,,,,,
2004,2005-01-15,Manchester City,Crystal Palace,1.72,3.4,5.0,,,,,,,,,
2004,2005-01-15,Newcastle United,Southampton,1.57,3.5,6.5,,,,,,,,,
2004,2005-01-15,Portsmouth,Blackburn Rovers,2.2,3.1,3.4,,,,,,,,,
2004,2005-01-15,Tottenham Hotspur,Chelsea,4.5,3.25,1.83,,,,,,,,,
2004,2005-01-16,Fulham,West Bromwich Albion,1.8,3.1,5.0,,,,,,,,,
2004,2005-01-16,Middlesbrough,Everton,2.2,3.1,3.4,,,,,,,,,
2004,2005-01-22,Birmingham City,Fulham,1.9,3.1,4.33,,,,,,,,,
2004,2005-01-22,Chelsea,Portsmouth,1.2,6.0,13.0,,,,,,,,,
2004,2005-01-22,Crystal Palace,Tottenham Hotspur,3.1,3.2,2.25,,,,,,,,,
2004,2005-01-22,Everton,Charlton Athletic,1.83,3.3,4.33,,,,,,,,,
2004,2005-01-22,Manchester United,Aston Villa,1.33,4.5,9.5,,,,,,,,,
2004,2005-01-22,Norwich City,Middlesbrough,3.1,3.2,2.25,,,,,,,,,
2004,2005-01-22,Southampton,Liverpool,4.5,3.25,1.83,,,,,,,,,
2004,2005-01-22,West Bromwich Albion,Manchester City,3.0,3.25,2.3,,,,,,,,,
2004,2005-01-23,Arsenal,Newcastle United,1.44,4.0,7.5,,,,,,,,,
2004,2005-01-24,Blackburn Rovers,Bolton Wanderers,2.3,3.1,3.1,,,,,,,,,
2004,2005-02-01,Arsenal,Manchester United,2.25,3.1,3.2,,,,,,,,,
2004,2005-02-01,Bolton Wanderers,Tottenham Hotspur,2.37,3.25,2.87,,,,,,,,,
2004,2005-02-01,Charlton Athletic,Liverpool,2.87,3.2,2.4,,,,,,,,,
2004,2005-02-01,Portsmouth,Middlesbrough,2.6,3.2,2.62,,,,,,,,,
2004,2005-02-01,West Bromwich Albion,Crystal Palace,2.2,3.2,3.25,,,,,,,,,
2004,2005-02-02,Birmingham City,Southampton,1.9,3.1,4.33,,,,,,,,,
2004,2005-02-02,Blackburn Rovers,Chelsea,7.0,3.75,1.5,,,,,,,,,
2004,2005-02-02,Everton,Norwich City,1.57,3.4,7.0,,,,,,,,,
2004,2005-02-02,Fulham,Aston Villa,2.25,3.2,3.1,,,,,,,,,
2004,2005-02-02,Manchester City,Newcastle United,2.37,3.25,2.87,,,,,,,,,
2004,2005-02-05,Aston Villa,Arsenal,4.5,3.4,1.8,,,,,,,,,
2004,2005-02-05,Crystal Palace,Bolton Wanderers,2.5,3.25,2.75,,,,,,,,,
2004,2005-02-05,Liverpool,Fulham,1.5,3.75,7.0,,,,,,,,,
2004,2005-02-05,Manchester United,Birmingham City,1.28,5.0,10.0,,,,,,,,,
2004,2005-02-05,Middlesbrough,Blackburn Rovers,1.8,3.4,4.5,,,,,,,,,
2004,2005-02-05,Newcastle United,Charlton Athletic,1.8,3.4,4.5,,,,,,,,,
2004,2005-02-05,Norwich City,West Bromwich Albion,2.3,3.25,3.0,,,,,,,,,
2004,2005-02-05,Tottenham Hotspur,Portsmouth,1.72,3.4,5.0,,,,,,,,,
2004,2005-02-06,Chelsea,Manchester City,1.25,5.5,11.0,,,,,,,,,
2004,2005-02-06,Southampton,Everton,2.63,3.2,2.63,,,,,,,,,
2004,2005-02-12,Birmingham City,Liverpool,3.2,3.2,2.2,,,,,,,,,
2004,2005-02-12,Blackburn Rovers,Norwich City,1.8,3.4,4.5,,,,,,,,,
2004,2005-02-12,Bolton Wanderers,Middlesbrough,2.1,3.2,3.5,,,,,,,,,
2004,2005-02-12,Everton,Chelsea,4.5,3.25,1.83,,,,,,,,,
2004,2005-02-12,Portsmouth,Aston Villa,2.3,3.25,3.0,,,,,,,,,
2004,2005-02-13,Manchester City,Manchester United,4.5,3.4,1.8,,,,,,,,,
2004,2005-02-14,Arsenal,Crystal Palace,1.22,5.5,13.0,,,,,,,,,
2004,2005-02-22,West Bromwich Albion,Southampton,2.3,3.25,3.0,,,,,,,,,
2004,2005-02-26,Aston Villa,Everton,2.25,3.2,3.1,,,,,,,,,
2004,2005-02-26,Crystal Palace,Birmingham City,2.6,3.2,2.62,,,,,,,,,
2004,2005-02-26,Manchester United,Portsmouth,1.22,5.5,13.0,,,,,,,,,
2004,2005-02-26,Southampton,Arsenal,6.5,3.5,1.57,,,,,,,,,
2004,2005-02-26,Tottenham Hotspur,Fulham,1.8,3.1,5.0,,,,,,,,,
2004,2005-02-27,Middlesbrough,Charlton Athletic,1.9,3.1,4.33,,,,,,,,,
2004,2005-02-27,Newcastle United,Bolton Wanderers,1.83,3.3,4.33,,,,,,,,,
2004,2005-02-28,Norwich City,Manchester City,2.6,3.2,2.62,,,,,,,,,
2004,2005-03-05,Arsenal,Portsmouth,1.36,4.33,9.0,,,,,,,,,
2004,2005-03-05,Aston Villa,Middlesbrough,2.3,3.25,3.0,,,,,,,,,
2004,2005-03-05,Crystal Palace,Manchester United,7.5,3.6,1.5,,,,,,,,,
2004,2005-03-05,Fulham,Charlton Athletic,2.3,3.25,3.0,,,,,,,,,
2004,2005-03-05,Newcastle United,Liverpool,2.4,3.2,2.87,,,,,,,,,
2004,2005-03-05,Norwich City,Chelsea,7.5,4.33,1.4,,,,,,,,,
2004,2005-03-05,Southampton,Tottenham Hotspur,2.5,3.2,2.75,,,,,,,,,
2004,2005-03-06,Everton,Blackburn Rovers,1.72,3.4,5.0,,,,,,,,,
2004,2005-03-06,West Bromwich Albion,Birmingham City,2.75,3.2,2.5,,,,,,,,,
2004,2005-03-07,Manchester City,Bolton Wanderers,2.25,3.2,3.1,,,,,,,,,
2004,2005-03-15,Chelsea,West Bromwich Albion,1.2,6.0,13.0,,,,,,,,,
2004,2005-03-16,Charlton Athletic,Tottenham Hotspur,2.37,3.25,2.87,,,,,,,,,
2004,2005-03-16,Liverpool,Blackburn Rovers,1.57,3.5,6.5,,,,,,,,,
2004,2005-03-19,Blackburn Rovers,Arsenal,4.5,3.4,1.8,,,,,,,,,
2004,2005-03-19,Bolton Wanderers,Norwich City,1.57,3.6,6.0,,,,,,,,,
2004,2005-03-19,Charlton Athletic,West Bromwich Albion,1.66,3.4,5.5,,,,,,,,,
2004,2005-03-19,Chelsea,Crystal Palace,1.2,6.0,13.0,,,,,,,,,
2004,2005-03-19,Manchester United,Fulham,1.25,5.0,13.0,,,,,,,,,
2004,2005-03-19,Portsmouth,Newcastle United,2.75,3.2,2.5,,,,,,,,,
2004,2005-03-19,Tottenham Hotspur,Manchester City,1.83,3.3,4.33,,,,,,,,,
2004,2005-03-20,Birmingham City,Aston Villa,2.3,3.1,3.1,,,,,,,,,
2004,2005-03-20,Liverpool,Everton,1.9,3.1,4.33,,,,,,,,,
2004,2005-03-20,Middlesbrough,Southampton,1.8,3.4,4.5,,,,,,,,,
2004,2005-04-02,Arsenal,Norwich City,1.2,6.0,13.0,,,,,,,,,
2004,2005-04-02,Birmingham City,Tottenham Hotspur,2.37,3.2,2.9,,,,,,,,,
2004,2005-04-02,Charlton Athletic,Manchester City,2.0,3.2,3.75,,,,,,,,,
2004,2005-04-02,Crystal Palace,Middlesbrough,2.37,3.2,2.9,,,,,,,,,
2004,2005-04-02,Liverpool,Bolton Wanderers,1.83,3.25,4.5,,,,,,,,,
2004,2005-04-02,Manchester United,Blackburn Rovers,1.28,5.0,10.0,,,,,,,,,
2004,2005-04-02,Newcastle United,Aston Villa,1.72,3.4,5.0,,,,,,,,,
2004,2005-04-02,Southampton,Chelsea,6.5,3.5,1.57,,,,,,,,,
2004,2005-04-03,Fulham,Portsmouth,2.1,3.25,3.4,,,,,,,,,
2004,2005-04-03,West Bromwich Albion,Everton,2.75,3.2,2.5,,,,,,,,,
2004,2005-04-09,Blackburn Rovers,Southampton,2.1,3.2,3.5,,,,,,,,,
2004,2005-04-09,Bolton Wanderers,Fulham,1.72,3.4,5.0,,,,,,,,,
2004,2005-04-09,Chelsea,Birmingham City,1.25,5.5,11.0,,,,,,,,,
2004,2005-04-09,Manchester City,Liverpool,2.87,3.2,2.4,,,,,,,,,
2004,2005-04-09,Middlesbrough,Arsenal,5.0,3.1,1.8,,,,,,,,,
2004,2005-04-09,Norwich City,Manchester United,7.5,4.0,1.44,,,,,,,,,
2004,2005-04-09,Portsmouth,Charlton Athletic,2.3,3.25,3.0,,,,,,,,,
2004,2005-04-10,Aston Villa,West Bromwich Albion,1.83,3.25,4.5,,,,,,,,,
2004,2005-04-10,Everton,Crystal Palace,1.66,3.4,5.5,,,,,,,,,
2004,2005-04-10,Tottenham Hotspur,Newcastle United,2.1,3.25,3.4,,,,,,,,,
2004,2005-04-16,Birmingham City,Portsmouth,1.9,3.1,4.33,,,,,,,,,
2004,2005-04-16,Charlton Athletic,Bolton Wanderers,2.4,3.2,2.87,,,,,,,,,
2004,2005-04-16,Crystal Palace,Norwich City,2.0,3.2,3.75,,,,,,,,,
2004,2005-04-16,Fulham,Manchester City,2.3,3.25,3.0,,,,,,,,,
2004,2005-04-16,Liverpool,Tottenham Hotspur,1.83,3.25,4.5,,,,,,,,,
2004,2005-04-16,Southampton,Aston Villa,2.2,3.2,3.25,,,,,,,,,
2004,2005-04-19,Bolton Wanderers,Southampton,1.61,3.6,5.5,,,,,,,,,
2004,2005-04-19,Middlesbrough,Fulham,1.83,3.3,4.33,,,,,,,,,
2004,2005-04-20,Aston Villa,Charlton Athletic,1.9,3.1,4.33,,,,,,,,,
2004,2005-04-20,Blackburn Rovers,Crystal Palace,1.9,3.3,4.0,,,,,,,,,
2004,2005-04-20,Chelsea,Arsenal,2.1,3.2,3.5,,,,,,,,,
2004,2005-04-20,Everton,Manchester United,4.0,3.3,1.9,,,,,,,,,
2004,2005-04-20,Manchester City,Birmingham City,2.0,3.2,3.75,,,,,,,,,
2004,2005-04-20,Norwich City,Newcastle United,2.5,3.4,2.62,,,,,,,,,
2004,2005-04-20,Portsmouth,Liverpool,3.2,3.25,2.2,,,,,,,,,
2004,2005-04-20,Tottenham Hotspur,West Bromwich Albion,1.66,3.4,5.5,,,,,,,,,
2004,2005-04-23,Aston Villa,Bolton Wanderers,2.37,3.25,2.87,,,,,,,,,
2004,2005-04-23,Blackburn Rovers,Manchester City,2.3,3.25,3.0,,,,,,,,,
2004,2005-04-23,Chelsea,Fulham,1.28,5.0,10.0,,,,,,,,,
2004,2005-04-23,Crystal Palace,Liverpool,3.75,3.5,1.9,,,,,,,,,
2004,2005-04-23,Everton,Birmingham City,1.66,3.4,5.5,,,,,,,,,
2004,2005-04-23,Middlesbrough,West Bromwich Albion,1.9,3.3,4.0,,,,,,,,,
2004,2005-04-23,Norwich City,Charlton Athletic,2.25,3.4,3.0,,,,,,,,,
2004,2005-04-24,Manchester United,Newcastle United,1.36,4.5,8.5,,,,,,,,,
2004,2005-04-24,Portsmouth,Southampton,2.25,3.25,3.1,,,,,,,,,
2004,2005-04-25,Arsenal,Tottenham Hotspur,1.5,3.75,7.0,,,,,,,,,
2004,2005-04-26,West Bromwich Albion,Blackburn Rovers,2.1,3.25,3.5,,,,,,,,,
2004,2005-04-27,Newcastle United,Middlesbrough,2.25,3.25,3.1,,,,,,,,,
2004,2005-04-30,Birmingham City,Blackburn Rovers,2.2,3.2,3.25,,,,,,,,,
2004,2005-04-30,Bolton Wanderers,Chelsea,3.75,3.2,2.0,,,,,,,,,
2004,2005-04-30,Fulham,Everton,2.75,3.2,2.5,,,,,,,,,
2004,2005-04-30,Liverpool,Middlesbrough,1.72,3.4,5.0,,,,,,,,,
2004,2005-04-30,Manchester City,Portsmouth,1.72,3.4,5.0,,,,,,,,,
2004,2005-04-30,Newcastle United,Crystal Palace,1.83,3.3,4.33,,,,,,,,,
2004,2005-04-30,Southampton,Norwich City,2.0,3.4,3.5,,,,,,,,,
2004,2005-05-01,Charlton Athletic,Manchester United,6.0,3.4,1.61,,,,,,,,,
2004,2005-05-01,Tottenham Hotspur,Aston Villa,1.9,3.3,4.0,,,,,,,,,
2004,2005-05-02,West Bromwich Albion,Arsenal,5.0,3.6,1.66,,,,,,,,,
2004,2005-05-04,Fulham,Newcastle United,2.2,3.4,2.75,,,,,,,,,
2004,2005-05-07,Aston Villa,Manchester City,2.37,3.25,2.87,,,,,,,,,
2004,2005-05-07,Blackburn Rovers,Fulham,2.1,3.25,3.4,,,,,,,,,
2004,2005-05-07,Chelsea,Charlton Athletic,1.28,5.0,10.0,,,,,,,,,
2004,2005-05-07,Crystal Palace,Southampton,2.2,3.4,3.0,,,,,,,,,
2004,2005-05-07,Everton,Newcastle United,1.72,3.4,5.0,,,,,,,,,
2004,2005-05-07,Manchester United,West Bromwich Albion,1.3,5.0,9.0,,,,,,,,,
2004,2005-05-07,Middlesbrough,Tottenham Hotspur,2.25,3.2,3.1,,,,,,,,,
2004,2005-05-07,Norwich City,Birmingham City,1.9,3.5,3.75,,,,,,,,,
2004,2005-05-07,Portsmouth,Bolton Wanderers,2.75,3.4,2.4,,,,,,,,,
2004,2005-05-08,Arsenal,Liverpool,1.72,3.4,5.0,,,,,,,,,
2004,2005-05-10,Manchester United,Chelsea,2.2,3.25,3.2,,,,,,,,,
2004,2005-05-11,Arsenal,Everton,1.61,3.6,5.5,,,,,,,,,
2004,2005-05-15,Birmingham City,Arsenal,3.4,3.5,2.0,,,,,,,,,
2004,2005-05-15,Bolton Wanderers,Everton,1.9,3.4,4.0,,,,,,,,,
2004,2005-05-15,Charlton Athletic,Crystal Palace,3.0,3.5,2.2,,,,,,,,,
2004,2005-05-15,Fulham,Norwich City,2.8,3.5,2.3,,,,,,,,,
2004,2005-05-15,Liverpool,Aston Villa,1.66,3.4,5.5,,,,,,,,,
2004,2005-05-15,Manchester City,Middlesbrough,2.1,3.1,3.6,,,,,,,,,
2004,2005-05-15,Newcastle United,Chelsea,3.2,3.25,2.2,,,,,,,,,
2004,2005-05-15,Southampton,Manchester United,2.37,3.6,2.62,,,,,,,,,
2004,2005-05-15,Tottenham Hotspur,Blackburn Rovers,1.57,3.5,6.5,,,,,,,,,
2004,2005-05-15,West Bromwich Albion,Portsmouth,1.57,3.75,6.0,,,,,,,,,
2005,2005-08-13,Aston Villa,Bolton Wanderers,2.3,3.25,3.0,,,,2.4,3.3,3.4,2.2,3.16,3.05
2005,2005-08-13,Everton,Manchester United,5.0,3.4,1.72,,,,5.65,3.7,1.8,4.69,3.36,1.69
2005,2005-08-13,Fulham,Birmingham City,2.37,3.25,2.87,,,,2.6,3.3,3.05,2.31,3.16,2.87
2005,2005-08-13,Manchester City,West Bromwich Albion,1.72,3.4,5.0,,,,1.8,3.63,5.6,1.69,3.38,4.79
2005,2005-08-13,Middlesbrough,Liverpool,2.87,3.2,2.4,,,,3.3,3.35,2.5,2.81,3.17,2.35
2005,2005-08-13,Portsmouth,Tottenham Hotspur,2.75,3.2,2.5,,,,3.25,3.3,2.5,2.79,3.18,2.35
2005,2005-08-13,Sunderland,Charlton Athletic,2.37,3.2,2.9,,,,2.6,3.35,3.05,2.33,3.17,2.82
2005,2005-08-13,West Ham United,Blackburn Rovers,2.5,3.2,2.75,,,,2.6,3.35,2.9,2.4,3.16,2.74
2005,2005-08-14,Arsenal,Newcastle United,1.4,4.2,8.0,,,,1.5,4.45,8.73,1.42,3.91,7.36
2005,2005-08-14,Wigan Athletic,Chelsea,10.0,4.5,1.33,,,,12.5,5.0,1.4,9.05,4.32,1.32
2005,2005-08-20,Birmingham City,Manchester City,2.2,3.2,3.25,,,,2.25,3.3,3.8,2.11,3.14,3.21
2005,2005-08-20,Blackburn Rovers,Fulham,2.0,3.2,3.75,,,,2.1,3.3,4.4,1.96,3.18,3.59
2005,2005-08-20,Charlton Athletic,Wigan Athletic,1.8,3.4,4.33,,,,1.83,3.5,5.3,1.74,3.3,4.5
2005,2005-08-20,Liverpool,Sunderland,1.28,5.0,10.0,,,,1.33,5.25,16.0,1.27,4.57,10.23
2005,2005-08-20,Manchester United,Aston Villa,1.22,5.5,13.0,,,,1.3,5.6,16.0,1.25,4.79,10.46
2005,2005-08-20,Newcastle United,West Ham United,1.61,3.6,5.5,,,,1.7,3.8,6.5,1.6,3.41,5.35
2005,2005-08-20,Tottenham Hotspur,Middlesbrough,1.9,3.3,4.0,,,,2.0,3.5,4.5,1.86,3.2,3.91
2005,2005-08-20,West Bromwich Albion,Portsmouth,2.2,3.2,3.25,,,,2.2,3.3,3.6,2.11,3.17,3.24
2005,2005-08-21,Bolton Wanderers,Everton,2.1,3.2,3.5,,,,2.2,3.27,3.7,2.09,3.15,3.25
2005,2005-08-21,Chelsea,Arsenal,2.0,3.2,3.75,,,,2.15,3.35,4.4,1.91,3.18,3.79
2005,2005-08-23,Birmingham City,Middlesbrough,2.5,3.2,2.75,,,,2.5,3.3,3.15,2.32,3.14,2.82
2005,2005-08-23,Portsmouth,Aston Villa,2.5,3.2,2.75,,,,2.6,3.3,2.9,2.41,3.16,2.68
2005,2005-08-23,Sunderland,Manchester City,2.75,3.2,2.5,,,,3.1,3.4,2.7,2.65,3.17,2.45
2005,2005-08-24,Arsenal,Fulham,1.22,5.5,13.0,,,,1.26,6.0,17.0,1.22,5.18,11.3
2005,2005-08-24,Blackburn Rovers,Tottenham Hotspur,2.62,3.2,2.6,,,,2.93,3.3,2.75,2.63,3.15,2.46
2005,2005-08-24,Bolton Wanderers,Newcastle United,2.3,3.25,3.0,,,,2.35,3.3,3.55,2.16,3.19,3.09
2005,2005-08-24,Chelsea,West Bromwich Albion,1.2,5.5,17.0,,,,1.2,7.0,25.0,1.16,5.9,14.99
2005,2005-08-27,Aston Villa,Blackburn Rovers,2.1,3.25,3.4,,,,2.1,3.32,4.5,1.95,3.21,3.61
2005,2005-08-27,Fulham,Everton,2.5,3.2,2.75,,,,2.7,3.38,3.0,2.44,3.15,2.69
2005,2005-08-27,Manchester City,Portsmouth,1.61,3.6,5.5,,,,1.7,3.65,6.3,1.62,3.39,5.16
2005,2005-08-27,Tottenham Hotspur,Chelsea,4.33,3.3,1.83,,,,5.2,3.5,1.85,4.31,3.24,1.76
2005,2005-08-27,West Bromwich Albion,Birmingham City,2.37,3.1,3.0,,,,2.5,3.3,3.2,2.34,3.15,2.84
2005,2005-08-27,West Ham United,Bolton Wanderers,2.5,3.2,2.75,,,,2.85,3.3,2.85,2.47,3.17,2.64
2005,2005-08-27,Wigan Athletic,Sunderland,2.1,3.25,3.4,,,,2.3,3.3,3.75,2.08,3.18,3.28
2005,2005-08-28,Middlesbrough,Charlton Athletic,1.83,3.3,4.33,,,,2.0,3.4,4.5,1.86,3.23,3.96
2005,2005-08-28,Newcastle United,Manchester United,5.0,3.6,1.66,,,,6.71,3.7,1.8,5.1,3.41,1.63
2005,2005-09-10,Birmingham City,Charlton Athletic,2.37,3.25,2.87,,,,2.6,3.3,3.2,2.3,3.16,2.87
2005,2005-09-10,Chelsea,Sunderland,1.12,7.5,19.0,,,,1.17,8.0,28.0,1.12,6.73,18.3
2005,2005-09-10,Everton,Portsmouth,1.72,3.3,5.0,,,,1.72,3.56,6.0,1.65,3.33,5.12
2005,2005-09-10,Manchester United,Manchester City,1.4,3.75,10.0,,,,1.45,4.5,9.8,1.38,4.01,7.97
2005,2005-09-10,Middlesbrough,Arsenal,5.0,3.3,1.72,,,,5.55,3.65,1.83,4.76,3.31,1.7
2005,2005-09-10,Newcastle United,Fulham,1.61,3.4,6.0,,,,1.7,4.0,6.7,1.61,3.45,5.37
2005,2005-09-10,Tottenham Hotspur,Liverpool,2.5,3.2,2.75,,,,2.7,3.3,2.9,2.46,3.12,2.65
2005,2005-09-10,West Bromwich Albion,Wigan Athletic,2.0,3.2,3.75,,,,2.2,3.3,3.9,2.01,3.22,3.54
2005,2005-09-11,Bolton Wanderers,Blackburn Rovers,2.0,3.2,3.75,,,,2.0,3.3,4.55,1.89,3.19,3.89
2005,2005-09-12,West Ham United,Aston Villa,2.5,3.2,2.75,,,,2.65,3.3,2.85,2.47,3.16,2.67
2005,2005-09-17,Aston Villa,Tottenham Hotspur,2.6,3.25,2.6,,,,2.9,3.3,2.85,2.53,3.16,2.57
2005,2005-09-17,Charlton Athletic,Chelsea,6.0,3.6,1.57,,,,7.5,3.75,1.61,6.18,3.49,1.53
2005,2005-09-17,Fulham,West Ham United,2.2,3.1,3.3,,,,2.25,3.4,3.75,2.08,3.19,3.28
2005,2005-09-17,Portsmouth,Birmingham City,2.3,3.25,3.0,,,,2.45,3.3,3.25,2.27,3.16,2.93
2005,2005-09-17,Sunderland,West Bromwich Albion,2.37,3.2,2.9,,,,2.45,3.3,3.3,2.31,3.16,2.87
2005,2005-09-18,Blackburn Rovers,Newcastle United,2.4,3.25,2.8,,,,2.5,3.3,3.1,2.33,3.17,2.82
2005,2005-09-18,Liverpool,Manchester United,2.7,3.1,2.6,,,,2.9,3.3,2.75,2.67,3.14,2.46
2005,2005-09-18,Manchester City,Bolton Wanderers,2.1,3.25,3.4,,,,2.2,3.4,3.85,2.03,3.2,3.41
2005,2005-09-18,Wigan Athletic,Middlesbrough,2.7,3.1,2.6,,,,2.9,3.3,2.63,2.7,3.18,2.45
2005,2005-09-19,Arsenal,Everton,1.4,4.0,9.0,,,,1.4,4.6,12.0,1.35,4.13,8.58
2005,2005-09-24,Birmingham City,Liverpool,3.4,3.25,2.1,,,,4.02,3.3,2.2,3.39,3.13,2.06
2005,2005-09-24,Bolton Wanderers,Portsmouth,1.72,3.4,5.0,,,,1.8,3.5,5.75,1.69,3.3,4.84
2005,2005-09-24,Chelsea,Aston Villa,1.22,5.5,13.0,,,,1.27,6.16,19.0,1.2,5.31,12.75
2005,2005-09-24,Everton,Wigan Athletic,1.9,3.25,4.0,,,,1.93,3.4,4.6,1.82,3.21,4.15
2005,2005-09-24,Manchester United,Blackburn Rovers,1.3,4.33,13.0,,,,1.33,5.33,14.0,1.26,4.7,10.65
2005,2005-09-24,Newcastle United,Manchester City,2.1,3.25,3.4,,,,2.15,3.35,4.0,2.03,3.19,3.42
2005,2005-09-24,West Bromwich Albion,Charlton Athletic,2.75,3.2,2.5,,,,3.1,3.5,2.6,2.72,3.17,2.4
2005,2005-09-24,West Ham United,Arsenal,5.0,3.4,1.72,,,,5.5,3.55,1.8,4.74,3.34,1.69
2005,2005-09-25,Middlesbrough,Sunderland,1.57,3.5,6.5,,,,1.62,3.8,7.5,1.53,3.49,6.18
2005,2005-09-26,Tottenham Hotspur,Fulham,1.61,3.4,6.0,,,,1.65,3.6,6.85,1.59,3.44,5.56
2005,2005-10-01,Blackburn Rovers,West Bromwich Albion,1.8,3.3,4.5,,,,1.87,3.4,5.0,1.78,3.27,4.36
2005,2005-10-01,Charlton Athletic,Tottenham Hotspur,2.5,3.2,2.75,,,,2.6,3.3,3.0,2.39,3.13,2.76
2005,2005-10-01,Fulham,Manchester United,5.0,3.6,1.66,,,,6.1,3.7,1.71,5.12,3.4,1.63
2005,2005-10-01,Portsmouth,Newcastle United,2.8,3.25,2.4,,,,3.25,3.5,2.5,2.79,3.17,2.34
2005,2005-10-01,Sunderland,West Ham United,2.5,3.2,2.75,,,,2.68,3.35,2.88,2.44,3.16,2.68
2005,2005-10-02,Arsenal,Birmingham City,1.33,4.5,9.5,,,,1.36,4.85,11.0,1.31,4.34,8.87
2005,2005-10-02,Aston Villa,Middlesbrough,2.1,3.25,3.4,,,,2.25,3.3,3.65,2.11,3.15,3.2
2005,2005-10-02,Liverpool,Chelsea,3.25,3.0,2.3,,,,3.7,3.2,2.33,3.26,2.98,2.17
2005,2005-10-02,Manchester City,Everton,1.83,3.3,4.33,,,,1.91,3.4,5.0,1.8,3.25,4.26
2005,2005-10-02,Wigan Athletic,Bolton Wanderers,2.6,3.2,2.62,,,,2.9,3.3,2.75,2.62,3.12,2.51
2005,2005-10-15,Chelsea,Bolton Wanderers,1.28,4.5,13.0,,,,1.31,5.5,13.5,1.25,4.85,10.97
2005,2005-10-15,Liverpool,Blackburn Rovers,1.61,3.4,6.0,,,,1.72,3.6,6.6,1.61,3.38,5.55
2005,2005-10-15,Middlesbrough,Portsmouth,1.72,3.3,4.5,,,,1.75,3.65,5.7,1.68,3.34,4.97
2005,2005-10-15,Sunderland,Manchester United,7.5,3.6,1.5,,,,9.0,4.1,1.55,7.07,3.68,1.46
2005,2005-10-15,Tottenham Hotspur,Everton,1.61,3.4,6.0,,,,1.65,3.69,6.5,1.59,3.42,5.53
2005,2005-10-15,West Bromwich Albion,Arsenal,6.0,3.4,1.61,,,,6.5,3.75,1.66,5.85,3.52,1.56
2005,2005-10-15,Wigan Athletic,Newcastle United,2.6,3.25,2.6,,,,2.9,3.3,2.75,2.65,3.14,2.48
2005,2005-10-16,Birmingham City,Aston Villa,2.37,3.1,3.0,,,,2.5,3.3,3.25,2.33,3.06,2.93
2005,2005-10-16,Manchester City,West Ham United,1.9,3.25,4.0,,,,2.03,3.4,4.4,1.88,3.19,3.95
2005,2005-10-17,Charlton Athletic,Fulham,1.83,3.25,4.5,,,,1.91,3.53,5.4,1.74,3.28,4.51
2005,2005-10-22,Arsenal,Manchester City,1.5,3.75,7.0,,,,1.55,4.0,8.5,1.46,3.64,7.09
2005,2005-10-22,Aston Villa,Wigan Athletic,2.0,3.2,3.75,,,,2.1,3.3,4.25,1.94,3.18,3.72
2005,2005-10-22,Blackburn Rovers,Birmingham City,2.0,3.2,3.75,,,,2.2,3.3,3.9,2.02,3.15,3.5
2005,2005-10-22,Fulham,Liverpool,3.5,3.2,2.1,,,,4.0,3.3,2.2,3.39,3.14,2.05
2005,2005-10-22,Manchester United,Tottenham Hotspur,1.61,3.4,6.0,,,,1.66,3.74,7.2,1.54,3.48,6.06
2005,2005-10-22,Portsmouth,Charlton Athletic,2.6,3.25,2.6,,,,2.92,3.3,2.7,2.62,3.15,2.51
2005,2005-10-23,Bolton Wanderers,West Bromwich Albion,1.72,3.4,5.0,,,,1.9,3.45,5.5,1.74,3.27,4.66
2005,2005-10-23,Everton,Chelsea,9.0,4.33,1.36,,,,10.5,4.65,1.41,8.53,4.16,1.34
2005,2005-10-23,Newcastle United,Sunderland,1.66,3.4,5.5,,,,1.72,3.6,6.6,1.61,3.36,5.57
2005,2005-10-23,West Ham United,Middlesbrough,2.37,3.25,2.87,,,,2.49,3.3,3.05,2.31,3.17,2.85
2005,2005-10-29,Birmingham City,Everton,2.3,3.25,3.0,,,,2.41,3.3,3.35,2.24,3.14,3.03
2005,2005-10-29,Charlton Athletic,Bolton Wanderers,2.1,3.2,3.5,,,,2.28,3.3,3.6,2.11,3.17,3.28
2005,2005-10-29,Chelsea,Blackburn Rovers,1.22,5.5,13.0,,,,1.27,6.0,15.0,1.2,5.37,12.68
2005,2005-10-29,Liverpool,West Ham United,1.57,3.5,6.5,,,,1.67,3.75,7.0,1.57,3.41,5.95
2005,2005-10-29,Middlesbrough,Manchester United,4.5,3.3,1.8,,,,5.0,3.45,1.87,4.34,3.24,1.78
2005,2005-10-29,Sunderland,Portsmouth,2.25,3.2,3.1,,,,2.4,3.3,3.4,2.25,3.16,3.0
2005,2005-10-29,Tottenham Hotspur,Arsenal,2.8,3.1,2.5,,,,2.95,3.25,2.8,2.67,3.08,2.51
2005,2005-10-29,Wigan Athletic,Fulham,2.1,3.2,3.5,,,,2.32,3.25,3.75,2.08,3.14,3.35
2005,2005-10-30,West Bromwich Albion,Newcastle United,3.0,3.25,2.3,,,,3.11,3.25,2.5,2.83,3.14,2.37
2005,2005-10-31,Manchester City,Aston Villa,1.83,3.25,4.5,,,,1.91,3.4,4.75,1.81,3.24,4.23
2005,2005-11-05,Arsenal,Sunderland,1.2,6.0,13.0,,,,1.25,7.0,17.0,1.2,5.52,12.1
2005,2005-11-05,Aston Villa,Liverpool,3.2,3.25,2.2,,,,3.6,3.25,2.3,3.07,3.13,2.2
2005,2005-11-05,Blackburn Rovers,Charlton Athletic,2.3,3.1,3.1,,,,2.45,3.3,3.45,2.31,3.15,2.87
2005,2005-11-05,Fulham,Manchester City,2.5,3.2,2.75,,,,2.65,3.3,2.9,2.43,3.14,2.7
2005,2005-11-05,Newcastle United,Birmingham City,1.61,3.4,6.0,,,,1.62,3.84,7.0,1.57,3.46,5.76
2005,2005-11-05,Portsmouth,Wigan Athletic,2.3,3.25,3.0,,,,2.49,3.3,3.27,2.31,3.14,2.89
2005,2005-11-05,West Ham United,West Bromwich Albion,1.83,3.3,4.33,,,,1.9,3.3,4.5,1.81,3.24,4.15
2005,2005-11-06,Everton,Middlesbrough,2.5,3.2,2.75,,,,2.55,3.3,3.1,2.41,3.14,2.75
2005,2005-11-06,Manchester United,Chelsea,3.25,3.2,2.2,,,,3.5,3.25,2.35,3.04,3.09,2.25
2005,2005-11-07,Bolton Wanderers,Tottenham Hotspur,2.4,3.25,2.62,,,,2.55,3.25,2.95,2.43,3.11,2.76
2005,2005-11-19,Charlton Athletic,Manchester United,4.0,3.25,1.9,,,,4.6,3.4,2.0,4.07,3.23,1.85
2005,2005-11-19,Chelsea,Newcastle United,1.33,4.5,9.5,,,,1.39,4.85,11.0,1.33,4.3,8.88
2005,2005-11-19,Liverpool,Portsmouth,1.4,4.0,9.0,,,,1.45,4.37,9.5,1.4,3.87,7.77
2005,2005-11-19,Manchester City,Blackburn Rovers,1.9,3.25,4.0,,,,2.1,3.3,4.15,1.95,3.18,3.69
2005,2005-11-19,Sunderland,Aston Villa,2.5,3.2,2.75,,,,2.8,3.35,2.8,2.55,3.15,2.58
2005,2005-11-19,West Bromwich Albion,Everton,2.5,3.2,2.75,,,,2.75,3.28,2.87,2.49,3.11,2.67
2005,2005-11-19,Wigan Athletic,Arsenal,4.5,3.3,1.8,,,,5.2,3.52,1.9,4.3,3.24,1.79
2005,2005-11-20,Middlesbrough,Fulham,1.9,3.25,4.0,,,,1.9,3.46,4.8,1.82,3.22,4.17
2005,2005-11-20,Tottenham Hotspur,West Ham United,1.66,3.4,5.5,,,,1.77,3.52,6.0,1.67,3.32,5.02
2005,2005-11-26,Arsenal,Blackburn Rovers,1.36,4.33,9.0,,,,1.38,4.78,12.0,1.32,4.34,9.03
2005,2005-11-26,Aston Villa,Charlton Athletic,2.25,3.2,3.1,,,,2.35,3.3,3.5,2.22,3.17,3.01
2005,2005-11-26,Manchester City,Liverpool,2.8,3.1,2.5,,,,2.97,3.7,2.55,2.69,3.12,2.45
2005,2005-11-26,Portsmouth,Chelsea,9.0,4.33,1.36,,,,12.0,5.0,1.38,9.16,4.36,1.32
2005,2005-11-26,Sunderland,Birmingham City,2.5,3.2,2.75,,,,2.7,3.3,2.9,2.51,3.15,2.64
2005,2005-11-26,Wigan Athletic,Tottenham Hotspur,2.75,3.2,2.5,,,,2.8,3.25,2.85,2.57,3.13,2.57
2005,2005-11-27,Everton,Newcastle United,2.5,3.2,2.75,,,,2.65,3.3,2.9,2.51,3.15,2.62
2005,2005-11-27,Fulham,Bolton Wanderers,2.37,3.25,2.87,,,,2.6,3.3,2.93,2.43,3.16,2.74
2005,2005-11-27,Middlesbrough,West Bromwich Albion,1.72,3.4,5.0,,,,1.77,3.52,5.5,1.69,3.35,4.88
2005,2005-11-27,West Ham United,Manchester United,5.0,3.3,1.72,,,,5.2,3.5,1.8,4.67,3.34,1.71
2005,2005-11-30,Sunderland,Liverpool,7.0,3.75,1.5,,,,8.2,4.1,1.57,6.54,3.63,1.48
2005,2005-12-03,Blackburn Rovers,Everton,2.0,3.2,3.75,,,,2.1,3.3,4.1,1.95,3.19,3.66
2005,2005-12-03,Bolton Wanderers,Arsenal,4.33,3.3,1.83,,,,5.0,3.45,1.92,4.21,3.23,1.81
2005,2005-12-03,Chelsea,Middlesbrough,1.25,5.0,13.0,,,,1.29,6.04,15.0,1.25,4.91,10.87
2005,2005-12-03,Liverpool,Wigan Athletic,1.53,3.5,7.0,,,,1.57,4.1,8.2,1.49,3.58,6.66
2005,2005-12-03,Manchester United,Portsmouth,1.2,5.5,17.0,,,,1.27,6.2,17.6,1.21,5.29,12.02
2005,2005-12-03,Newcastle United,Aston Villa,1.72,3.4,5.0,,,,1.95,3.45,5.0,1.8,3.24,4.29
2005,2005-12-03,Tottenham Hotspur,Sunderland,1.33,4.33,10.0,,,,1.38,4.9,12.38,1.32,4.31,9.33
2005,2005-12-03,West Bromwich Albion,Fulham,2.37,3.2,2.9,,,,2.5,3.3,3.1,2.34,3.16,2.83
2005,2005-12-04,Charlton Athletic,Manchester City,2.4,3.2,2.87,,,,2.5,3.3,3.1,2.31,3.16,2.88
2005,2005-12-05,Birmingham City,West Ham United,2.3,3.25,3.0,,,,2.4,3.25,3.45,2.25,3.16,2.96
2005,2005-12-10,Birmingham City,Fulham,2.3,3.25,3.0,,,,2.35,3.25,3.25,2.26,3.15,2.95
2005,2005-12-10,Blackburn Rovers,West Ham United,2.0,3.2,3.75,,,,2.15,3.3,4.1,1.99,3.18,3.55
2005,2005-12-10,Bolton Wanderers,Aston Villa,1.83,3.3,4.33,,,,1.9,3.4,5.0,1.8,3.22,4.27
2005,2005-12-10,Charlton Athletic,Sunderland,1.66,3.4,5.5,,,,1.7,3.8,6.35,1.62,3.4,5.37
2005,2005-12-10,Chelsea,Wigan Athletic,1.2,5.5,17.0,,,,1.22,6.7,18.5,1.18,5.54,13.72
2005,2005-12-10,Liverpool,Middlesbrough,1.57,3.6,6.0,,,,1.6,3.8,7.5,1.53,3.49,6.23
2005,2005-12-10,Newcastle United,Arsenal,4.0,3.25,1.9,,,,4.5,3.45,2.0,3.81,3.22,1.89
2005,2005-12-10,West Bromwich Albion,Manchester City,2.8,3.25,2.4,,,,3.28,3.45,2.5,2.79,3.16,2.34
2005,2005-12-11,Manchester United,Everton,1.3,4.5,12.0,,,,1.35,5.05,12.0,1.29,4.41,9.95
2005,2005-12-12,Tottenham Hotspur,Portsmouth,1.44,4.0,7.5,,,,1.47,4.35,9.4,1.4,3.89,7.78
2005,2005-12-14,Everton,West Ham United,2.1,3.2,3.5,,,,2.14,3.4,3.9,2.0,3.17,3.49
2005,2005-12-14,Manchester United,Wigan Athletic,1.3,4.5,11.0,,,,1.39,5.5,11.0,1.29,4.52,9.38
2005,2005-12-17,Aston Villa,Manchester United,5.5,3.4,1.66,,,,7.1,3.95,1.75,5.04,3.36,1.65
2005,2005-12-17,Everton,Bolton Wanderers,2.37,3.25,2.87,,,,2.55,3.25,3.1,2.31,3.16,2.86
2005,2005-12-17,Fulham,Blackburn Rovers,2.3,3.25,3.0,,,,2.3,3.3,3.42,2.2,3.16,3.05
2005,2005-12-17,Manchester City,Birmingham City,1.8,3.2,5.0,,,,1.92,3.45,5.0,1.78,3.24,4.37
2005,2005-12-17,Portsmouth,West Bromwich Albion,2.2,3.2,3.25,,,,2.25,3.3,3.8,2.14,3.16,3.19
2005,2005-12-17,West Ham United,Newcastle United,2.5,3.2,2.75,,,,2.62,3.3,3.06,2.43,3.15,2.69
2005,2005-12-17,Wigan Athletic,Charlton Athletic,2.3,3.25,3.0,,,,2.35,3.33,3.3,2.21,3.17,3.03
2005,2005-12-18,Arsenal,Chelsea,2.87,3.1,2.5,,,,3.2,3.25,2.66,2.86,3.06,2.39
2005,2005-12-18,Middlesbrough,Tottenham Hotspur,2.5,3.2,2.75,,,,2.85,3.25,2.9,2.45,3.14,2.7
2005,2005-12-26,Aston Villa,Everton,2.1,3.2,3.5,,,,2.25,3.26,3.6,2.13,3.17,3.3
2005,2005-12-26,Charlton Athletic,Arsenal,5.0,3.4,1.72,,,,5.75,3.7,1.75,5.01,3.41,1.68
2005,2005-12-26,Chelsea,Fulham,1.2,5.5,17.0,,,,1.21,7.29,19.72,1.18,5.84,15.03
2005,2005-12-26,Liverpool,Newcastle United,1.66,3.4,5.5,,,,1.67,3.7,6.3,1.6,3.48,5.62
2005,2005-12-26,Manchester United,West Bromwich Albion,1.22,5.5,13.0,,,,1.24,7.31,19.0,1.2,5.63,13.74
2005,2005-12-26,Middlesbrough,Blackburn Rovers,2.0,3.2,3.75,,,,2.15,3.31,4.06,1.99,3.21,3.65
2005,2005-12-26,Portsmouth,West Ham United,2.37,3.2,2.9,,,,2.45,3.31,3.05,2.34,3.2,2.87
2005,2005-12-26,Sunderland,Bolton Wanderers,4.0,3.25,1.9,,,,4.75,3.51,1.93,4.08,3.29,1.85
2005,2005-12-26,Tottenham Hotspur,Birmingham City,1.5,3.75,7.0,,,,1.5,4.15,9.0,1.44,3.8,7.63
2005,2005-12-26,Wigan Athletic,Manchester City,2.4,3.2,2.87,,,,2.5,3.31,2.99,2.38,3.19,2.81
2005,2005-12-28,Arsenal,Portsmouth,1.22,5.5,13.0,,,,1.27,6.26,16.68,1.23,5.29,11.98
2005,2005-12-28,Birmingham City,Manchester United,7.5,4.33,1.4,,,,9.19,4.35,1.5,7.53,3.98,1.42
2005,2005-12-28,Everton,Liverpool,5.0,3.4,1.72,,,,5.5,3.45,2.0,4.74,3.31,1.75
2005,2005-12-28,Fulham,Aston Villa,2.1,3.25,3.4,,,,2.2,3.5,3.6,2.09,3.21,3.37
2005,2005-12-28,Manchester City,Chelsea,6.0,3.6,1.57,,,,7.3,4.0,1.6,6.01,3.62,1.55
2005,2005-12-28,West Bromwich Albion,Tottenham Hotspur,3.4,3.25,2.1,,,,3.82,3.4,2.18,3.37,3.24,2.07
2005,2005-12-28,West Ham United,Wigan Athletic,2.1,3.25,3.4,,,,2.35,3.5,3.4,2.19,3.21,3.15
2005,2005-12-31,Aston Villa,Arsenal,5.5,3.6,1.61,,,,6.12,3.67,1.71,5.28,3.46,1.63
2005,2005-12-31,Charlton Athletic,West Ham United,2.2,3.25,3.2,,,,2.3,3.31,3.51,2.2,3.19,3.12
2005,2005-12-31,Chelsea,Birmingham City,1.14,7.0,17.0,,,,1.2,8.0,26.33,1.15,6.52,16.19
2005,2005-12-31,Liverpool,West Bromwich Albion,1.22,5.5,13.0,,,,1.25,6.46,18.33,1.22,5.34,12.62
2005,2005-12-31,Manchester United,Bolton Wanderers,1.4,4.33,7.5,,,,1.45,4.5,9.0,1.39,4.06,7.85
2005,2005-12-31,Middlesbrough,Manchester City,2.25,3.25,3.1,,,,2.3,3.3,3.45,2.23,3.21,3.03
2005,2005-12-31,Portsmouth,Fulham,2.4,3.2,2.87,,,,2.42,3.31,3.2,2.3,3.19,2.92
2005,2005-12-31,Sunderland,Everton,2.6,3.25,2.6,,,,2.75,3.25,2.9,2.57,3.18,2.59
2005,2005-12-31,Tottenham Hotspur,Newcastle United,2.0,3.2,3.75,,,,2.05,3.4,4.35,1.9,3.23,3.92
2005,2005-12-31,Wigan Athletic,Blackburn Rovers,2.2,3.2,3.25,,,,2.35,3.31,3.51,2.16,3.19,3.21
2005,2006-01-02,Birmingham City,Wigan Athletic,2.4,3.2,2.87,,,,2.55,3.3,3.1,2.42,3.18,2.77
2005,2006-01-02,Blackburn Rovers,Portsmouth,1.66,3.4,5.5,,,,1.71,3.6,6.03,1.66,3.41,5.17
2005,2006-01-02,Bolton Wanderers,Liverpool,3.75,3.2,2.0,,,,4.17,3.35,2.1,3.59,3.21,2.0
2005,2006-01-02,Everton,Charlton Athletic,2.3,3.25,3.0,,,,2.4,3.3,3.21,2.28,3.2,2.96
2005,2006-01-02,Fulham,Sunderland,1.57,3.5,6.5,,,,1.62,3.85,6.98,1.56,3.54,6.05
2005,2006-01-02,Newcastle United,Middlesbrough,2.1,3.1,3.6,,,,2.21,3.26,3.9,2.06,3.17,3.5
2005,2006-01-02,West Bromwich Albion,Aston Villa,2.5,3.2,2.75,,,,2.61,3.3,3.02,2.45,3.15,2.75
2005,2006-01-02,West Ham United,Chelsea,9.0,4.0,1.4,,,,10.88,4.55,1.42,8.51,4.16,1.37
2005,2006-01-03,Arsenal,Manchester United,2.62,3.1,2.75,,,,2.7,3.25,2.85,2.51,3.14,2.7
2005,2006-01-04,Manchester City,Tottenham Hotspur,2.5,3.1,2.8,,,,2.5,3.3,3.12,2.41,3.17,2.77
2005,2006-01-14,Arsenal,Middlesbrough,1.33,4.33,8.0,,,,1.39,5.2,10.5,1.32,4.48,8.89
2005,2006-01-14,Aston Villa,West Ham United,2.0,3.2,3.75,,,,2.02,3.49,4.21,1.92,3.26,3.84
2005,2006-01-14,Blackburn Rovers,Bolton Wanderers,2.1,3.25,3.4,,,,2.25,3.26,3.85,2.12,3.2,3.27
2005,2006-01-14,Charlton Athletic,Birmingham City,2.0,3.2,3.75,,,,2.26,3.31,4.0,2.03,3.22,3.55
2005,2006-01-14,Fulham,Newcastle United,2.37,3.25,2.87,,,,2.35,3.36,3.33,2.24,3.23,3.01
2005,2006-01-14,Liverpool,Tottenham Hotspur,1.66,3.4,5.5,,,,1.7,3.64,6.46,1.64,3.4,5.45
2005,2006-01-14,Manchester City,Manchester United,4.5,3.3,1.8,,,,5.5,3.55,1.86,4.56,3.3,1.78
2005,2006-01-14,Portsmouth,Everton,2.2,3.25,3.2,,,,2.35,3.3,3.25,2.24,3.2,3.05
2005,2006-01-15,Sunderland,Chelsea,17.0,5.5,1.2,,,,19.0,6.4,1.24,14.22,5.5,1.2
2005,2006-01-15,Wigan Athletic,West Bromwich Albion,1.83,3.3,4.33,,,,2.08,3.32,4.6,1.85,3.25,4.21
2005,2006-01-21,Birmingham City,Portsmouth,2.1,3.2,3.5,,,,2.15,3.31,3.8,2.04,3.21,3.47
2005,2006-01-21,Bolton Wanderers,Manchester City,2.25,3.2,3.1,,,,2.45,3.31,3.35,2.24,3.17,3.07
2005,2006-01-21,Everton,Arsenal,5.5,3.5,1.66,,,,6.0,3.6,1.75,4.98,3.39,1.68
2005,2006-01-21,Middlesbrough,Wigan Athletic,2.2,3.2,3.25,,,,2.2,3.31,3.8,2.1,3.19,3.3
2005,2006-01-21,Newcastle United,Blackburn Rovers,2.3,3.25,3.0,,,,2.4,3.31,3.41,2.23,3.19,3.06
2005,2006-01-21,Tottenham Hotspur,Aston Villa,1.61,3.4,6.0,,,,1.7,3.7,6.0,1.63,3.43,5.41
2005,2006-01-21,West Bromwich Albion,Sunderland,1.72,3.4,5.0,,,,1.91,3.5,5.2,1.74,3.31,4.71
2005,2006-01-22,Chelsea,Charlton Athletic,1.16,6.5,15.0,,,,1.2,7.0,20.0,1.17,6.03,15.2
2005,2006-01-22,Manchester United,Liverpool,2.3,3.1,3.1,,,,2.4,3.26,3.35,2.23,3.11,3.13
2005,2006-01-23,West Ham United,Fulham,2.1,3.2,3.5,,,,2.25,3.4,3.5,2.13,3.19,3.28
2005,2006-01-31,Charlton Athletic,West Bromwich Albion,1.83,3.3,4.33,,,,1.91,3.5,4.8,1.82,3.28,4.22
2005,2006-01-31,Fulham,Tottenham Hotspur,2.75,3.2,2.5,,,,2.9,3.26,2.64,2.75,3.16,2.44
2005,2006-01-31,Sunderland,Middlesbrough,2.75,3.2,2.5,,,,2.85,3.3,2.65,2.69,3.18,2.48
2005,2006-01-31,Wigan Athletic,Everton,2.25,3.1,3.2,,,,2.4,3.31,3.35,2.2,3.16,3.16
2005,2006-02-01,Arsenal,West Ham United,1.4,4.33,7.5,,,,1.42,4.75,8.75,1.36,4.23,8.08
2005,2006-02-01,Aston Villa,Chelsea,7.5,4.0,1.44,,,,8.5,4.0,1.5,7.24,3.78,1.45
2005,2006-02-01,Blackburn Rovers,Manchester United,4.0,3.25,1.9,,,,4.4,3.46,1.93,4.05,3.24,1.86
2005,2006-02-01,Liverpool,Birmingham City,1.3,4.5,12.0,,,,1.33,5.25,13.0,1.3,4.54,9.74
2005,2006-02-01,Manchester City,Newcastle United,2.1,3.25,3.4,,,,2.1,3.4,3.89,2.0,3.23,3.53
2005,2006-02-01,Portsmouth,Bolton Wanderers,2.8,3.25,2.4,,,,2.85,3.4,2.62,2.73,3.19,2.42
2005,2006-02-04,Birmingham City,Arsenal,3.5,3.2,2.1,,,,3.91,3.36,2.15,3.57,3.23,1.99
2005,2006-02-04,Bolton Wanderers,Wigan Athletic,1.9,3.25,4.0,,,,1.95,3.35,4.7,1.87,3.23,4.03
2005,2006-02-04,Everton,Manchester City,2.2,3.2,3.25,,,,2.4,3.26,3.3,2.2,3.17,3.12
2005,2006-02-04,Manchester United,Fulham,1.3,4.5,12.0,,,,1.32,5.2,13.0,1.28,4.79,10.38
2005,2006-02-04,Middlesbrough,Aston Villa,2.25,3.2,3.1,,,,2.35,3.26,3.3,2.24,3.19,3.03
2005,2006-02-04,Newcastle United,Portsmouth,1.8,3.3,4.5,,,,1.9,3.5,4.88,1.77,3.33,4.41
2005,2006-02-04,West Bromwich Albion,Blackburn Rovers,2.9,3.2,2.37,,,,2.94,3.3,2.6,2.71,3.18,2.45
2005,2006-02-04,West Ham United,Sunderland,1.5,3.75,7.0,,,,1.55,4.2,7.5,1.5,3.67,6.46
2005,2006-02-05,Chelsea,Liverpool,1.9,3.0,4.5,,,,2.0,3.21,5.0,1.83,3.08,4.59
2005,2006-02-05,Tottenham Hotspur,Charlton Athletic,1.8,3.2,4.75,,,,1.8,3.46,5.5,1.71,3.3,4.88
2005,2006-02-08,Charlton Athletic,Liverpool,4.5,3.3,1.8,,,,5.0,3.46,1.87,4.51,3.26,1.77
2005,2006-02-11,Arsenal,Bolton Wanderers,1.5,4.0,6.0,,,,1.62,3.8,7.0,1.54,3.64,6.1
2005,2006-02-11,Aston Villa,Newcastle United,2.2,3.2,3.25,,,,2.29,3.3,3.6,2.12,3.21,3.25
2005,2006-02-11,Everton,Blackburn Rovers,2.25,3.2,3.1,,,,2.48,3.26,3.31,2.24,3.16,3.07
2005,2006-02-11,Fulham,West Bromwich Albion,1.83,3.3,4.33,,,,1.91,3.4,5.0,1.82,3.27,4.2
2005,2006-02-11,Middlesbrough,Chelsea,7.5,4.33,1.4,,,,9.26,4.5,1.44,7.65,4.11,1.39
2005,2006-02-11,Portsmouth,Manchester United,6.0,3.8,1.53,,,,7.0,4.12,1.6,6.2,3.68,1.52
2005,2006-02-11,Wigan Athletic,Liverpool,3.75,3.2,2.0,,,,4.5,3.31,2.05,3.92,3.23,1.9
2005,2006-02-12,Manchester City,Charlton Athletic,1.9,3.25,4.0,,,,1.95,3.47,4.75,1.83,3.29,4.16
2005,2006-02-12,Sunderland,Tottenham Hotspur,6.0,3.6,1.57,,,,6.3,3.8,1.69,5.68,3.53,1.59
2005,2006-02-13,West Ham United,Birmingham City,1.9,3.25,4.0,,,,1.95,3.45,4.5,1.84,3.25,4.15
2005,2006-02-14,Liverpool,Arsenal,2.1,3.1,3.6,,,,2.22,3.3,4.05,2.05,3.16,3.53
2005,2006-02-15,Blackburn Rovers,Sunderland,1.5,3.75,7.0,,,,1.52,4.35,8.5,1.46,3.79,7.26
2005,2006-02-19,Tottenham Hotspur,Wigan Athletic,1.66,3.6,5.0,,,,1.75,3.6,6.1,1.67,3.42,5.0
2005,2006-02-22,Newcastle United,Charlton Athletic,1.9,3.25,4.0,,,,1.91,3.5,4.5,1.83,3.26,4.16
2005,2006-02-25,Birmingham City,Sunderland,1.66,3.4,5.5,,,,1.72,3.76,6.0,1.66,3.44,5.15
2005,2006-02-25,Blackburn Rovers,Arsenal,3.1,3.25,2.25,,,,3.3,3.35,2.45,3.01,3.22,2.24
2005,2006-02-25,Charlton Athletic,Aston Villa,2.1,3.25,3.4,,,,2.27,3.3,3.4,2.16,3.19,3.18
2005,2006-02-25,Chelsea,Portsmouth,1.14,7.0,17.0,,,,1.2,7.16,18.5,1.15,6.47,15.45
2005,2006-02-25,Newcastle United,Everton,2.1,3.2,3.5,,,,2.24,3.3,3.8,2.1,3.2,3.34
2005,2006-02-26,Bolton Wanderers,Fulham,1.8,3.3,4.5,,,,1.92,3.41,4.78,1.81,3.26,4.31
2005,2006-02-26,Liverpool,Manchester City,1.53,3.8,6.0,,,,1.61,3.8,7.0,1.55,3.57,6.15
2005,2006-02-26,West Bromwich Albion,Middlesbrough,2.4,3.25,2.8,,,,2.55,3.3,2.95,2.4,3.18,2.77
2005,2006-03-04,Aston Villa,Portsmouth,1.72,3.6,4.5,,,,1.77,3.6,5.35,1.7,3.37,4.82
2005,2006-03-04,Fulham,Arsenal,3.2,3.25,2.2,,,,3.35,3.3,2.3,3.12,3.2,2.18
2005,2006-03-04,Liverpool,Charlton Athletic,1.5,3.75,7.0,,,,1.55,4.0,9.0,1.47,3.71,7.21
2005,2006-03-04,Middlesbrough,Birmingham City,1.9,3.3,4.0,,,,1.95,3.3,4.5,1.86,3.24,4.07
2005,2006-03-04,Newcastle United,Bolton Wanderers,2.3,3.25,3.0,,,,2.4,3.25,3.2,2.25,3.19,3.0
2005,2006-03-04,West Bromwich Albion,Chelsea,8.5,4.1,1.4,,,,8.5,4.25,1.48,7.71,3.97,1.41
2005,2006-03-04,West Ham United,Everton,2.1,3.25,3.4,,,,2.15,3.3,3.8,2.05,3.19,3.44
2005,2006-03-05,Manchester City,Sunderland,1.4,4.33,7.5,,,,1.45,4.5,9.0,1.41,3.96,7.75
2005,2006-03-05,Tottenham Hotspur,Blackburn Rovers,1.9,3.3,4.0,,,,2.0,3.3,4.33,1.91,3.22,3.88
2005,2006-03-06,Wigan Athletic,Manchester United,5.0,3.6,1.66,,,,5.25,3.6,1.77,4.77,3.41,1.69
2005,2006-03-11,Birmingham City,West Bromwich Albion,2.0,3.2,3.75,,,,2.05,3.3,4.2,1.98,3.18,3.7
2005,2006-03-11,Blackburn Rovers,Aston Villa,1.83,3.25,4.5,,,,2.0,3.4,4.5,1.85,3.24,4.2
2005,2006-03-11,Bolton Wanderers,West Ham United,2.0,3.25,3.75,,,,2.1,3.4,4.2,2.01,3.21,3.6
2005,2006-03-11,Chelsea,Tottenham Hotspur,1.44,4.0,7.5,,,,1.57,4.0,7.55,1.46,3.82,7.07
2005,2006-03-11,Everton,Fulham,1.83,3.25,4.5,,,,1.91,3.4,4.7,1.84,3.25,4.18
2005,2006-03-11,Portsmouth,Manchester City,2.8,3.25,2.4,,,,2.9,3.3,2.6,2.75,3.19,2.43
2005,2006-03-11,Sunderland,Wigan Athletic,3.0,3.25,2.3,,,,3.35,3.36,2.38,3.02,3.22,2.24
2005,2006-03-12,Arsenal,Liverpool,2.25,3.2,3.1,,,,2.4,3.25,3.35,2.25,3.13,3.07
2005,2006-03-12,Charlton Athletic,Middlesbrough,2.2,3.2,3.2,,,,2.3,3.35,3.4,2.18,3.19,3.13
2005,2006-03-12,Manchester United,Newcastle United,1.4,4.33,7.5,,,,1.5,4.33,8.5,1.42,3.95,7.44
2005,2006-03-15,Liverpool,Fulham,1.36,4.33,9.0,,,,1.42,4.5,9.5,1.37,4.11,8.46
2005,2006-03-18,Arsenal,Charlton Athletic,1.3,4.5,9.5,,,,4.0,5.0,11.0,1.4,4.4,8.87
2005,2006-03-18,Birmingham City,Tottenham Hotspur,3.25,3.2,2.2,,,,3.42,3.3,2.3,3.13,3.19,2.22
2005,2006-03-18,Blackburn Rovers,Middlesbrough,1.83,3.25,4.5,,,,1.86,3.63,5.15,1.76,3.34,4.51
2005,2006-03-18,Bolton Wanderers,Sunderland,1.33,4.5,9.5,,,,1.4,5.0,10.04,1.35,4.34,8.69
2005,2006-03-18,Everton,Aston Villa,1.8,3.3,4.5,,,,1.95,3.55,5.0,1.84,3.27,4.22
2005,2006-03-18,Manchester City,Wigan Athletic,2.1,3.2,3.5,,,,2.2,3.35,3.91,2.04,3.22,3.49
2005,2006-03-18,West Bromwich Albion,Manchester United,6.0,4.0,1.5,,,,7.6,4.05,1.58,6.67,3.75,1.49
2005,2006-03-18,West Ham United,Portsmouth,2.0,3.2,3.75,,,,2.25,3.35,4.33,2.0,3.17,3.62
2005,2006-03-19,Fulham,Chelsea,8.0,4.2,1.4,,,,8.26,4.2,1.52,7.23,3.86,1.45
2005,2006-03-19,Newcastle United,Liverpool,2.87,3.25,2.37,,,,3.12,3.25,2.5,2.89,3.18,2.34
2005,2006-03-25,Aston Villa,Fulham,2.0,3.2,3.75,,,,2.05,3.3,4.25,1.98,3.23,3.62
2005,2006-03-25,Chelsea,Manchester City,1.25,5.0,13.0,,,,1.31,5.5,14.0,1.27,4.92,10.36
2005,2006-03-25,Liverpool,Everton,1.57,3.6,6.0,,,,1.66,3.75,6.41,1.6,3.45,5.69
2005,2006-03-25,Sunderland,Blackburn Rovers,5.0,3.6,1.66,,,,5.83,3.71,1.78,4.86,3.4,1.69
2005,2006-03-25,Wigan Athletic,West Ham United,2.0,3.2,3.75,,,,2.15,3.35,3.75,2.04,3.22,3.42
2005,2006-03-26,Charlton Athletic,Newcastle United,2.3,3.25,3.0,,,,2.4,3.35,3.15,2.26,3.21,2.97
2005,2006-03-26,Manchester United,Birmingham City,1.18,6.0,17.0,,,,1.23,7.15,17.84,1.19,5.63,13.89
2005,2006-03-26,Middlesbrough,Bolton Wanderers,2.6,3.2,2.62,,,,2.6,3.35,2.95,2.44,3.2,2.72
2005,2006-03-27,Tottenham Hotspur,West Bromwich Albion,1.44,4.0,7.5,,,,1.44,4.4,9.0,1.41,4.01,7.6
2005,2006-03-29,Manchester United,West Ham United,1.28,5.5,8.5,,,,1.36,5.5,11.0,1.3,4.74,8.73
2005,2006-04-01,Arsenal,Aston Villa,1.28,5.0,10.0,,,,1.35,5.25,13.38,1.3,4.68,9.68
2005,2006-04-01,Birmingham City,Chelsea,9.0,5.0,1.3,,,,13.0,5.0,1.4,9.11,4.45,1.33
2005,2006-04-01,Bolton Wanderers,Manchester United,4.0,3.25,1.9,,,,4.33,3.45,2.0,3.92,3.26,1.89
2005,2006-04-01,Everton,Sunderland,1.36,4.33,9.0,,,,1.37,5.0,10.19,1.34,4.36,8.64
2005,2006-04-01,Fulham,Portsmouth,1.9,3.3,4.0,,,,1.95,3.4,4.4,1.86,3.29,4.02
2005,2006-04-01,Newcastle United,Tottenham Hotspur,2.62,3.2,2.6,,,,2.85,3.3,2.75,2.58,3.19,2.57
2005,2006-04-01,West Bromwich Albion,Liverpool,6.0,3.8,1.53,,,,6.93,3.8,1.62,5.96,3.58,1.56
2005,2006-04-02,Manchester City,Middlesbrough,2.0,3.25,3.75,,,,2.1,3.4,4.0,1.97,3.24,3.59
2005,2006-04-02,West Ham United,Charlton Athletic,2.1,3.2,3.5,,,,2.15,3.3,3.75,2.03,3.21,3.47
2005,2006-04-03,Blackburn Rovers,Wigan Athletic,1.8,3.3,4.5,,,,1.85,3.5,5.5,1.76,3.29,4.49
2005,2006-04-04,Birmingham City,Bolton Wanderers,2.75,3.2,2.5,,,,2.91,3.3,2.6,2.71,3.19,2.43
2005,2006-04-08,Charlton Athletic,Everton,2.3,3.1,3.1,,,,2.5,3.3,3.1,2.29,3.19,2.91
2005,2006-04-08,Portsmouth,Blackburn Rovers,2.5,3.2,2.75,,,,2.65,3.3,2.8,2.48,3.2,2.64
2005,2006-04-08,Tottenham Hotspur,Manchester City,1.61,3.6,5.5,,,,1.7,3.75,6.0,1.61,3.49,5.42
2005,2006-04-08,Wigan Athletic,Birmingham City,1.9,3.4,3.8,,,,2.0,3.5,4.25,1.89,3.33,3.82
2005,2006-04-09,Aston Villa,West Bromwich Albion,1.9,3.25,4.0,,,,2.08,3.35,4.2,1.93,3.22,3.78
2005,2006-04-09,Chelsea,West Ham United,1.25,5.5,13.0,,,,1.3,5.65,14.0,1.26,4.9,10.52
2005,2006-04-09,Liverpool,Bolton Wanderers,1.44,4.2,7.0,,,,1.55,4.2,7.5,1.49,3.67,6.59
2005,2006-04-09,Manchester United,Arsenal,2.1,3.2,3.5,,,,2.1,3.3,3.8,1.99,3.22,3.59
2005,2006-04-09,Middlesbrough,Newcastle United,2.4,3.2,2.87,,,,2.55,3.3,3.02,2.36,3.17,2.82
2005,2006-04-12,Portsmouth,Arsenal,5.0,3.6,1.66,,,,5.5,3.8,1.75,4.87,3.53,1.65
2005,2006-04-14,Manchester United,Sunderland,1.1,8.0,26.0,,,,1.13,9.44,34.0,1.1,7.33,22.06
2005,2006-04-15,Arsenal,West Bromwich Albion,1.22,5.5,13.0,,,,1.31,5.5,15.0,1.24,5.2,11.38
2005,2006-04-15,Bolton Wanderers,Chelsea,5.5,3.6,1.61,,,,5.8,3.6,1.75,5.18,3.44,1.64
2005,2006-04-15,Everton,Tottenham Hotspur,2.5,3.25,2.7,,,,2.8,3.3,2.8,2.55,3.17,2.62
2005,2006-04-15,Fulham,Charlton Athletic,2.0,3.25,3.75,,,,2.2,3.46,4.05,2.06,3.23,3.39
2005,2006-04-15,Newcastle United,Wigan Athletic,1.83,3.3,4.33,,,,1.95,3.45,4.33,1.87,3.28,3.97
2005,2006-04-15,Portsmouth,Middlesbrough,1.72,3.6,4.5,,,,1.85,3.96,5.0,1.74,3.47,4.32
2005,2006-04-15,West Ham United,Manchester City,2.1,3.2,3.5,,,,2.25,3.35,3.75,2.05,3.22,3.4
2005,2006-04-16,Aston Villa,Birmingham City,2.4,3.0,3.0,,,,2.5,3.3,3.5,2.29,3.08,3.03
2005,2006-04-16,Blackburn Rovers,Liverpool,3.25,3.2,2.2,,,,3.55,3.3,2.3,3.16,3.19,2.17
2005,2006-04-17,Charlton Athletic,Portsmouth,2.25,3.25,2.8,,,,2.6,3.31,3.13,2.4,3.2,2.75
2005,2006-04-17,Chelsea,Everton,1.2,5.5,11.0,,,,1.27,6.0,17.0,1.23,5.24,11.95
2005,2006-04-17,Middlesbrough,West Ham United,2.5,3.25,2.5,,,,2.65,3.4,2.88,2.42,3.23,2.71
2005,2006-04-17,Sunderland,Newcastle United,4.0,3.2,1.83,,,,4.15,3.55,2.1,3.85,3.25,1.89
2005,2006-04-17,Tottenham Hotspur,Manchester United,3.2,3.2,2.1,,,,3.5,3.3,2.3,3.24,3.2,2.12
2005,2006-04-17,West Bromwich Albion,Bolton Wanderers,2.5,3.25,2.5,,,,2.5,3.4,3.15,2.38,3.22,2.77
2005,2006-04-18,Wigan Athletic,Aston Villa,1.9,3.25,3.6,,,,2.15,3.4,3.75,2.0,3.23,3.47
2005,2006-04-19,Birmingham City,Blackburn Rovers,2.5,3.25,2.5,,,,2.75,3.3,2.85,2.49,3.18,2.67
2005,2006-04-22,Arsenal,Tottenham Hotspur,1.66,3.4,5.5,,,,1.75,3.6,6.0,1.67,3.37,5.05
2005,2006-04-22,Bolton Wanderers,Charlton Athletic,1.83,3.3,4.33,,,,1.9,3.45,4.84,1.81,3.29,4.15
2005,2006-04-22,Everton,Birmingham City,2.1,3.25,3.4,,,,2.3,3.45,3.56,2.13,3.24,3.17
2005,2006-04-22,Newcastle United,West Bromwich Albion,1.8,3.3,4.5,,,,1.8,3.5,5.5,1.71,3.39,4.68
2005,2006-04-22,Portsmouth,Sunderland,1.36,4.33,9.0,,,,1.42,5.0,9.5,1.37,4.19,8.03
2005,2006-04-24,Fulham,Wigan Athletic,2.0,3.2,3.75,,,,2.25,3.4,3.65,2.07,3.21,3.32
2005,2006-04-25,Aston Villa,Manchester City,2.1,3.25,3.4,,,,2.35,3.3,3.4,2.14,3.18,3.14
2005,2006-04-26,West Ham United,Liverpool,4.75,3.5,1.72,,,,4.85,3.5,1.91,4.17,3.28,1.83
2005,2006-04-29,Birmingham City,Newcastle United,2.5,3.2,2.75,,,,2.6,3.41,3.1,2.37,3.23,2.78
2005,2006-04-29,Charlton Athletic,Blackburn Rovers,2.75,3.2,2.5,,,,3.26,3.4,2.6,2.78,3.22,2.37
2005,2006-04-29,Chelsea,Manchester United,2.1,3.1,3.6,,,,2.25,3.25,3.75,2.13,3.09,3.39
2005,2006-04-29,Liverpool,Aston Villa,1.36,4.33,9.0,,,,1.4,4.65,11.0,1.35,4.23,8.85
2005,2006-04-29,Manchester City,Fulham,1.9,3.25,4.0,,,,1.95,3.5,4.75,1.85,3.31,4.01
2005,2006-04-29,Middlesbrough,Everton,2.5,3.2,2.75,,,,2.75,3.4,3.0,2.39,3.2,2.74
2005,2006-04-29,Wigan Athletic,Portsmouth,2.4,3.25,2.8,,,,2.7,3.4,3.0,2.39,3.24,2.74
2005,2006-04-30,Tottenham Hotspur,Bolton Wanderers,1.61,3.6,5.5,,,,1.76,3.65,5.9,1.64,3.45,5.19
2005,2006-05-01,Manchester United,Middlesbrough,1.25,5.5,10.0,,,,1.28,6.0,12.0,1.25,5.21,10.12
2005,2006-05-01,Sunderland,Arsenal,10.0,5.0,1.28,,,,12.0,5.55,1.33,9.7,4.91,1.27
2005,2006-05-01,West Bromwich Albion,West Ham United,2.3,3.25,3.0,,,,2.4,3.4,3.05,2.3,3.25,2.87
2005,2006-05-02,Blackburn Rovers,Chelsea,3.0,3.4,2.2,,,,3.2,3.4,2.48,3.0,3.23,2.22
2005,2006-05-03,Bolton Wanderers,Middlesbrough,1.57,3.8,5.5,,,,1.6,3.85,6.6,1.54,3.64,5.79
2005,2006-05-04,Manchester City,Arsenal,5.5,3.6,1.61,,,,5.75,3.75,1.7,5.21,3.51,1.61
2005,2006-05-04,Sunderland,Fulham,3.2,3.25,2.2,,,,3.6,3.5,2.25,3.1,3.3,2.13
2005,2006-05-07,Arsenal,Wigan Athletic,1.2,6.0,13.0,,,,1.25,6.5,15.0,1.21,5.47,11.52
2005,2006-05-07,Aston Villa,Sunderland,1.53,3.8,6.0,,,,1.6,4.06,6.75,1.53,3.61,5.98
2005,2006-05-07,Blackburn Rovers,Manchester City,1.66,3.4,5.5,,,,1.78,3.6,5.5,1.68,3.4,4.85
2005,2006-05-07,Bolton Wanderers,Birmingham City,1.61,3.6,5.5,,,,1.62,3.89,6.75,1.55,3.59,5.83
2005,2006-05-07,Everton,West Bromwich Albion,1.66,3.4,5.5,,,,1.67,3.7,6.21,1.61,3.47,5.32
2005,2006-05-07,Fulham,Middlesbrough,1.66,3.4,5.5,,,,1.75,3.74,6.0,1.65,3.43,5.01
2005,2006-05-07,Manchester United,Charlton Athletic,1.2,6.0,13.0,,,,1.24,6.72,16.0,1.2,5.56,12.26
2005,2006-05-07,Newcastle United,Chelsea,3.0,3.25,2.3,,,,3.1,3.35,2.6,2.82,3.18,2.33
2005,2006-05-07,Portsmouth,Liverpool,5.0,3.8,1.61,,,,5.94,4.0,1.67,5.11,3.62,1.59
2005,2006-05-07,West Ham United,Tottenham Hotspur,4.5,3.6,1.72,,,,4.8,3.8,1.83,4.23,3.47,1.73
2006,2006-08-19,Arsenal,Aston Villa,1.28,4.5,13.0,,,,1.33,5.5,13.25,1.27,4.82,10.72
2006,2006-08-19,Bolton Wanderers,Tottenham Hotspur,2.62,3.2,2.6,,,,2.9,3.32,2.7,2.66,3.15,2.53
2006,2006-08-19,Everton,Watford,1.66,3.4,5.5,,,,1.73,3.7,6.0,1.63,3.46,5.35
2006,2006-08-19,Newcastle United,Wigan Athletic,1.72,3.5,4.75,,,,1.87,3.55,5.25,1.71,3.39,4.72
2006,2006-08-19,Portsmouth,Blackburn Rovers,2.3,3.1,3.1,,,,2.51,3.33,3.2,2.37,3.2,2.83
2006,2006-08-19,Reading,Middlesbrough,2.5,3.1,2.8,,,,2.55,3.3,3.2,2.37,3.19,2.82
2006,2006-08-19,Sheffield United,Liverpool,6.0,3.8,1.53,,,,8.15,4.0,1.71,6.5,3.63,1.54
2006,2006-08-19,West Ham United,Charlton Athletic,2.0,3.2,3.75,,,,2.1,3.4,4.0,2.0,3.23,3.56
2006,2006-08-20,Chelsea,Manchester City,1.22,5.5,13.0,,,,1.25,6.25,18.0,1.21,5.49,12.6
2006,2006-08-20,Manchester United,Fulham,1.22,5.5,13.0,,,,1.3,5.5,13.95,1.26,4.98,11.07
2006,2006-08-22,Tottenham Hotspur,Sheffield United,1.5,3.75,7.0,,,,1.51,4.1,8.6,1.44,3.82,7.22
2006,2006-08-22,Watford,West Ham United,2.87,3.2,2.4,,,,2.88,3.3,2.7,2.66,3.21,2.46
2006,2006-08-23,Aston Villa,Reading,1.9,3.25,4.0,,,,2.0,3.35,4.33,1.89,3.25,3.88
2006,2006-08-23,Blackburn Rovers,Everton,2.3,3.1,3.1,,,,2.35,3.3,3.3,2.22,3.2,3.03
2006,2006-08-23,Charlton Athletic,Manchester United,7.5,3.6,1.5,,,,7.5,3.9,1.91,6.37,3.57,1.56
2006,2006-08-23,Fulham,Bolton Wanderers,2.4,3.2,2.87,,,,2.55,3.3,3.0,2.4,3.2,2.74
2006,2006-08-23,Manchester City,Portsmouth,2.2,3.1,3.1,,,,2.25,3.3,3.55,2.14,3.21,3.18
2006,2006-08-23,Middlesbrough,Chelsea,8.5,3.75,1.44,,,,9.0,4.05,1.8,7.56,3.77,1.46
2006,2006-08-26,Charlton Athletic,Bolton Wanderers,2.5,3.1,2.8,,,,2.7,3.35,2.9,2.46,3.19,2.7
2006,2006-08-26,Fulham,Sheffield United,1.9,3.25,4.0,,,,2.02,3.45,4.5,1.89,3.28,3.9
2006,2006-08-26,Liverpool,West Ham United,1.44,4.0,7.5,,,,1.46,4.75,10.0,1.41,4.1,7.65
2006,2006-08-26,Manchester City,Arsenal,5.5,3.6,1.61,,,,5.8,3.7,1.8,5.14,3.49,1.67
2006,2006-08-26,Tottenham Hotspur,Everton,1.72,3.4,5.0,,,,1.8,3.55,5.5,1.7,3.39,4.79
2006,2006-08-26,Watford,Manchester United,7.5,4.33,1.4,,,,10.0,4.6,2.05,8.01,4.16,1.4
2006,2006-08-26,Wigan Athletic,Reading,1.9,3.25,4.0,,,,2.18,3.4,4.0,1.98,3.25,3.58
2006,2006-08-27,Aston Villa,Newcastle United,2.37,3.1,3.0,,,,2.45,3.3,3.1,2.33,3.21,2.87
2006,2006-08-27,Blackburn Rovers,Chelsea,6.5,3.6,1.53,,,,7.02,4.0,1.77,6.62,3.65,1.52
2006,2006-08-28,Middlesbrough,Portsmouth,2.0,3.2,3.75,,,,2.2,3.45,3.75,2.05,3.24,3.39
2006,2006-09-09,Arsenal,Middlesbrough,1.33,4.33,10.0,,,,1.4,5.0,12.15,1.31,4.48,9.84
2006,2006-09-09,Bolton Wanderers,Watford,1.66,3.4,5.5,,,,1.72,3.65,6.0,1.64,3.44,5.24
2006,2006-09-09,Chelsea,Charlton Athletic,1.2,5.5,17.0,,,,1.22,7.0,19.8,1.17,6.02,14.77
2006,2006-09-09,Everton,Liverpool,3.75,3.2,2.0,,,,4.07,3.34,2.2,3.64,3.19,2.01
2006,2006-09-09,Manchester United,Tottenham Hotspur,1.5,3.75,7.0,,,,1.55,4.0,8.65,1.48,3.73,6.82
2006,2006-09-09,Newcastle United,Fulham,1.72,3.4,5.0,,,,1.8,3.55,5.5,1.7,3.4,4.75
2006,2006-09-09,Portsmouth,Wigan Athletic,1.83,3.25,4.5,,,,1.9,3.45,5.0,1.82,3.28,4.22
2006,2006-09-09,Sheffield United,Blackburn Rovers,2.62,3.2,2.62,,,,2.75,3.3,2.8,2.6,3.17,2.56
2006,2006-09-10,West Ham United,Aston Villa,2.1,3.2,3.5,,,,2.2,3.4,3.75,2.09,3.23,3.29
2006,2006-09-11,Reading,Manchester City,2.3,3.1,3.1,,,,2.5,3.3,3.1,2.34,3.21,2.85
2006,2006-09-16,Bolton Wanderers,Middlesbrough,2.0,3.2,3.75,,,,2.1,3.4,4.0,2.0,3.24,3.53
2006,2006-09-16,Charlton Athletic,Portsmouth,2.3,3.25,3.0,,,,2.5,3.3,3.0,2.43,3.2,2.75
2006,2006-09-16,Everton,Wigan Athletic,1.72,3.4,5.0,,,,1.77,3.65,5.5,1.67,3.44,4.9
2006,2006-09-16,Sheffield United,Reading,2.5,3.1,2.8,,,,2.55,3.32,3.05,2.37,3.2,2.81
2006,2006-09-16,Watford,Aston Villa,2.75,3.2,2.5,,,,3.0,3.3,2.6,2.76,3.16,2.41
2006,2006-09-17,Blackburn Rovers,Manchester City,2.0,3.2,3.75,,,,2.15,3.35,3.75,2.05,3.22,3.41
2006,2006-09-17,Chelsea,Liverpool,1.83,3.25,4.5,,,,1.85,3.4,5.5,1.77,3.24,4.61
2006,2006-09-17,Manchester United,Arsenal,1.9,3.25,4.0,,,,2.07,3.4,4.62,1.9,3.24,3.99
2006,2006-09-17,Tottenham Hotspur,Fulham,1.61,3.4,6.0,,,,1.65,3.7,7.5,1.6,3.46,5.64
2006,2006-09-17,West Ham United,Newcastle United,2.1,3.2,3.5,,,,2.2,3.35,3.6,2.08,3.23,3.33
2006,2006-09-20,Liverpool,Newcastle United,1.53,3.6,6.5,,,,1.55,3.85,8.0,1.51,3.63,6.51
2006,2006-09-23,Arsenal,Sheffield United,1.2,5.5,17.0,,,,1.25,6.6,20.7,1.19,5.67,14.19
2006,2006-09-23,Aston Villa,Charlton Athletic,1.8,3.4,4.33,,,,1.8,3.5,5.5,1.72,3.38,4.74
2006,2006-09-23,Fulham,Chelsea,7.5,4.33,1.4,,,,8.75,4.5,1.45,7.64,4.1,1.4
2006,2006-09-23,Liverpool,Tottenham Hotspur,1.61,3.75,5.25,,,,1.66,3.98,6.85,1.62,3.56,5.42
2006,2006-09-23,Manchester City,West Ham United,2.25,3.2,3.1,,,,2.38,3.3,3.3,2.23,3.22,3.06
2006,2006-09-23,Middlesbrough,Blackburn Rovers,2.1,3.1,3.5,,,,2.25,3.32,3.5,2.1,3.2,3.35
2006,2006-09-23,Reading,Manchester United,7.0,3.75,1.5,,,,7.0,4.0,1.55,6.6,3.71,1.5
2006,2006-09-23,Wigan Athletic,Watford,1.83,3.3,4.33,,,,1.91,3.45,4.75,1.81,3.3,4.26
2006,2006-09-24,Newcastle United,Everton,2.2,3.2,3.25,,,,2.3,3.3,3.4,2.2,3.21,3.14
2006,2006-09-25,Portsmouth,Bolton Wanderers,1.9,3.25,4.0,,,,2.1,3.4,4.0,1.95,3.25,3.76
2006,2006-09-30,Bolton Wanderers,Liverpool,3.75,3.2,2.0,,,,4.1,3.41,2.16,3.61,3.2,2.01
2006,2006-09-30,Charlton Athletic,Arsenal,6.5,3.6,1.53,,,,7.0,3.75,1.69,6.24,3.55,1.55
2006,2006-09-30,Chelsea,Aston Villa,1.3,5.0,8.5,,,,1.3,5.5,12.0,1.27,4.9,10.25
2006,2006-09-30,Everton,Manchester City,1.83,3.3,4.33,,,,1.9,3.5,5.0,1.82,3.29,4.19
2006,2006-09-30,Sheffield United,Middlesbrough,2.6,3.25,2.6,,,,2.8,3.3,2.65,2.61,3.2,2.54
2006,2006-10-01,Blackburn Rovers,Wigan Athletic,1.9,3.25,4.0,,,,2.0,3.45,4.5,1.86,3.28,4.02
2006,2006-10-01,Manchester United,Newcastle United,1.3,4.33,13.0,,,,1.38,4.85,13.0,1.33,4.42,9.12
2006,2006-10-01,Tottenham Hotspur,Portsmouth,1.8,3.25,4.5,,,,1.91,3.4,4.5,1.86,3.29,4.02
2006,2006-10-01,West Ham United,Reading,1.9,3.25,4.0,,,,2.05,3.4,4.2,1.95,3.26,3.69
2006,2006-10-02,Watford,Fulham,2.4,3.2,2.87,,,,2.5,3.3,3.1,2.39,3.18,2.8
2006,2006-10-14,Arsenal,Watford,1.16,6.5,15.0,,,,1.2,7.0,19.0,1.17,5.99,14.27
2006,2006-10-14,Aston Villa,Tottenham Hotspur,2.25,3.1,3.2,,,,2.4,3.26,3.62,2.23,3.16,3.11
2006,2006-10-14,Liverpool,Blackburn Rovers,1.44,4.0,7.5,,,,1.5,4.0,8.0,1.46,3.81,7.0
2006,2006-10-14,Manchester City,Sheffield United,1.66,3.6,5.0,,,,1.73,3.6,5.75,1.68,3.45,4.87
2006,2006-10-14,Middlesbrough,Everton,2.6,3.1,2.7,,,,2.66,3.25,2.9,2.47,3.16,2.69
2006,2006-10-14,Portsmouth,West Ham United,2.0,3.2,3.75,,,,2.0,3.45,4.25,1.93,3.25,3.76
2006,2006-10-14,Reading,Chelsea,7.5,4.33,1.4,,,,8.0,4.33,1.8,7.33,3.97,1.44
2006,2006-10-14,Wigan Athletic,Manchester United,6.0,3.8,1.53,,,,7.0,4.0,1.83,6.4,3.7,1.52
2006,2006-10-15,Newcastle United,Bolton Wanderers,2.25,3.2,3.1,,,,2.3,3.3,3.45,2.23,3.19,3.04
2006,2006-10-16,Fulham,Charlton Athletic,2.1,3.1,3.6,,,,2.1,3.4,3.9,2.02,3.22,3.52
2006,2006-10-21,Aston Villa,Fulham,1.72,3.4,5.0,,,,1.8,3.55,5.75,1.69,3.39,5.01
2006,2006-10-21,Charlton Athletic,Watford,1.9,3.25,4.0,,,,2.05,3.4,4.3,1.93,3.25,3.84
2006,2006-10-21,Chelsea,Portsmouth,1.28,5.0,10.0,,,,1.3,5.68,12.0,1.26,4.98,10.75
2006,2006-10-21,Everton,Sheffield United,1.57,3.5,6.5,,,,1.6,3.8,6.75,1.56,3.57,6.05
2006,2006-10-21,Wigan Athletic,Manchester City,2.3,3.1,3.1,,,,2.4,3.3,3.25,2.28,3.18,3.01
2006,2006-10-22,Blackburn Rovers,Bolton Wanderers,2.37,3.1,2.75,,,,2.45,3.25,3.15,2.35,3.13,2.93
2006,2006-10-22,Manchester United,Liverpool,1.9,3.25,4.0,,,,2.04,3.35,4.75,1.89,3.21,4.12
2006,2006-10-22,Middlesbrough,Newcastle United,2.4,3.1,2.87,,,,2.5,3.25,3.25,2.32,3.13,2.98
2006,2006-10-22,Reading,Arsenal,5.5,3.6,1.61,,,,6.5,3.75,1.67,5.82,3.58,1.57
2006,2006-10-22,Tottenham Hotspur,West Ham United,1.8,3.3,4.5,,,,1.8,3.55,5.0,1.76,3.36,4.64
2006,2006-10-28,Arsenal,Everton,1.4,4.0,9.0,,,,1.45,4.6,9.5,1.39,4.13,7.96
2006,2006-10-28,Bolton Wanderers,Manchester United,4.33,3.3,1.83,,,,4.83,3.5,2.0,4.13,3.24,1.86
2006,2006-10-28,Fulham,Wigan Athletic,2.1,3.25,3.4,,,,2.15,3.3,3.85,2.02,3.22,3.54
2006,2006-10-28,Liverpool,Aston Villa,1.53,3.6,6.5,,,,1.67,3.75,7.25,1.58,3.49,6.04
2006,2006-10-28,Newcastle United,Charlton Athletic,1.8,3.3,4.5,,,,1.85,3.45,5.1,1.76,3.31,4.59
2006,2006-10-28,Portsmouth,Reading,1.8,3.3,4.5,,,,1.91,3.5,5.0,1.79,3.28,4.39
2006,2006-10-28,Sheffield United,Chelsea,12.0,4.5,1.3,,,,14.4,5.15,1.34,10.34,4.66,1.29
2006,2006-10-28,Watford,Tottenham Hotspur,3.6,3.3,2.0,,,,3.75,3.4,2.2,3.41,3.21,2.06
2006,2006-10-29,West Ham United,Blackburn Rovers,2.5,3.2,2.75,,,,2.6,3.25,2.95,2.4,3.2,2.79
2006,2006-10-30,Manchester City,Middlesbrough,2.37,3.1,3.0,,,,2.4,3.3,3.15,2.29,3.18,2.97
2006,2006-11-04,Bolton Wanderers,Wigan Athletic,1.9,3.25,4.0,,,,1.95,3.4,5.0,1.8,3.27,4.38
2006,2006-11-04,Charlton Athletic,Manchester City,2.3,3.1,3.1,,,,2.45,3.3,3.1,2.32,3.19,2.9
2006,2006-11-04,Fulham,Everton,2.8,3.1,2.5,,,,2.85,3.25,2.75,2.63,3.16,2.56
2006,2006-11-04,Liverpool,Reading,1.33,4.5,9.5,,,,1.38,4.85,10.5,1.34,4.35,8.72
2006,2006-11-04,Manchester United,Portsmouth,1.3,5.0,9.0,,,,1.34,5.25,13.0,1.29,4.73,9.69
2006,2006-11-04,Newcastle United,Sheffield United,1.72,3.4,5.0,,,,1.75,3.5,5.5,1.71,3.38,4.84
2006,2006-11-04,Watford,Middlesbrough,2.6,3.0,2.8,,,,2.65,3.35,3.08,2.49,3.14,2.74
2006,2006-11-05,Aston Villa,Blackburn Rovers,2.0,3.2,3.75,,,,2.1,3.3,4.4,1.93,3.21,3.84
2006,2006-11-05,Tottenham Hotspur,Chelsea,5.0,3.4,1.72,,,,5.5,3.55,1.75,4.97,3.36,1.69
2006,2006-11-05,West Ham United,Arsenal,5.5,3.6,1.61,,,,6.1,3.75,1.65,5.57,3.51,1.59
2006,2006-11-11,Blackburn Rovers,Manchester United,5.5,3.6,1.61,,,,6.5,3.75,1.65,5.78,3.54,1.58
2006,2006-11-11,Chelsea,Watford,1.12,7.0,23.0,,,,1.17,7.4,25.0,1.14,6.55,17.52
2006,2006-11-11,Everton,Aston Villa,2.0,3.2,3.75,,,,2.2,3.25,3.9,2.09,3.17,3.43
2006,2006-11-11,Manchester City,Newcastle United,2.1,3.2,3.5,,,,2.2,3.3,3.8,2.05,3.22,3.46
2006,2006-11-11,Middlesbrough,West Ham United,2.2,3.2,3.25,,,,2.3,3.3,3.4,2.19,3.2,3.15
2006,2006-11-11,Portsmouth,Fulham,1.83,3.3,4.33,,,,1.9,3.5,4.6,1.83,3.29,4.2
2006,2006-11-11,Sheffield United,Bolton Wanderers,2.9,3.2,2.37,,,,3.1,3.35,2.5,2.84,3.21,2.36
2006,2006-11-11,Wigan Athletic,Charlton Athletic,1.9,3.25,4.0,,,,2.0,3.4,4.35,1.87,3.26,4.02
2006,2006-11-12,Arsenal,Liverpool,2.0,3.2,3.75,,,,2.1,3.3,4.0,2.01,3.19,3.62
2006,2006-11-12,Reading,Tottenham Hotspur,3.1,3.2,2.25,,,,3.3,3.3,2.35,3.05,3.19,2.25
2006,2006-11-18,Arsenal,Newcastle United,1.25,5.0,13.0,,,,1.32,5.2,13.0,1.29,4.7,10.09
2006,2006-11-18,Chelsea,West Ham United,1.18,5.75,17.0,,,,1.24,6.5,17.0,1.21,5.47,12.54
2006,2006-11-18,Everton,Bolton Wanderers,2.4,3.2,2.87,,,,2.45,3.25,3.3,2.26,3.17,3.0
2006,2006-11-18,Manchester City,Fulham,2.1,3.2,3.5,,,,2.2,3.3,3.85,2.11,3.19,3.32
2006,2006-11-18,Middlesbrough,Liverpool,3.75,3.2,2.0,,,,3.9,3.3,2.25,3.4,3.21,2.07
2006,2006-11-18,Portsmouth,Watford,1.61,3.6,5.5,,,,1.67,3.75,6.6,1.59,3.52,5.51
2006,2006-11-18,Reading,Charlton Athletic,1.9,3.25,4.0,,,,2.0,3.45,4.3,1.9,3.26,3.85
2006,2006-11-18,Sheffield United,Manchester United,9.0,4.33,1.36,,,,11.0,5.0,1.37,8.81,4.37,1.34
2006,2006-11-19,Blackburn Rovers,Tottenham Hotspur,2.4,3.2,2.87,,,,2.55,3.3,3.1,2.39,3.18,2.8
2006,2006-11-19,Wigan Athletic,Aston Villa,2.37,3.2,2.9,,,,2.5,3.25,3.1,2.38,3.18,2.81
2006,2006-11-25,Aston Villa,Middlesbrough,1.8,3.3,4.5,,,,1.85,3.43,5.25,1.77,3.31,4.49
2006,2006-11-25,Bolton Wanderers,Arsenal,3.6,3.3,2.0,,,,3.9,3.35,2.1,3.53,3.23,2.01
2006,2006-11-25,Charlton Athletic,Everton,2.7,3.25,2.5,,,,2.8,3.27,2.85,2.64,3.17,2.54
2006,2006-11-25,Fulham,Reading,2.2,3.1,3.3,,,,2.3,3.35,3.6,2.13,3.22,3.24
2006,2006-11-25,Liverpool,Manchester City,1.44,3.75,8.5,,,,1.45,4.5,9.0,1.41,3.94,7.8
2006,2006-11-25,West Ham United,Sheffield United,1.8,3.3,4.5,,,,1.83,3.55,5.15,1.77,3.33,4.46
2006,2006-11-26,Manchester United,Chelsea,2.5,3.1,2.8,,,,2.7,3.2,3.2,2.48,3.06,2.82
2006,2006-11-26,Newcastle United,Portsmouth,2.3,3.1,3.1,,,,2.3,3.33,3.5,2.22,3.19,3.09
2006,2006-11-26,Tottenham Hotspur,Wigan Athletic,1.8,3.3,4.5,,,,1.9,3.6,5.3,1.77,3.32,4.49
2006,2006-11-28,Watford,Sheffield United,2.2,3.1,3.3,,,,2.3,3.25,3.45,2.18,3.16,3.22
2006,2006-11-29,Aston Villa,Manchester City,1.83,3.3,4.33,,,,2.0,3.4,4.9,1.82,3.28,4.23
2006,2006-11-29,Bolton Wanderers,Chelsea,5.0,3.6,1.66,,,,5.74,3.6,1.73,5.03,3.44,1.66
2006,2006-11-29,Fulham,Arsenal,6.0,3.6,1.57,,,,6.25,3.7,1.67,5.45,3.47,1.61
2006,2006-11-29,Liverpool,Portsmouth,1.44,4.0,7.5,,,,1.5,4.35,8.25,1.45,3.84,7.13
2006,2006-11-29,Manchester United,Everton,1.33,4.5,9.5,,,,1.35,5.0,11.0,1.31,4.58,9.28
2006,2006-12-02,Arsenal,Tottenham Hotspur,1.66,3.5,5.0,,,,1.8,3.75,6.0,1.63,3.48,5.35
2006,2006-12-02,Blackburn Rovers,Fulham,1.9,3.25,4.0,,,,2.0,3.4,4.3,1.9,3.25,3.91
2006,2006-12-02,Middlesbrough,Manchester United,6.0,3.6,1.57,,,,6.3,3.85,1.65,5.77,3.6,1.57
2006,2006-12-02,Portsmouth,Aston Villa,2.2,3.2,3.25,,,,2.3,3.32,3.35,2.21,3.17,3.11
2006,2006-12-02,Reading,Bolton Wanderers,2.4,3.2,2.87,,,,2.54,3.32,3.0,2.41,3.18,2.79
2006,2006-12-02,Sheffield United,Charlton Athletic,2.2,3.1,3.3,,,,2.35,3.3,3.4,2.19,3.17,3.15
2006,2006-12-02,Wigan Athletic,Liverpool,3.75,3.2,2.0,,,,3.85,3.3,2.1,3.46,3.2,2.05
2006,2006-12-03,Everton,West Ham United,1.9,3.25,4.0,,,,2.05,3.3,4.43,1.9,3.23,3.94
2006,2006-12-04,Manchester City,Watford,1.57,3.6,6.0,,,,1.67,3.7,6.53,1.6,3.47,5.64
2006,2006-12-05,Charlton Athletic,Blackburn Rovers,2.5,3.1,2.8,,,,2.8,3.3,2.8,2.57,3.17,2.61
2006,2006-12-05,Tottenham Hotspur,Middlesbrough,1.72,3.4,5.0,,,,1.75,3.65,5.9,1.67,3.41,5.04
2006,2006-12-06,Newcastle United,Reading,1.9,3.25,4.0,,,,2.15,3.32,4.0,2.03,3.22,3.48
2006,2006-12-06,West Ham United,Wigan Athletic,2.0,3.3,3.6,,,,2.02,3.35,4.2,1.95,3.25,3.68
2006,2006-12-09,Blackburn Rovers,Newcastle United,2.15,3.25,3.4,,,,2.18,3.35,3.8,2.07,3.21,3.39
2006,2006-12-09,Bolton Wanderers,West Ham United,1.75,3.3,5.0,,,,1.8,3.5,5.2,1.75,3.29,4.63
2006,2006-12-09,Liverpool,Fulham,1.33,4.5,9.5,,,,1.35,5.25,12.0,1.31,4.5,9.67
2006,2006-12-09,Manchester United,Manchester City,1.36,4.33,9.0,,,,1.4,5.0,11.0,1.33,4.4,9.27
2006,2006-12-09,Middlesbrough,Wigan Athletic,2.05,3.2,3.6,,,,2.25,3.34,3.6,2.08,3.22,3.36
2006,2006-12-09,Portsmouth,Everton,2.2,3.2,3.25,,,,2.2,3.34,3.65,2.11,3.19,3.29
2006,2006-12-09,Tottenham Hotspur,Charlton Athletic,1.53,4.0,6.0,,,,1.6,4.2,7.5,1.49,3.77,6.46
2006,2006-12-09,Watford,Reading,2.6,3.2,2.62,,,,2.81,3.33,2.65,2.63,3.17,2.54
2006,2006-12-10,Chelsea,Arsenal,1.72,3.4,5.0,,,,1.77,3.6,6.0,1.71,3.34,4.91
2006,2006-12-11,Sheffield United,Aston Villa,2.62,3.2,2.6,,,,2.9,3.33,2.6,2.7,3.15,2.49
2006,2006-12-13,Chelsea,Newcastle United,1.2,6.0,13.0,,,,1.25,6.0,17.0,1.22,5.36,12.13
2006,2006-12-13,Wigan Athletic,Arsenal,4.75,3.5,1.72,,,,4.8,3.6,1.8,4.51,3.35,1.75
2006,2006-12-16,Arsenal,Portsmouth,1.4,4.33,7.5,,,,1.45,4.5,10.0,1.39,4.13,7.81
2006,2006-12-16,Aston Villa,Bolton Wanderers,2.4,3.2,2.87,,,,2.4,3.25,3.35,2.27,3.14,3.06
2006,2006-12-16,Charlton Athletic,Liverpool,6.0,3.8,1.53,,,,6.5,3.8,1.65,5.66,3.57,1.58
2006,2006-12-16,Newcastle United,Watford,1.72,3.4,5.0,,,,1.75,3.51,6.0,1.66,3.4,5.25
2006,2006-12-16,Reading,Blackburn Rovers,2.1,3.25,3.4,,,,2.15,3.32,3.8,2.02,3.23,3.51
2006,2006-12-16,Wigan Athletic,Sheffield United,1.8,3.4,4.33,,,,1.93,3.43,5.0,1.82,3.27,4.23
2006,2006-12-17,Everton,Chelsea,5.5,3.8,1.57,,,,7.5,3.8,1.57,6.18,3.58,1.54
2006,2006-12-17,Manchester City,Tottenham Hotspur,2.5,3.2,2.75,,,,2.6,3.33,3.0,2.4,3.18,2.79
2006,2006-12-17,West Ham United,Manchester United,6.5,4.0,1.44,,,,8.0,4.33,1.5,6.93,3.94,1.45
2006,2006-12-18,Fulham,Middlesbrough,2.25,3.2,3.1,,,,2.2,3.32,3.8,2.1,3.2,3.32
2006,2006-12-23,Arsenal,Blackburn Rovers,1.33,4.5,9.5,,,,1.36,5.0,10.0,1.33,4.45,8.7
2006,2006-12-23,Aston Villa,Manchester United,5.5,3.6,1.61,,,,6.8,3.75,1.65,5.62,3.52,1.6
2006,2006-12-23,Fulham,West Ham United,2.37,3.25,2.87,,,,2.5,3.34,3.05,2.32,3.21,2.89
2006,2006-12-23,Liverpool,Watford,1.2,6.0,13.0,,,,1.23,6.5,16.0,1.2,5.59,13.07
2006,2006-12-23,Manchester City,Bolton Wanderers,2.4,3.25,2.87,,,,2.62,3.3,3.0,2.43,3.18,2.77
2006,2006-12-23,Middlesbrough,Charlton Athletic,1.72,3.4,5.0,,,,1.78,3.6,5.6,1.71,3.37,4.82
2006,2006-12-23,Newcastle United,Tottenham Hotspur,2.5,3.2,2.75,,,,2.5,3.3,3.05,2.42,3.2,2.76
2006,2006-12-23,Portsmouth,Sheffield United,1.66,3.6,5.0,,,,1.75,3.65,5.8,1.66,3.43,5.08
2006,2006-12-23,Reading,Everton,2.3,3.25,3.0,,,,2.4,3.27,3.25,2.27,3.2,2.97
2006,2006-12-23,Wigan Athletic,Chelsea,7.5,4.33,1.4,,,,9.5,4.5,1.43,7.86,4.12,1.39
2006,2006-12-26,Blackburn Rovers,Liverpool,4.2,3.4,1.83,,,,4.8,3.6,1.85,4.35,3.34,1.78
2006,2006-12-26,Bolton Wanderers,Newcastle United,1.9,3.3,4.0,,,,2.05,3.4,4.33,1.9,3.25,3.91
2006,2006-12-26,Chelsea,Reading,1.18,6.0,15.0,,,,1.2,7.0,20.0,1.18,5.91,14.38
2006,2006-12-26,Everton,Middlesbrough,1.83,3.25,4.5,,,,1.87,3.5,5.0,1.78,3.3,4.48
2006,2006-12-26,Manchester United,Wigan Athletic,1.18,6.0,15.0,,,,1.22,6.75,18.0,1.19,5.75,13.59
2006,2006-12-26,Sheffield United,Manchester City,2.3,3.25,3.0,,,,2.45,3.35,3.2,2.29,3.21,2.92
2006,2006-12-26,Tottenham Hotspur,Aston Villa,1.8,3.2,4.75,,,,1.87,3.5,5.0,1.78,3.29,4.49
2006,2006-12-26,Watford,Arsenal,8.0,4.2,1.4,,,,8.2,4.35,1.5,7.37,3.96,1.42
2006,2006-12-26,West Ham United,Portsmouth,2.25,3.2,3.1,,,,2.38,3.35,3.4,2.25,3.21,3.01
2006,2006-12-27,Charlton Athletic,Fulham,2.5,3.25,2.7,,,,2.6,3.4,3.0,2.45,3.19,2.73
2006,2006-12-30,Blackburn Rovers,Middlesbrough,2.0,3.2,3.75,,,,2.07,3.35,4.05,1.95,3.23,3.75
2006,2006-12-30,Bolton Wanderers,Portsmouth,2.0,3.2,3.75,,,,2.07,3.45,4.3,1.94,3.23,3.8
2006,2006-12-30,Charlton Athletic,Aston Villa,2.6,3.2,2.62,,,,2.77,3.28,2.85,2.62,3.17,2.56
2006,2006-12-30,Chelsea,Fulham,1.14,6.5,21.0,,,,1.22,7.4,20.0,1.17,5.86,14.67
2006,2006-12-30,Everton,Newcastle United,2.1,3.25,3.4,,,,2.25,3.35,3.85,2.1,3.2,3.33
2006,2006-12-30,Manchester United,Reading,1.2,6.0,13.0,,,,1.25,6.25,17.0,1.19,5.62,13.21
2006,2006-12-30,Sheffield United,Arsenal,6.0,4.0,1.5,,,,7.25,4.25,1.57,6.39,3.75,1.5
2006,2006-12-30,Tottenham Hotspur,Liverpool,2.6,3.2,2.62,,,,2.8,3.35,2.7,2.62,3.17,2.56
2006,2006-12-30,West Ham United,Manchester City,2.1,3.2,3.5,,,,2.2,3.35,3.85,2.06,3.22,3.41
2006,2007-01-01,Fulham,Watford,1.66,3.4,5.5,,,,1.77,3.6,6.0,1.67,3.4,5.12
2006,2007-01-01,Liverpool,Bolton Wanderers,1.61,3.4,6.0,,,,1.65,3.76,6.3,1.59,3.51,5.67
2006,2007-01-01,Manchester City,Everton,2.37,3.2,2.9,,,,2.47,3.4,3.1,2.34,3.19,2.91
2006,2007-01-01,Middlesbrough,Sheffield United,1.8,3.4,4.5,,,,1.91,3.5,5.2,1.81,3.31,4.31
2006,2007-01-01,Newcastle United,Manchester United,6.5,3.75,1.53,,,,6.95,3.97,1.6,6.0,3.61,1.55
2006,2007-01-01,Portsmouth,Tottenham Hotspur,2.4,3.2,2.87,,,,2.4,3.4,3.15,2.32,3.2,2.93
2006,2007-01-01,Reading,West Ham United,2.1,3.2,3.5,,,,2.15,3.4,3.75,2.02,3.26,3.49
2006,2007-01-01,Wigan Athletic,Blackburn Rovers,2.37,3.2,2.9,,,,2.47,3.4,3.25,2.29,3.21,2.95
2006,2007-01-02,Arsenal,Charlton Athletic,1.22,5.5,13.0,,,,1.27,6.2,17.0,1.21,5.47,12.75
2006,2007-01-02,Aston Villa,Chelsea,6.5,3.75,1.53,,,,7.0,3.9,1.62,6.14,3.62,1.54
2006,2007-01-13,Blackburn Rovers,Arsenal,4.2,3.4,1.83,,,,4.5,3.55,1.9,4.12,3.35,1.82
2006,2007-01-13,Bolton Wanderers,Manchester City,1.8,3.25,4.75,,,,1.84,3.42,5.1,1.77,3.28,4.49
2006,2007-01-13,Charlton Athletic,Middlesbrough,2.5,3.2,2.75,,,,2.62,3.36,2.95,2.45,3.19,2.72
2006,2007-01-13,Chelsea,Wigan Athletic,1.2,6.0,13.0,,,,1.23,6.2,16.0,1.2,5.63,13.11
2006,2007-01-13,Manchester United,Aston Villa,1.25,5.5,11.0,,,,1.31,5.75,15.0,1.25,5.11,10.89
2006,2007-01-13,Sheffield United,Portsmouth,2.6,3.2,2.62,,,,2.8,3.31,2.75,2.57,3.17,2.59
2006,2007-01-13,Watford,Liverpool,6.5,3.75,1.53,,,,8.0,4.0,1.56,6.92,3.75,1.48
2006,2007-01-13,West Ham United,Fulham,2.1,3.3,3.4,,,,2.3,3.3,3.75,2.11,3.22,3.3
2006,2007-01-14,Everton,Reading,2.0,3.2,3.75,,,,2.1,3.35,3.85,1.98,3.24,3.62
2006,2007-01-14,Tottenham Hotspur,Newcastle United,1.8,3.4,4.5,,,,1.85,3.45,5.0,1.78,3.32,4.48
2006,2007-01-20,Aston Villa,Watford,1.57,3.6,6.0,,,,1.67,3.65,6.5,1.6,3.46,5.56
2006,2007-01-20,Fulham,Tottenham Hotspur,2.87,3.2,2.4,,,,2.9,3.25,2.7,2.66,3.16,2.5
2006,2007-01-20,Liverpool,Chelsea,2.87,3.0,2.5,,,,3.0,3.22,2.75,2.71,3.08,2.53
2006,2007-01-20,Manchester City,Blackburn Rovers,2.25,3.2,3.1,,,,2.35,3.3,3.25,2.21,3.2,3.08
2006,2007-01-20,Middlesbrough,Bolton Wanderers,2.5,3.2,2.75,,,,2.55,3.3,2.95,2.42,3.18,2.74
2006,2007-01-20,Newcastle United,West Ham United,1.8,3.4,4.33,,,,1.95,3.45,4.55,1.82,3.28,4.16
2006,2007-01-20,Portsmouth,Charlton Athletic,1.57,3.8,5.5,,,,1.6,3.8,7.0,1.55,3.59,5.97
2006,2007-01-20,Reading,Sheffield United,1.83,3.3,4.33,,,,1.87,3.5,4.75,1.81,3.28,4.27
2006,2007-01-21,Arsenal,Manchester United,2.5,3.1,2.8,,,,2.65,3.24,2.9,2.51,3.1,2.73
2006,2007-01-21,Wigan Athletic,Everton,2.5,3.2,2.75,,,,2.7,3.3,2.85,2.51,3.17,2.66
2006,2007-01-23,Watford,Blackburn Rovers,3.4,3.25,2.1,,,,3.6,3.3,2.3,3.2,3.22,2.15
2006,2007-01-30,Portsmouth,Middlesbrough,1.9,3.3,4.0,,,,2.0,3.45,4.35,1.88,3.26,3.95
2006,2007-01-30,Reading,Wigan Athletic,1.8,3.3,4.5,,,,1.89,3.5,4.9,1.77,3.35,4.38
2006,2007-01-30,Sheffield United,Fulham,2.4,3.2,2.87,,,,2.5,3.35,3.14,2.35,3.19,2.85
2006,2007-01-30,West Ham United,Liverpool,5.0,3.6,1.66,,,,6.0,3.8,1.7,5.15,3.48,1.64
2006,2007-01-31,Bolton Wanderers,Charlton Athletic,1.5,4.0,6.0,,,,1.62,4.0,7.25,1.52,3.65,6.13
2006,2007-01-31,Chelsea,Blackburn Rovers,1.28,5.0,10.0,,,,1.3,5.65,11.95,1.26,4.95,10.05
2006,2007-01-31,Manchester United,Watford,1.14,7.0,17.0,,,,1.17,8.0,25.0,1.14,6.54,17.02
2006,2007-01-31,Newcastle United,Aston Villa,2.1,3.2,3.5,,,,2.2,3.3,3.6,2.08,3.21,3.34
2006,2007-02-03,Aston Villa,West Ham United,1.83,3.3,4.33,,,,1.95,3.4,4.5,1.84,3.27,4.12
2006,2007-02-03,Blackburn Rovers,Sheffield United,1.72,3.5,4.75,,,,1.78,3.6,5.4,1.71,3.36,4.79
2006,2007-02-03,Charlton Athletic,Chelsea,8.0,4.5,1.36,,,,9.5,4.5,1.45,7.91,4.16,1.38
2006,2007-02-03,Fulham,Newcastle United,2.3,3.25,3.0,,,,2.5,3.25,3.2,2.29,3.19,2.93
2006,2007-02-03,Liverpool,Everton,1.57,3.6,6.0,,,,1.58,3.8,7.5,1.54,3.54,6.27
2006,2007-02-03,Manchester City,Reading,2.2,3.2,3.25,,,,2.3,3.3,3.4,2.17,3.21,3.13
2006,2007-02-03,Middlesbrough,Arsenal,4.33,3.4,1.8,,,,4.9,3.75,1.83,4.44,3.36,1.76
2006,2007-02-03,Watford,Bolton Wanderers,3.25,3.2,2.2,,,,3.75,3.35,2.25,3.27,3.22,2.11
2006,2007-02-03,Wigan Athletic,Portsmouth,2.6,3.1,2.7,,,,2.8,3.25,2.75,2.6,3.17,2.56
2006,2007-02-04,Tottenham Hotspur,Manchester United,4.75,3.5,1.72,,,,5.0,3.6,1.87,4.3,3.35,1.79
2006,2007-02-10,Chelsea,Middlesbrough,1.28,5.0,10.0,,,,1.3,5.5,12.0,1.25,5.1,10.69
2006,2007-02-10,Everton,Blackburn Rovers,2.1,3.2,3.5,,,,2.25,3.25,3.6,2.1,3.2,3.35
2006,2007-02-10,Manchester United,Charlton Athletic,1.14,7.0,19.0,,,,1.17,7.25,23.0,1.14,6.42,16.78
2006,2007-02-10,Newcastle United,Liverpool,3.8,3.4,1.9,,,,4.0,3.4,2.1,3.62,3.24,1.98
2006,2007-02-10,Portsmouth,Manchester City,1.9,3.25,4.0,,,,2.05,3.4,4.5,1.89,3.26,3.93
2006,2007-02-10,Reading,Aston Villa,2.1,3.2,3.5,,,,2.25,3.26,3.75,2.08,3.22,3.39
2006,2007-02-10,Sheffield United,Tottenham Hotspur,2.8,3.25,2.4,,,,3.1,3.25,2.5,2.81,3.19,2.38
2006,2007-02-10,West Ham United,Watford,1.83,3.3,4.33,,,,1.9,3.65,4.75,1.79,3.33,4.29
2006,2007-02-11,Arsenal,Wigan Athletic,1.25,5.0,13.0,,,,1.29,6.0,13.0,1.24,5.24,11.03
2006,2007-02-11,Bolton Wanderers,Fulham,1.66,3.6,5.0,,,,1.75,3.6,5.75,1.67,3.41,5.08
2006,2007-02-21,Everton,Tottenham Hotspur,2.3,3.25,3.0,,,,2.3,3.25,3.38,2.18,3.2,3.11
2006,2007-02-21,Watford,Wigan Athletic,2.4,3.25,2.8,,,,2.6,3.3,3.0,2.38,3.2,2.76
2006,2007-02-24,Charlton Athletic,West Ham United,2.3,3.25,3.0,,,,2.4,3.3,3.1,2.28,3.22,2.93
2006,2007-02-24,Fulham,Manchester United,7.5,4.33,1.4,,,,8.0,4.4,1.5,7.08,3.88,1.44
2006,2007-02-24,Liverpool,Sheffield United,1.3,4.75,8.5,,,,1.36,5.0,12.0,1.3,4.58,9.54
2006,2007-02-24,Middlesbrough,Reading,2.25,3.2,3.1,,,,2.35,3.35,3.25,2.26,3.2,2.97
2006,2007-02-24,Watford,Everton,3.1,3.2,2.25,,,,3.2,3.25,2.4,2.97,3.2,2.26
2006,2007-02-25,Blackburn Rovers,Portsmouth,2.3,3.1,3.1,,,,2.35,3.3,3.25,2.21,3.19,3.07
2006,2007-02-25,Tottenham Hotspur,Bolton Wanderers,2.1,3.25,3.4,,,,2.2,3.35,3.65,2.11,3.21,3.26
2006,2007-02-25,Wigan Athletic,Newcastle United,2.5,3.25,2.7,,,,2.6,3.3,2.9,2.49,3.19,2.66
2006,2007-03-03,Arsenal,Reading,1.5,3.75,7.0,,,,1.55,4.2,8.0,1.46,3.79,6.9
2006,2007-03-03,Fulham,Aston Villa,2.37,3.2,2.9,,,,2.45,3.25,3.3,2.28,3.18,2.95
2006,2007-03-03,Liverpool,Manchester United,2.6,3.1,2.7,,,,2.8,3.2,2.88,2.64,3.06,2.62
2006,2007-03-03,Manchester City,Wigan Athletic,2.0,3.2,3.75,,,,2.1,3.4,4.1,1.95,3.22,3.69
2006,2007-03-03,Newcastle United,Middlesbrough,2.0,3.2,3.75,,,,2.12,3.3,4.05,2.01,3.2,3.56
2006,2007-03-03,Portsmouth,Chelsea,6.0,3.75,1.5,,,,6.25,3.75,1.65,5.72,3.53,1.57
2006,2007-03-03,Sheffield United,Everton,2.6,3.2,2.62,,,,2.75,3.25,2.75,2.58,3.15,2.58
2006,2007-03-03,Watford,Charlton Athletic,2.5,3.1,2.8,,,,2.65,3.25,2.8,2.47,3.19,2.67
2006,2007-03-04,Bolton Wanderers,Blackburn Rovers,2.0,3.2,3.75,,,,2.1,3.3,4.33,1.96,3.2,3.7
2006,2007-03-04,West Ham United,Tottenham Hotspur,3.2,3.25,2.2,,,,3.3,3.3,2.38,3.03,3.22,2.21
2006,2007-03-14,Aston Villa,Arsenal,3.6,3.3,2.0,,,,4.0,3.35,2.1,3.65,3.23,1.97
2006,2007-03-14,Manchester City,Chelsea,7.0,3.75,1.5,,,,8.0,4.0,1.55,6.84,3.77,1.47
2006,2007-03-17,Blackburn Rovers,West Ham United,1.72,3.5,4.75,,,,1.75,3.6,5.75,1.67,3.45,4.94
2006,2007-03-17,Chelsea,Sheffield United,1.16,6.5,15.0,,,,1.21,6.6,18.0,1.17,5.86,14.99
2006,2007-03-17,Manchester United,Bolton Wanderers,1.3,5.0,9.0,,,,1.36,5.0,11.0,1.31,4.51,9.45
2006,2007-03-17,Middlesbrough,Manchester City,1.95,3.3,3.8,,,,2.05,3.34,4.2,1.92,3.24,3.86
2006,2007-03-17,Reading,Portsmouth,2.0,3.3,3.6,,,,2.1,3.35,4.2,1.95,3.25,3.6
2006,2007-03-17,Tottenham Hotspur,Watford,1.4,4.0,7.0,,,,1.5,4.45,9.5,1.4,3.98,7.9
2006,2007-03-17,Wigan Athletic,Fulham,2.1,3.25,3.4,,,,2.25,3.3,3.6,2.12,3.2,3.26
2006,2007-03-18,Aston Villa,Liverpool,4.0,3.25,1.9,,,,4.45,3.4,2.0,3.86,3.26,1.91
2006,2007-03-18,Charlton Athletic,Newcastle United,2.4,3.25,2.8,,,,2.53,3.3,3.2,2.41,3.22,2.76
2006,2007-03-18,Everton,Arsenal,3.1,3.3,2.2,,,,3.55,3.4,2.25,3.2,3.22,2.15
2006,2007-03-31,Bolton Wanderers,Sheffield United,1.61,3.6,5.5,,,,1.67,3.7,6.25,1.62,3.49,5.37
2006,2007-03-31,Charlton Athletic,Wigan Athletic,2.1,3.25,3.4,,,,2.3,3.3,3.6,2.16,3.21,3.19
2006,2007-03-31,Fulham,Portsmouth,2.3,3.25,3.0,,,,2.38,3.25,3.4,2.26,3.19,3.0
2006,2007-03-31,Liverpool,Arsenal,2.2,3.2,3.25,,,,2.25,3.25,3.45,2.17,3.19,3.19
2006,2007-03-31,Manchester United,Blackburn Rovers,1.33,4.5,9.5,,,,1.37,5.2,10.58,1.3,4.61,9.47
2006,2007-03-31,Newcastle United,Manchester City,1.9,3.3,4.0,,,,2.1,3.4,4.4,1.92,3.25,3.81
2006,2007-03-31,Watford,Chelsea,9.5,4.5,1.33,,,,11.95,5.1,1.35,9.3,4.52,1.31
2006,2007-03-31,West Ham United,Middlesbrough,2.2,3.2,3.25,,,,2.3,3.5,3.5,2.19,3.24,3.09
2006,2007-04-01,Tottenham Hotspur,Reading,1.72,3.4,5.0,,,,1.83,3.45,5.4,1.74,3.33,4.61
2006,2007-04-02,Aston Villa,Everton,2.37,3.2,2.9,,,,2.55,3.25,3.25,2.36,3.16,2.87
2006,2007-04-06,Everton,Fulham,1.66,3.4,5.5,,,,1.77,3.55,6.25,1.67,3.34,5.29
2006,2007-04-06,Manchester City,Charlton Athletic,2.1,3.2,3.5,,,,2.1,3.4,3.95,2.0,3.22,3.58
2006,2007-04-07,Arsenal,West Ham United,1.4,4.33,7.5,,,,1.47,4.33,8.5,1.41,4.05,7.35
2006,2007-04-07,Blackburn Rovers,Aston Villa,2.0,3.2,3.75,,,,2.15,3.27,4.0,1.97,3.19,3.71
2006,2007-04-07,Chelsea,Tottenham Hotspur,1.44,4.0,7.5,,,,1.45,4.33,8.5,1.41,4.04,7.43
2006,2007-04-07,Middlesbrough,Watford,1.61,3.6,5.5,,,,1.68,3.75,6.1,1.62,3.47,5.36
2006,2007-04-07,Portsmouth,Manchester United,6.0,4.0,1.5,,,,7.0,4.0,1.6,6.34,3.6,1.52
2006,2007-04-07,Reading,Liverpool,3.8,3.4,1.9,,,,4.33,3.45,2.1,3.73,3.25,1.94
2006,2007-04-07,Sheffield United,Newcastle United,2.37,3.25,2.87,,,,2.45,3.35,3.1,2.32,3.21,2.87
2006,2007-04-07,Wigan Athletic,Bolton Wanderers,2.5,3.25,2.7,,,,2.6,3.25,2.9,2.52,3.17,2.64
2006,2007-04-09,Aston Villa,Wigan Athletic,1.9,3.25,4.0,,,,2.0,3.3,4.35,1.92,3.22,3.85
2006,2007-04-09,Bolton Wanderers,Everton,2.1,3.2,3.4,,,,2.3,3.3,3.5,2.14,3.19,3.21
2006,2007-04-09,Charlton Athletic,Reading,2.25,3.25,3.1,,,,2.36,3.3,3.25,2.25,3.23,2.98
2006,2007-04-09,Fulham,Manchester City,2.2,3.25,3.2,,,,2.3,3.27,3.25,2.21,3.2,3.07
2006,2007-04-09,Newcastle United,Arsenal,3.2,3.25,2.2,,,,3.5,3.4,2.2,3.26,3.24,2.1
2006,2007-04-09,Watford,Portsmouth,3.0,3.25,2.3,,,,3.1,3.3,2.5,2.79,3.22,2.37
2006,2007-04-14,Arsenal,Bolton Wanderers,1.66,3.6,5.0,,,,1.7,3.65,5.65,1.65,3.46,5.09
2006,2007-04-14,Manchester City,Liverpool,4.0,3.5,1.83,,,,4.6,3.5,1.91,4.13,3.3,1.84
2006,2007-04-14,Middlesbrough,Aston Villa,2.1,3.25,3.4,,,,2.35,3.3,3.6,2.13,3.2,3.29
2006,2007-04-14,Portsmouth,Newcastle United,2.1,3.25,3.4,,,,2.15,3.35,3.89,2.04,3.24,3.47
2006,2007-04-14,Reading,Fulham,1.9,3.25,4.0,,,,1.95,3.4,4.5,1.85,3.28,4.06
2006,2007-04-14,Sheffield United,West Ham United,2.4,3.25,2.8,,,,2.5,3.3,2.95,2.4,3.21,2.76
2006,2007-04-15,Everton,Charlton Athletic,1.72,3.5,4.75,,,,1.77,3.6,5.25,1.7,3.41,4.81
2006,2007-04-15,Wigan Athletic,Tottenham Hotspur,3.0,3.3,2.25,,,,3.2,3.3,2.45,2.9,3.23,2.3
2006,2007-04-17,Arsenal,Manchester City,1.4,4.33,7.5,,,,1.46,4.65,8.5,1.4,4.09,7.59
2006,2007-04-17,Manchester United,Sheffield United,1.14,7.0,17.0,,,,1.21,7.5,20.0,1.15,6.39,15.88
2006,2007-04-18,Blackburn Rovers,Watford,1.61,3.6,5.5,,,,1.67,3.65,6.5,1.61,3.48,5.49
2006,2007-04-18,Liverpool,Middlesbrough,1.36,4.5,8.0,,,,1.4,4.75,9.15,1.36,4.21,8.07
2006,2007-04-18,West Ham United,Chelsea,7.0,4.2,1.44,,,,7.55,4.2,1.52,6.72,3.81,1.47
2006,2007-04-21,Bolton Wanderers,Reading,1.83,3.3,4.33,,,,1.93,3.54,4.6,1.82,3.27,4.22
2006,2007-04-21,Charlton Athletic,Sheffield United,2.05,3.25,3.6,,,,2.1,3.4,4.05,2.01,3.25,3.5
2006,2007-04-21,Fulham,Blackburn Rovers,2.25,3.2,3.1,,,,2.35,3.35,3.3,2.23,3.22,3.01
2006,2007-04-21,Liverpool,Wigan Athletic,1.36,4.5,8.0,,,,1.44,4.6,9.0,1.37,4.29,7.63
2006,2007-04-21,Manchester United,Middlesbrough,1.2,6.0,13.0,,,,1.24,6.5,15.35,1.2,5.66,12.25
2006,2007-04-21,Tottenham Hotspur,Arsenal,2.7,3.25,2.5,,,,2.85,3.37,2.75,2.63,3.2,2.53
2006,2007-04-21,Watford,Manchester City,2.62,3.25,2.6,,,,2.85,3.3,2.67,2.62,3.21,2.52
2006,2007-04-21,West Ham United,Everton,2.4,3.4,2.75,,,,2.62,3.4,3.0,2.45,3.22,2.68
2006,2007-04-22,Aston Villa,Portsmouth,2.2,2.5,3.2,,,,2.3,3.3,3.5,2.21,3.16,3.1
2006,2007-04-22,Newcastle United,Chelsea,6.0,3.8,1.53,,,,7.3,4.0,1.6,6.21,3.68,1.52
2006,2007-04-28,Blackburn Rovers,Charlton Athletic,2.1,3.25,3.4,,,,2.15,3.5,4.0,1.99,3.29,3.54
2006,2007-04-28,Chelsea,Bolton Wanderers,1.28,5.0,10.0,,,,1.32,5.3,12.0,1.28,4.84,10.16
2006,2007-04-28,Everton,Manchester United,5.0,3.6,1.66,,,,5.35,3.75,1.75,4.89,3.47,1.68
2006,2007-04-28,Manchester City,Aston Villa,2.3,3.25,3.0,,,,2.36,3.25,3.26,2.23,3.17,3.07
2006,2007-04-28,Middlesbrough,Tottenham Hotspur,2.7,3.25,2.5,,,,2.9,3.4,2.65,2.68,3.22,2.48
2006,2007-04-28,Portsmouth,Liverpool,3.2,3.25,2.2,,,,3.1,3.27,2.58,2.92,3.18,2.31
2006,2007-04-28,Sheffield United,Watford,1.57,3.8,5.5,,,,1.62,3.93,7.0,1.55,3.6,5.86
2006,2007-04-28,Wigan Athletic,West Ham United,2.1,3.25,3.4,,,,2.4,3.4,3.3,2.24,3.26,2.97
2006,2007-04-29,Arsenal,Fulham,1.33,4.5,9.5,,,,1.45,4.6,10.4,1.36,4.3,8.4
2006,2007-04-30,Reading,Newcastle United,2.0,3.3,3.6,,,,2.05,3.4,4.2,1.93,3.29,3.76
2006,2007-05-05,Aston Villa,Sheffield United,1.9,3.4,4.0,,,,2.1,3.4,4.4,1.96,3.23,3.6
2006,2007-05-05,Everton,Portsmouth,1.95,3.3,3.8,,,,2.05,3.4,4.2,1.9,3.25,3.79
2006,2007-05-05,Fulham,Liverpool,3.2,3.25,2.2,,,,3.3,3.4,2.39,3.0,3.24,2.23
2006,2007-05-05,Manchester City,Manchester United,6.0,4.0,1.5,,,,7.05,4.15,1.6,6.42,3.72,1.5
2006,2007-05-05,Newcastle United,Blackburn Rovers,2.25,3.3,3.0,,,,2.37,3.35,3.25,2.22,3.22,3.02
2006,2007-05-05,Reading,Watford,1.4,4.33,7.5,,,,1.46,4.35,8.5,1.41,4.02,7.32
2006,2007-05-05,West Ham United,Bolton Wanderers,2.15,3.25,3.3,,,,2.2,3.5,3.6,2.1,3.31,3.22
2006,2007-05-05,Wigan Athletic,Middlesbrough,2.1,3.25,3.4,,,,2.25,3.45,3.6,2.09,3.27,3.27
2006,2007-05-06,Arsenal,Chelsea,2.7,3.25,2.5,,,,2.9,3.3,2.6,2.73,3.22,2.42
2006,2007-05-07,Charlton Athletic,Tottenham Hotspur,2.87,3.25,2.37,,,,3.1,3.4,2.45,2.85,3.28,2.28
2006,2007-05-09,Chelsea,Manchester United,2.1,3.2,3.2,,,,2.3,3.3,3.7,2.11,3.18,3.28
2006,2007-05-10,Tottenham Hotspur,Blackburn Rovers,1.8,3.4,4.33,,,,1.85,3.75,4.8,1.76,3.38,4.33
2006,2007-05-13,Blackburn Rovers,Reading,2.0,3.4,3.5,,,,2.15,3.5,3.75,2.05,3.29,3.33
2006,2007-05-13,Bolton Wanderers,Aston Villa,1.86,3.4,4.0,,,,2.0,3.55,4.3,1.86,3.36,3.89
2006,2007-05-13,Chelsea,Everton,1.72,3.5,4.75,,,,1.75,3.6,5.85,1.64,3.43,5.18
2006,2007-05-13,Liverpool,Charlton Athletic,1.36,4.5,8.0,,,,1.42,4.5,9.25,1.38,4.18,7.85
2006,2007-05-13,Manchester United,West Ham United,1.57,3.6,6.0,,,,1.7,3.75,6.5,1.59,3.52,5.54
2006,2007-05-13,Middlesbrough,Fulham,1.9,3.25,4.0,,,,1.95,3.45,4.4,1.87,3.28,3.94
2006,2007-05-13,Portsmouth,Arsenal,2.7,3.5,2.37,,,,2.97,3.5,2.5,2.71,3.28,2.39
2006,2007-05-13,Sheffield United,Wigan Athletic,2.3,3.4,2.87,,,,2.35,3.5,3.35,2.21,3.3,2.95
2006,2007-05-13,Tottenham Hotspur,Manchester City,1.5,3.75,7.0,,,,1.52,4.0,7.8,1.46,3.78,6.8
2006,2007-05-13,Watford,Newcastle United,2.8,3.3,2.37,,,,2.9,3.35,2.7,2.62,3.23,2.48
2007,2007-08-11,Aston Villa,Liverpool,4.0,3.25,1.9,,,,4.0,3.4,2.1,3.67,3.23,1.95
2007,2007-08-11,Bolton Wanderers,Newcastle United,2.5,3.2,2.75,,,,2.6,3.25,3.05,2.41,3.18,2.8
2007,2007-08-11,Derby County,Portsmouth,2.8,3.25,2.4,,,,3.25,3.3,2.55,2.85,3.19,2.38
2007,2007-08-11,Everton,Wigan Athletic,1.66,3.4,5.5,,,,1.75,3.65,6.0,1.66,3.45,5.25
2007,2007-08-11,Middlesbrough,Blackburn Rovers,2.37,3.25,2.87,,,,2.7,3.25,2.95,2.41,3.18,2.81
2007,2007-08-11,Sunderland,Tottenham Hotspur,3.4,3.25,2.1,,,,3.5,3.33,2.25,3.18,3.21,2.18
2007,2007-08-11,West Ham United,Manchester City,2.0,3.2,3.75,,,,2.2,3.35,3.9,2.05,3.2,3.52
2007,2007-08-12,Arsenal,Fulham,1.33,4.5,10.0,,,,1.37,5.0,11.0,1.32,4.49,9.4
2007,2007-08-12,Chelsea,Birmingham City,1.2,6.0,13.0,,,,1.26,7.0,17.0,1.19,5.74,13.52
2007,2007-08-12,Manchester United,Reading,1.22,5.5,13.0,,,,1.27,6.0,16.2,1.23,5.26,12.24
2007,2007-08-14,Tottenham Hotspur,Everton,1.8,3.4,4.33,,,,1.91,3.45,4.9,1.82,3.3,4.34
2007,2007-08-15,Birmingham City,Sunderland,2.3,3.25,3.0,,,,2.58,3.35,3.1,2.36,3.21,2.86
2007,2007-08-15,Fulham,Bolton Wanderers,2.2,3.25,3.2,,,,2.35,3.35,3.35,2.24,3.22,3.04
2007,2007-08-15,Manchester City,Derby County,1.61,3.6,5.5,,,,1.7,3.75,6.5,1.62,3.5,5.42
2007,2007-08-15,Portsmouth,Manchester United,5.5,3.6,1.61,,,,6.0,3.75,1.72,5.57,3.51,1.61
2007,2007-08-15,Reading,Chelsea,6.5,3.75,1.53,,,,7.0,3.85,1.61,6.17,3.61,1.55
2007,2007-08-15,Wigan Athletic,Middlesbrough,2.3,3.25,3.0,,,,2.45,3.3,3.3,2.33,3.2,2.91
2007,2007-08-18,Birmingham City,West Ham United,2.37,3.25,2.87,,,,2.55,3.33,3.1,2.38,3.21,2.85
2007,2007-08-18,Fulham,Middlesbrough,2.1,3.25,3.4,,,,2.2,3.4,3.89,2.08,3.25,3.38
2007,2007-08-18,Newcastle United,Aston Villa,1.83,3.3,4.33,,,,2.0,3.45,4.54,1.87,3.29,4.1
2007,2007-08-18,Portsmouth,Bolton Wanderers,1.83,3.3,4.33,,,,2.05,3.43,4.5,1.88,3.28,4.09
2007,2007-08-18,Reading,Everton,2.5,3.25,2.7,,,,2.65,3.33,3.03,2.46,3.19,2.75
2007,2007-08-18,Tottenham Hotspur,Derby County,1.44,4.0,7.5,,,,1.52,4.25,8.5,1.45,3.91,7.33
2007,2007-08-18,Wigan Athletic,Sunderland,2.2,3.25,3.2,,,,2.45,3.38,3.2,2.33,3.22,2.93
2007,2007-08-19,Blackburn Rovers,Arsenal,3.1,3.2,2.25,,,,3.5,3.35,2.32,3.14,3.23,2.2
2007,2007-08-19,Liverpool,Chelsea,2.62,3.1,3.1,,,,2.63,3.3,3.19,2.48,3.06,2.88
2007,2007-08-19,Manchester City,Manchester United,4.5,3.25,1.83,,,,4.5,3.4,2.0,4.12,3.25,1.88
2007,2007-08-25,Arsenal,Manchester City,1.53,3.8,6.0,,,,1.73,3.8,6.2,1.59,3.61,5.55
2007,2007-08-25,Aston Villa,Fulham,1.8,3.4,4.5,,,,1.85,3.8,5.2,1.77,3.33,4.51
2007,2007-08-25,Bolton Wanderers,Reading,2.25,3.2,3.0,,,,2.38,3.4,3.6,2.24,3.21,3.06
2007,2007-08-25,Chelsea,Portsmouth,1.28,5.0,10.0,,,,1.35,5.15,17.39,1.28,4.74,10.3
2007,2007-08-25,Derby County,Birmingham City,2.37,3.25,2.87,,,,2.6,3.3,3.25,2.38,3.18,2.86
2007,2007-08-25,Everton,Blackburn Rovers,2.1,3.2,3.5,,,,2.27,3.3,3.8,2.07,3.18,3.51
2007,2007-08-25,Sunderland,Liverpool,6.0,3.6,1.57,,,,6.7,3.75,1.7,5.41,3.52,1.62
2007,2007-08-25,West Ham United,Wigan Athletic,1.9,3.25,4.0,,,,2.11,3.4,4.33,1.92,3.25,3.89
2007,2007-08-26,Manchester United,Tottenham Hotspur,1.5,4.0,6.0,,,,1.6,4.1,7.0,1.51,3.77,6.07
2007,2007-08-26,Middlesbrough,Newcastle United,2.6,3.2,2.62,,,,2.8,3.3,2.85,2.56,3.16,2.66
2007,2007-09-01,Bolton Wanderers,Everton,2.4,3.2,2.87,,,,2.52,3.35,3.11,2.39,3.2,2.84
2007,2007-09-01,Fulham,Tottenham Hotspur,3.1,3.2,2.25,,,,3.49,3.4,2.32,3.1,3.23,2.23
2007,2007-09-01,Liverpool,Derby County,1.16,6.0,19.0,,,,1.21,7.07,20.76,1.18,5.9,14.68
2007,2007-09-01,Manchester United,Sunderland,1.16,6.0,19.0,,,,1.22,6.5,20.76,1.2,5.69,13.67
2007,2007-09-01,Middlesbrough,Birmingham City,2.0,3.2,3.75,,,,2.15,3.4,4.0,2.0,3.26,3.63
2007,2007-09-01,Newcastle United,Wigan Athletic,1.72,3.5,4.75,,,,1.77,3.7,5.5,1.71,3.4,4.85
2007,2007-09-01,Reading,West Ham United,2.2,3.2,3.25,,,,2.3,3.45,3.5,2.18,3.24,3.19
2007,2007-09-02,Arsenal,Portsmouth,1.5,3.75,7.0,,,,1.57,4.0,8.3,1.5,3.74,6.84
2007,2007-09-02,Aston Villa,Chelsea,5.5,3.6,1.61,,,,6.23,3.6,1.8,5.31,3.43,1.66
2007,2007-09-02,Blackburn Rovers,Manchester City,2.2,3.2,3.25,,,,2.3,3.45,3.65,2.17,3.22,3.21
2007,2007-09-15,Birmingham City,Bolton Wanderers,2.37,3.25,3.0,,,,2.55,3.3,3.01,2.38,3.2,2.82
2007,2007-09-15,Chelsea,Blackburn Rovers,1.36,4.33,10.0,,,,1.42,4.6,10.07,1.37,4.23,8.55
2007,2007-09-15,Everton,Manchester United,4.5,3.5,1.8,,,,4.9,3.65,1.87,4.29,3.34,1.8
2007,2007-09-15,Portsmouth,Liverpool,5.0,3.5,1.72,,,,5.5,3.55,1.8,4.8,3.38,1.72
2007,2007-09-15,Sunderland,Reading,2.25,3.25,3.2,,,,2.38,3.37,3.25,2.27,3.21,2.99
2007,2007-09-15,Tottenham Hotspur,Arsenal,2.8,3.2,2.5,,,,3.05,3.3,2.63,2.78,3.17,2.45
2007,2007-09-15,West Ham United,Middlesbrough,2.0,3.4,3.75,,,,2.05,3.4,4.1,1.96,3.25,3.7
2007,2007-09-15,Wigan Athletic,Fulham,2.1,3.25,3.6,,,,2.2,3.35,3.7,2.1,3.22,3.33
2007,2007-09-16,Manchester City,Aston Villa,2.37,3.25,3.0,,,,2.4,3.3,3.4,2.23,3.2,3.07
2007,2007-09-17,Derby County,Newcastle United,4.33,3.25,1.9,,,,4.65,3.6,1.91,4.09,3.31,1.85
2007,2007-09-22,Arsenal,Derby County,1.14,7.0,23.0,,,,1.18,7.11,24.91,1.16,6.12,16.55
2007,2007-09-22,Fulham,Manchester City,2.5,3.25,2.8,,,,2.66,3.3,2.9,2.5,3.17,2.7
2007,2007-09-22,Liverpool,Birmingham City,1.22,5.25,17.0,,,,1.25,6.02,23.88,1.21,5.42,13.61
2007,2007-09-22,Middlesbrough,Sunderland,2.1,3.2,3.6,,,,2.15,3.38,3.9,2.03,3.21,3.56
2007,2007-09-22,Reading,Wigan Athletic,2.1,3.2,3.6,,,,2.25,3.43,3.8,2.09,3.23,3.38
2007,2007-09-23,Aston Villa,Everton,2.25,3.2,3.25,,,,2.35,3.35,3.35,2.22,3.18,3.11
2007,2007-09-23,Blackburn Rovers,Portsmouth,1.9,3.3,4.2,,,,2.05,3.4,4.33,1.89,3.26,3.98
2007,2007-09-23,Bolton Wanderers,Tottenham Hotspur,2.8,3.25,2.5,,,,3.05,3.3,2.55,2.76,3.2,2.43
2007,2007-09-23,Manchester United,Chelsea,2.1,3.25,4.0,,,,2.2,3.3,4.2,2.0,3.17,3.7
2007,2007-09-23,Newcastle United,West Ham United,2.0,3.4,3.75,,,,2.1,3.4,3.8,1.98,3.27,3.63
2007,2007-09-29,Birmingham City,Manchester United,6.5,4.0,1.53,,,,7.7,4.32,1.57,6.4,3.74,1.51
2007,2007-09-29,Chelsea,Fulham,1.3,5.0,12.0,,,,1.4,5.15,13.19,1.31,4.67,9.58
2007,2007-09-29,Derby County,Bolton Wanderers,2.7,3.25,2.62,,,,2.86,3.35,2.8,2.57,3.19,2.62
2007,2007-09-29,Manchester City,Newcastle United,2.25,3.25,3.3,,,,2.35,3.3,3.6,2.18,3.22,3.18
2007,2007-09-29,Portsmouth,Reading,1.72,3.4,5.5,,,,1.82,3.7,5.75,1.75,3.36,4.7
2007,2007-09-29,Sunderland,Blackburn Rovers,2.75,3.25,2.62,,,,2.9,3.3,2.75,2.61,3.18,2.6
2007,2007-09-29,West Ham United,Arsenal,4.5,3.5,1.83,,,,4.85,3.9,1.85,4.28,3.41,1.79
2007,2007-09-29,Wigan Athletic,Liverpool,6.5,3.8,1.57,,,,6.62,4.1,1.67,5.7,3.57,1.59
2007,2007-09-30,Everton,Middlesbrough,1.8,3.5,4.75,,,,1.85,3.65,5.2,1.77,3.35,4.45
2007,2007-10-01,Tottenham Hotspur,Aston Villa,1.9,3.25,4.33,,,,2.0,3.35,4.33,1.94,3.22,3.83
2007,2007-10-06,Aston Villa,West Ham United,1.83,3.6,4.33,,,,2.0,3.6,4.4,1.87,3.29,4.05
2007,2007-10-06,Manchester United,Wigan Athletic,1.16,6.5,21.0,,,,1.21,7.0,26.0,1.17,6.05,15.73
2007,2007-10-07,Arsenal,Sunderland,1.16,6.5,23.0,,,,1.22,6.8,23.0,1.18,5.92,15.21
2007,2007-10-07,Blackburn Rovers,Birmingham City,1.66,3.75,5.5,,,,1.73,3.75,5.8,1.67,3.45,5.14
2007,2007-10-07,Bolton Wanderers,Chelsea,5.0,3.6,1.72,,,,5.5,3.76,1.75,4.88,3.44,1.7
2007,2007-10-07,Fulham,Portsmouth,2.62,3.25,2.75,,,,2.63,3.35,2.9,2.45,3.22,2.74
2007,2007-10-07,Liverpool,Tottenham Hotspur,1.53,4.0,6.5,,,,1.58,4.13,7.0,1.53,3.67,6.26
2007,2007-10-07,Manchester City,Middlesbrough,1.66,3.6,5.5,,,,1.73,3.74,5.75,1.66,3.43,5.22
2007,2007-10-07,Newcastle United,Everton,2.1,3.3,3.6,,,,2.15,3.3,3.85,2.05,3.22,3.49
2007,2007-10-07,Reading,Derby County,1.72,3.6,5.0,,,,1.8,3.7,5.7,1.72,3.39,4.85
2007,2007-10-20,Arsenal,Bolton Wanderers,1.25,5.25,15.0,,,,1.29,5.55,17.0,1.23,5.29,12.05
2007,2007-10-20,Aston Villa,Manchester United,4.5,3.6,1.8,,,,5.0,3.6,1.83,4.61,3.37,1.76
2007,2007-10-20,Blackburn Rovers,Reading,1.7,3.5,5.5,,,,1.73,3.68,6.5,1.68,3.41,5.21
2007,2007-10-20,Everton,Liverpool,3.6,3.3,2.1,,,,3.74,3.31,2.2,3.45,3.19,2.09
2007,2007-10-20,Fulham,Derby County,1.72,3.5,5.25,,,,1.75,3.79,5.7,1.7,3.43,4.93
2007,2007-10-20,Manchester City,Birmingham City,1.57,3.6,7.0,,,,1.62,3.81,7.06,1.55,3.58,6.26
2007,2007-10-20,Middlesbrough,Chelsea,6.0,3.75,1.61,,,,6.0,3.75,1.7,5.31,3.51,1.64
2007,2007-10-20,Wigan Athletic,Portsmouth,3.1,3.25,2.37,,,,3.15,3.4,2.5,2.84,3.2,2.4
2007,2007-10-21,West Ham United,Sunderland,1.9,3.25,4.5,,,,1.98,3.5,4.75,1.82,3.28,4.37
2007,2007-10-22,Newcastle United,Tottenham Hotspur,2.37,3.3,3.0,,,,2.59,3.4,3.1,2.34,3.21,2.9
2007,2007-10-27,Birmingham City,Wigan Athletic,2.1,3.3,3.6,,,,2.14,3.35,4.0,2.06,3.22,3.47
2007,2007-10-27,Chelsea,Manchester City,1.5,4.0,7.0,,,,1.55,4.21,7.5,1.49,3.77,6.76
2007,2007-10-27,Manchester United,Middlesbrough,1.18,6.5,19.0,,,,1.23,7.0,20.76,1.19,5.75,14.34
2007,2007-10-27,Portsmouth,West Ham United,1.8,3.5,4.75,,,,1.85,3.57,5.2,1.77,3.34,4.51
2007,2007-10-27,Reading,Newcastle United,2.75,3.25,2.5,,,,2.85,3.3,2.66,2.64,3.2,2.55
2007,2007-10-27,Sunderland,Fulham,2.1,3.3,3.6,,,,2.14,3.4,3.85,2.05,3.23,3.49
2007,2007-10-28,Bolton Wanderers,Aston Villa,2.7,3.3,2.62,,,,2.75,3.35,2.85,2.56,3.18,2.64
2007,2007-10-28,Derby County,Everton,3.6,3.3,2.1,,,,3.8,3.3,2.25,3.26,3.19,2.15
2007,2007-10-28,Liverpool,Arsenal,2.5,3.25,2.8,,,,2.6,3.3,3.05,2.41,3.15,2.84
2007,2007-10-28,Tottenham Hotspur,Blackburn Rovers,2.2,3.4,3.25,,,,2.3,3.4,3.5,2.12,3.25,3.27
2007,2007-11-03,Arsenal,Manchester United,2.5,3.1,3.0,,,,2.53,3.22,3.15,2.43,3.13,2.86
2007,2007-11-03,Aston Villa,Derby County,1.4,4.33,9.0,,,,1.45,4.4,9.14,1.42,4.01,7.8
2007,2007-11-03,Blackburn Rovers,Liverpool,3.0,3.3,2.37,,,,3.2,3.35,2.5,2.93,3.21,2.33
2007,2007-11-03,Everton,Birmingham City,1.66,3.5,5.75,,,,1.73,3.6,6.02,1.67,3.4,5.3
2007,2007-11-03,Fulham,Reading,2.2,3.25,3.4,,,,2.3,3.3,3.45,2.19,3.21,3.18
2007,2007-11-03,Middlesbrough,Tottenham Hotspur,3.0,3.25,2.4,,,,3.2,3.32,2.5,2.76,3.21,2.45
2007,2007-11-03,Newcastle United,Portsmouth,2.1,3.3,3.6,,,,2.16,3.4,3.7,2.07,3.24,3.43
2007,2007-11-03,Wigan Athletic,Chelsea,9.0,4.33,1.4,,,,9.5,4.45,1.45,7.75,4.05,1.41
2007,2007-11-04,West Ham United,Bolton Wanderers,1.9,3.3,4.33,,,,2.02,3.4,4.5,1.85,3.28,4.15
2007,2007-11-05,Manchester City,Sunderland,1.61,3.75,6.0,,,,1.67,3.85,7.0,1.57,3.6,5.95
2007,2007-11-10,Derby County,West Ham United,3.25,3.4,2.2,,,,3.45,3.4,2.3,3.15,3.22,2.2
2007,2007-11-10,Liverpool,Fulham,1.22,5.0,13.0,,,,1.3,5.5,13.49,1.27,4.85,11.4
2007,2007-11-10,Sunderland,Newcastle United,2.87,3.25,2.5,,,,2.9,3.3,2.75,2.72,3.17,2.52
2007,2007-11-11,Birmingham City,Aston Villa,2.7,3.2,2.7,,,,2.85,3.25,2.75,2.62,3.15,2.61
2007,2007-11-11,Bolton Wanderers,Middlesbrough,2.1,3.4,3.5,,,,2.15,3.4,3.85,2.07,3.24,3.44
2007,2007-11-11,Chelsea,Everton,1.33,5.0,10.0,,,,1.37,5.0,10.9,1.34,4.37,9.04
2007,2007-11-11,Manchester United,Blackburn Rovers,1.33,4.5,8.5,,,,1.37,4.75,10.0,1.34,4.4,8.82
2007,2007-11-11,Portsmouth,Manchester City,2.0,3.4,3.8,,,,2.05,3.45,4.2,1.99,3.27,3.64
2007,2007-11-11,Tottenham Hotspur,Wigan Athletic,1.44,4.2,8.0,,,,1.5,4.25,8.2,1.46,3.84,7.34
2007,2007-11-12,Reading,Arsenal,7.0,4.0,1.5,,,,7.3,4.33,1.55,6.59,3.8,1.5
2007,2007-11-24,Arsenal,Wigan Athletic,1.16,7.0,17.0,,,,1.17,7.31,22.0,1.15,6.41,16.25
2007,2007-11-24,Birmingham City,Portsmouth,3.2,3.3,2.3,,,,3.35,3.35,2.4,2.99,3.2,2.29
2007,2007-11-24,Bolton Wanderers,Manchester United,9.0,4.33,1.4,,,,9.05,4.35,1.5,7.62,3.89,1.44
2007,2007-11-24,Derby County,Chelsea,15.0,6.0,1.22,,,,15.0,6.0,1.29,11.65,5.15,1.25
2007,2007-11-24,Everton,Sunderland,1.61,3.6,6.5,,,,1.67,3.75,6.5,1.6,3.53,5.75
2007,2007-11-24,Manchester City,Reading,1.57,3.75,6.5,,,,1.65,3.8,6.5,1.56,3.6,6.04
2007,2007-11-24,Middlesbrough,Aston Villa,2.75,3.25,2.6,,,,2.95,3.25,2.7,2.67,3.17,2.54
2007,2007-11-24,Newcastle United,Liverpool,3.8,3.3,2.0,,,,4.33,3.4,2.1,3.65,3.24,2.0
2007,2007-11-25,Fulham,Blackburn Rovers,2.87,3.25,2.5,,,,3.1,3.3,2.55,2.79,3.17,2.44
2007,2007-11-25,West Ham United,Tottenham Hotspur,2.75,3.25,2.6,,,,2.95,3.3,2.6,2.7,3.19,2.5
2007,2007-11-28,Blackburn Rovers,Aston Villa,2.2,3.25,3.4,,,,2.25,3.3,3.6,2.14,3.2,3.29
2007,2007-12-01,Aston Villa,Arsenal,4.0,3.3,2.0,,,,4.2,3.4,2.13,3.85,3.25,1.93
2007,2007-12-01,Blackburn Rovers,Newcastle United,1.9,3.4,4.2,,,,1.95,3.4,4.5,1.88,3.27,4.06
2007,2007-12-01,Chelsea,West Ham United,1.25,5.5,13.0,,,,1.33,5.3,13.0,1.28,4.89,10.12
2007,2007-12-01,Portsmouth,Everton,2.2,3.25,3.4,,,,2.31,3.3,3.5,2.17,3.21,3.21
2007,2007-12-01,Reading,Middlesbrough,2.0,3.3,4.0,,,,2.1,3.35,4.2,1.97,3.23,3.77
2007,2007-12-01,Sunderland,Derby County,1.66,3.6,5.5,,,,1.76,3.7,6.0,1.66,3.47,5.16
2007,2007-12-01,Wigan Athletic,Manchester City,3.0,3.25,2.4,,,,3.25,3.25,2.4,3.01,3.17,2.28
2007,2007-12-02,Liverpool,Bolton Wanderers,1.28,5.0,13.0,,,,1.33,5.3,13.0,1.29,4.78,10.0
2007,2007-12-02,Tottenham Hotspur,Birmingham City,1.44,4.2,8.0,,,,1.5,4.6,8.25,1.42,4.06,7.52
2007,2007-12-03,Manchester United,Fulham,1.2,6.0,17.0,,,,1.2,7.0,18.0,1.18,6.03,14.23
2007,2007-12-05,Newcastle United,Arsenal,6.0,3.75,1.61,,,,6.1,3.75,1.7,5.29,3.51,1.64
2007,2007-12-08,Aston Villa,Portsmouth,2.1,3.3,3.6,,,,2.19,3.3,3.75,2.09,3.21,3.41
2007,2007-12-08,Chelsea,Sunderland,1.16,6.5,21.0,,,,1.2,7.0,21.0,1.17,6.31,15.0
2007,2007-12-08,Everton,Fulham,1.57,3.75,6.5,,,,1.62,3.9,6.6,1.58,3.55,5.93
2007,2007-12-08,Manchester United,Derby County,1.11,8.5,26.0,,,,1.13,9.2,28.0,1.11,7.45,20.96
2007,2007-12-08,Newcastle United,Birmingham City,1.8,3.5,4.75,,,,1.91,3.5,5.0,1.83,3.3,4.29
2007,2007-12-08,Reading,Liverpool,5.5,3.6,1.66,,,,6.75,3.6,1.67,5.47,3.45,1.64
2007,2007-12-09,Blackburn Rovers,West Ham United,1.83,3.5,4.5,,,,1.91,3.5,4.75,1.82,3.31,4.28
2007,2007-12-09,Bolton Wanderers,Wigan Athletic,2.0,3.4,3.8,,,,2.1,3.4,4.0,1.97,3.25,3.72
2007,2007-12-09,Middlesbrough,Arsenal,7.0,3.8,1.53,,,,7.5,3.9,1.58,6.49,3.65,1.52
2007,2007-12-09,Tottenham Hotspur,Manchester City,2.0,3.3,3.75,,,,2.15,3.4,3.9,2.04,3.24,3.51
2007,2007-12-15,Birmingham City,Reading,2.2,3.25,3.4,,,,2.25,3.3,3.85,2.13,3.21,3.3
2007,2007-12-15,Derby County,Middlesbrough,3.1,3.25,2.37,,,,3.26,3.3,2.5,2.91,3.21,2.33
2007,2007-12-15,Fulham,Newcastle United,2.5,3.25,2.87,,,,2.61,3.3,3.0,2.43,3.18,2.78
2007,2007-12-15,Manchester City,Bolton Wanderers,1.83,3.25,5.0,,,,1.89,3.45,5.1,1.78,3.31,4.56
2007,2007-12-15,Portsmouth,Tottenham Hotspur,2.2,3.25,3.4,,,,2.24,3.4,3.5,2.14,3.22,3.27
2007,2007-12-15,Sunderland,Aston Villa,3.25,3.25,2.3,,,,3.3,3.25,2.4,2.99,3.18,2.3
2007,2007-12-15,West Ham United,Everton,2.5,3.25,2.87,,,,2.67,3.25,2.9,2.45,3.19,2.76
2007,2007-12-15,Wigan Athletic,Blackburn Rovers,3.25,3.25,2.3,,,,3.36,3.3,2.38,3.02,3.19,2.27
2007,2007-12-16,Arsenal,Chelsea,2.5,3.0,3.1,,,,2.6,3.25,3.2,2.4,3.06,2.97
2007,2007-12-16,Liverpool,Manchester United,2.62,3.1,2.87,,,,2.7,3.2,2.92,2.57,3.05,2.73
2007,2007-12-22,Arsenal,Tottenham Hotspur,1.5,4.0,7.5,,,,1.53,4.0,8.0,1.5,3.72,6.78
2007,2007-12-22,Aston Villa,Manchester City,2.1,3.3,3.6,,,,2.15,3.4,4.1,2.03,3.21,3.56
2007,2007-12-22,Bolton Wanderers,Birmingham City,1.9,3.3,4.33,,,,2.0,3.45,4.65,1.88,3.25,4.07
2007,2007-12-22,Fulham,Wigan Athletic,2.1,3.3,3.6,,,,2.28,3.3,3.9,2.03,3.24,3.49
2007,2007-12-22,Liverpool,Portsmouth,1.5,4.0,7.0,,,,1.57,4.0,8.0,1.49,3.73,6.82
2007,2007-12-22,Middlesbrough,West Ham United,2.3,3.3,3.2,,,,2.4,3.35,3.4,2.26,3.22,3.0
2007,2007-12-22,Reading,Sunderland,1.9,3.3,4.33,,,,2.0,3.4,4.6,1.87,3.26,4.1
2007,2007-12-23,Blackburn Rovers,Chelsea,4.2,3.4,1.9,,,,4.7,3.4,2.0,4.17,3.26,1.85
2007,2007-12-23,Manchester United,Everton,1.36,4.75,9.0,,,,1.42,4.8,9.25,1.37,4.19,8.27
2007,2007-12-23,Newcastle United,Derby County,1.33,4.75,11.0,,,,1.4,4.9,11.15,1.34,4.31,8.99
2007,2007-12-26,Birmingham City,Middlesbrough,2.25,3.3,3.25,,,,2.3,3.35,3.4,2.21,3.22,3.12
2007,2007-12-26,Chelsea,Aston Villa,1.4,4.33,9.0,,,,1.45,4.33,9.1,1.4,4.08,8.14
2007,2007-12-26,Derby County,Liverpool,13.0,5.0,1.28,,,,13.0,5.15,1.33,10.29,4.81,1.29
2007,2007-12-26,Everton,Bolton Wanderers,1.7,3.5,5.5,,,,1.81,3.6,5.52,1.69,3.42,4.99
2007,2007-12-26,Portsmouth,Arsenal,4.5,3.5,1.83,,,,4.8,3.5,1.89,4.44,3.33,1.79
2007,2007-12-26,Sunderland,Manchester United,8.5,4.5,1.4,,,,9.9,4.85,1.41,8.33,4.24,1.37
2007,2007-12-26,Tottenham Hotspur,Fulham,1.44,4.2,8.0,,,,1.47,4.45,9.1,1.43,3.9,7.86
2007,2007-12-26,West Ham United,Reading,1.9,3.3,4.33,,,,1.95,3.45,4.5,1.86,3.28,4.17
2007,2007-12-26,Wigan Athletic,Newcastle United,2.7,3.3,2.6,,,,2.75,3.3,2.75,2.63,3.2,2.57
2007,2007-12-27,Manchester City,Blackburn Rovers,2.1,3.3,3.6,,,,2.21,3.35,3.8,2.04,3.24,3.46
2007,2007-12-29,Birmingham City,Fulham,1.9,3.4,4.2,,,,1.95,3.45,4.5,1.88,3.3,4.0
2007,2007-12-29,Chelsea,Newcastle United,1.4,4.33,9.0,,,,1.5,4.5,9.02,1.39,4.17,8.09
2007,2007-12-29,Everton,Arsenal,3.5,3.4,2.1,,,,3.6,3.4,2.21,3.34,3.24,2.1
2007,2007-12-29,Portsmouth,Middlesbrough,1.66,3.6,5.5,,,,1.7,3.7,6.0,1.64,3.5,5.24
2007,2007-12-29,Sunderland,Bolton Wanderers,2.5,3.25,2.87,,,,2.7,3.3,2.88,2.5,3.2,2.7
2007,2007-12-29,Tottenham Hotspur,Reading,1.5,4.0,7.0,,,,1.55,4.25,7.6,1.47,3.87,6.73
2007,2007-12-29,West Ham United,Manchester United,7.0,4.0,1.5,,,,7.7,4.24,1.55,6.57,3.76,1.5
2007,2007-12-29,Wigan Athletic,Aston Villa,3.25,3.3,2.25,,,,3.25,3.3,2.4,2.93,3.22,2.31
2007,2007-12-30,Derby County,Blackburn Rovers,4.0,3.5,1.9,,,,4.5,3.7,1.9,4.05,3.33,1.85
2007,2007-12-30,Manchester City,Liverpool,3.6,3.3,2.1,,,,3.9,3.4,2.15,3.44,3.23,2.06
2007,2008-01-01,Arsenal,West Ham United,1.33,5.0,10.0,,,,1.36,5.21,11.0,1.31,4.68,9.52
2007,2008-01-01,Aston Villa,Tottenham Hotspur,2.37,3.3,3.0,,,,2.55,3.3,3.1,2.36,3.22,2.88
2007,2008-01-01,Fulham,Chelsea,7.0,4.0,1.5,,,,7.25,4.12,1.57,6.71,3.78,1.5
2007,2008-01-01,Manchester United,Birmingham City,1.16,7.0,19.0,,,,1.18,7.5,19.0,1.16,6.51,15.63
2007,2008-01-01,Middlesbrough,Everton,3.0,3.25,2.4,,,,3.16,3.3,2.5,2.9,3.2,2.36
2007,2008-01-01,Reading,Portsmouth,2.87,3.3,2.5,,,,2.9,3.3,2.75,2.66,3.2,2.55
2007,2008-01-02,Blackburn Rovers,Sunderland,1.57,4.0,6.0,,,,1.62,4.02,6.8,1.58,3.62,5.79
2007,2008-01-02,Bolton Wanderers,Derby County,1.53,4.0,6.5,,,,1.53,4.15,7.9,1.49,3.78,6.81
2007,2008-01-02,Liverpool,Wigan Athletic,1.2,5.5,12.0,,,,1.25,6.0,16.5,1.22,5.37,13.09
2007,2008-01-02,Newcastle United,Manchester City,2.25,3.3,3.25,,,,2.3,3.4,3.35,2.22,3.23,3.09
2007,2008-01-12,Arsenal,Birmingham City,1.2,6.0,17.0,,,,1.21,6.7,18.0,1.18,6.03,14.53
2007,2008-01-12,Aston Villa,Reading,1.61,3.75,6.0,,,,1.66,3.85,6.5,1.59,3.6,5.76
2007,2008-01-12,Chelsea,Tottenham Hotspur,1.75,3.5,5.0,,,,1.83,3.6,5.7,1.69,3.43,5.09
2007,2008-01-12,Derby County,Wigan Athletic,2.87,3.25,2.5,,,,3.15,3.26,2.61,2.81,3.21,2.42
2007,2008-01-12,Everton,Manchester City,2.1,3.3,3.6,,,,2.2,3.35,3.75,2.11,3.23,3.37
2007,2008-01-12,Manchester United,Newcastle United,1.25,5.5,13.0,,,,1.26,5.75,16.0,1.24,5.15,12.38
2007,2008-01-12,Middlesbrough,Liverpool,5.0,3.6,1.72,,,,5.5,3.8,1.75,4.95,3.44,1.7
2007,2008-01-12,West Ham United,Fulham,1.72,3.6,5.0,,,,1.83,3.69,5.25,1.71,3.44,4.86
2007,2008-01-13,Bolton Wanderers,Blackburn Rovers,2.4,3.25,3.0,,,,2.7,3.3,2.9,2.44,3.19,2.8
2007,2008-01-13,Sunderland,Portsmouth,2.75,3.25,2.62,,,,2.87,3.3,2.77,2.7,3.19,2.53
2007,2008-01-19,Birmingham City,Chelsea,5.5,3.6,1.66,,,,6.85,3.85,1.7,5.8,3.55,1.59
2007,2008-01-19,Blackburn Rovers,Middlesbrough,1.72,3.6,5.0,,,,1.8,3.6,5.5,1.71,3.41,4.88
2007,2008-01-19,Fulham,Arsenal,7.0,3.8,1.53,,,,8.0,4.18,1.53,7.19,3.84,1.47
2007,2008-01-19,Newcastle United,Bolton Wanderers,1.72,3.6,5.0,,,,1.91,3.7,5.33,1.75,3.41,4.52
2007,2008-01-19,Portsmouth,Derby County,1.44,4.2,8.0,,,,1.45,4.35,9.29,1.41,4.02,8.12
2007,2008-01-19,Reading,Manchester United,8.0,4.5,1.4,,,,9.76,4.66,1.44,8.33,4.15,1.39
2007,2008-01-19,Tottenham Hotspur,Sunderland,1.44,4.2,8.0,,,,1.45,4.6,8.65,1.42,4.01,7.76
2007,2008-01-20,Manchester City,West Ham United,2.0,3.4,3.8,,,,2.09,3.4,4.25,1.94,3.26,3.87
2007,2008-01-20,Wigan Athletic,Everton,3.25,3.25,2.25,,,,3.29,3.35,2.4,3.04,3.22,2.26
2007,2008-01-21,Liverpool,Aston Villa,1.61,3.75,6.0,,,,1.67,3.83,6.5,1.59,3.57,5.83
2007,2008-01-26,Aston Villa,Blackburn Rovers,1.9,3.4,4.2,,,,2.05,3.4,4.2,1.94,3.27,3.82
2007,2008-01-29,Arsenal,Newcastle United,1.28,5.0,13.0,,,,1.33,5.35,13.1,1.29,4.75,10.55
2007,2008-01-29,Bolton Wanderers,Fulham,1.9,3.4,4.2,,,,1.95,3.47,4.6,1.86,3.28,4.16
2007,2008-01-29,Middlesbrough,Wigan Athletic,1.9,3.3,4.33,,,,2.01,3.4,4.33,1.9,3.27,3.99
2007,2008-01-29,Sunderland,Birmingham City,2.3,3.25,3.2,,,,2.31,3.35,3.35,2.23,3.2,3.1
2007,2008-01-30,Chelsea,Reading,1.22,6.0,15.0,,,,1.25,6.0,16.0,1.22,5.48,12.59
2007,2008-01-30,Derby County,Manchester City,5.0,3.6,1.72,,,,5.75,3.7,1.73,5.09,3.45,1.67
2007,2008-01-30,Everton,Tottenham Hotspur,2.37,3.25,3.1,,,,2.4,3.3,3.3,2.31,3.19,2.97
2007,2008-01-30,Manchester United,Portsmouth,1.25,5.5,13.0,,,,1.29,5.75,15.0,1.24,5.18,11.64
2007,2008-01-30,West Ham United,Liverpool,4.0,3.5,1.9,,,,4.2,3.5,2.0,3.85,3.29,1.93
2007,2008-02-02,Birmingham City,Derby County,1.61,3.5,6.5,,,,1.65,3.9,6.5,1.59,3.57,5.92
2007,2008-02-02,Blackburn Rovers,Everton,2.37,3.2,3.1,,,,2.45,3.3,3.25,2.33,3.2,2.98
2007,2008-02-02,Liverpool,Sunderland,1.3,5.0,12.0,,,,1.3,5.3,13.5,1.27,4.94,11.31
2007,2008-02-02,Manchester City,Arsenal,4.5,3.6,1.8,,,,4.75,3.6,1.9,4.41,3.39,1.79
2007,2008-02-02,Portsmouth,Chelsea,5.25,3.5,1.72,,,,5.5,3.65,1.77,5.01,3.4,1.71
2007,2008-02-02,Reading,Bolton Wanderers,2.15,3.25,3.5,,,,2.16,3.4,3.82,2.06,3.26,3.48
2007,2008-02-02,Tottenham Hotspur,Manchester United,4.5,3.5,1.83,,,,4.9,3.58,1.91,4.14,3.36,1.86
2007,2008-02-02,Wigan Athletic,West Ham United,2.62,3.25,2.7,,,,2.83,3.3,2.8,2.6,3.19,2.63
2007,2008-02-03,Fulham,Aston Villa,3.25,3.25,2.25,,,,3.4,3.3,2.34,3.14,3.22,2.22
2007,2008-02-03,Newcastle United,Middlesbrough,2.0,3.25,4.0,,,,2.04,3.35,4.35,1.92,3.26,3.99
2007,2008-02-09,Aston Villa,Newcastle United,1.83,3.5,4.5,,,,1.91,3.51,4.8,1.84,3.3,4.27
2007,2008-02-09,Bolton Wanderers,Portsmouth,2.5,3.25,2.87,,,,2.78,3.3,2.9,2.49,3.19,2.74
2007,2008-02-09,Derby County,Tottenham Hotspur,6.5,4.0,1.53,,,,7.0,4.28,1.6,6.21,3.7,1.54
2007,2008-02-09,Everton,Reading,1.53,4.0,6.5,,,,1.57,4.19,7.39,1.53,3.71,6.37
2007,2008-02-09,Middlesbrough,Fulham,1.9,3.4,4.2,,,,1.95,3.5,4.65,1.87,3.28,4.13
2007,2008-02-09,Sunderland,Wigan Athletic,2.1,3.3,3.6,,,,2.25,3.4,3.65,2.09,3.22,3.41
2007,2008-02-09,West Ham United,Birmingham City,1.8,3.6,4.5,,,,1.86,3.6,5.0,1.78,3.36,4.47
2007,2008-02-10,Chelsea,Liverpool,1.9,3.2,4.5,,,,2.05,3.25,4.5,1.94,3.18,4.04
2007,2008-02-10,Manchester United,Manchester City,1.28,5.0,13.0,,,,1.33,5.4,13.0,1.28,4.78,10.65
2007,2008-02-11,Arsenal,Blackburn Rovers,1.33,4.75,11.0,,,,1.36,4.85,11.9,1.33,4.41,9.47
2007,2008-02-23,Birmingham City,Arsenal,7.0,4.0,1.5,,,,8.0,4.33,1.55,7.16,3.84,1.47
2007,2008-02-23,Fulham,West Ham United,2.7,3.25,2.62,,,,2.8,3.3,2.8,2.59,3.18,2.64
2007,2008-02-23,Liverpool,Middlesbrough,1.4,4.2,9.5,,,,1.44,4.65,10.0,1.39,4.14,8.32
2007,2008-02-23,Newcastle United,Manchester United,7.0,4.0,1.5,,,,8.0,4.3,1.53,7.08,3.8,1.48
2007,2008-02-23,Portsmouth,Sunderland,1.61,3.75,6.0,,,,1.65,3.84,6.5,1.61,3.53,5.75
2007,2008-02-23,Wigan Athletic,Derby County,1.61,3.75,6.0,,,,1.67,3.92,6.5,1.6,3.56,5.71
2007,2008-02-24,Blackburn Rovers,Bolton Wanderers,1.83,3.5,4.5,,,,1.87,3.5,4.9,1.81,3.31,4.43
2007,2008-02-24,Reading,Aston Villa,3.1,3.25,2.37,,,,3.3,3.4,2.4,3.01,3.22,2.29
2007,2008-02-25,Manchester City,Everton,2.4,3.25,3.0,,,,2.56,3.25,3.2,2.34,3.19,2.97
2007,2008-03-01,Arsenal,Aston Villa,1.57,3.8,6.5,,,,1.63,4.0,7.0,1.54,3.66,6.36
2007,2008-03-01,Birmingham City,Tottenham Hotspur,3.75,3.5,2.0,,,,4.2,3.5,2.05,3.76,3.28,1.96
2007,2008-03-01,Derby County,Sunderland,3.25,3.3,2.25,,,,3.4,3.4,2.35,3.08,3.23,2.24
2007,2008-03-01,Fulham,Manchester United,10.0,5.0,1.33,,,,11.8,5.0,1.36,9.37,4.46,1.34
2007,2008-03-01,Manchester City,Wigan Athletic,1.8,3.5,4.75,,,,1.86,3.5,5.6,1.72,3.39,5.0
2007,2008-03-01,Middlesbrough,Reading,1.83,3.5,4.5,,,,1.96,3.5,4.75,1.82,3.34,4.38
2007,2008-03-01,Newcastle United,Blackburn Rovers,2.6,3.3,2.75,,,,2.65,3.3,2.9,2.47,3.22,2.74
2007,2008-03-01,West Ham United,Chelsea,4.5,3.5,1.83,,,,5.0,3.5,1.95,4.43,3.29,1.82
2007,2008-03-02,Bolton Wanderers,Liverpool,4.5,3.6,1.8,,,,4.95,3.65,1.8,4.54,3.4,1.77
2007,2008-03-02,Everton,Portsmouth,1.83,3.5,4.5,,,,1.91,3.5,4.9,1.84,3.31,4.28
2007,2008-03-05,Liverpool,West Ham United,1.44,4.33,7.5,,,,1.45,4.43,9.14,1.42,4.02,7.8
2007,2008-03-08,Blackburn Rovers,Fulham,1.53,4.0,6.5,,,,1.57,4.12,7.15,1.52,3.75,6.45
2007,2008-03-08,Liverpool,Newcastle United,1.36,4.5,10.0,,,,1.45,4.7,10.0,1.38,4.17,8.71
2007,2008-03-08,Reading,Manchester City,2.5,3.25,2.87,,,,2.56,3.3,3.0,2.46,3.18,2.8
2007,2008-03-09,Sunderland,Everton,3.5,3.4,2.1,,,,3.5,3.4,2.35,3.19,3.22,2.2
2007,2008-03-09,Tottenham Hotspur,West Ham United,1.8,3.6,4.5,,,,1.9,3.7,4.75,1.79,3.39,4.43
2007,2008-03-09,Wigan Athletic,Arsenal,6.5,3.8,1.57,,,,7.45,4.0,1.6,6.18,3.64,1.56
2007,2008-03-12,Aston Villa,Middlesbrough,1.61,3.75,6.0,,,,1.65,3.9,6.8,1.59,3.55,5.67
2007,2008-03-12,Chelsea,Derby County,1.1,9.0,26.0,,,,1.13,9.0,27.0,1.1,7.7,21.82
2007,2008-03-12,Portsmouth,Birmingham City,1.83,3.5,4.5,,,,1.87,3.5,5.0,1.77,3.32,4.55
2007,2008-03-15,Arsenal,Middlesbrough,1.25,5.5,13.0,,,,1.29,5.75,14.3,1.25,5.14,11.51
2007,2008-03-15,Derby County,Manchester United,17.0,7.0,1.16,,,,19.5,8.15,1.2,15.63,6.25,1.17
2007,2008-03-15,Liverpool,Reading,1.25,5.5,13.0,,,,1.29,5.86,15.2,1.26,5.04,11.36
2007,2008-03-15,Portsmouth,Aston Villa,2.37,3.25,3.1,,,,2.47,3.4,3.1,2.35,3.2,2.92
2007,2008-03-15,Sunderland,Chelsea,8.0,4.2,1.44,,,,8.15,4.37,1.53,7.26,3.9,1.46
2007,2008-03-15,West Ham United,Blackburn Rovers,2.5,3.3,2.87,,,,2.5,3.4,3.1,2.39,3.22,2.84
2007,2008-03-16,Fulham,Everton,3.5,3.4,2.1,,,,3.6,3.4,2.23,3.42,3.24,2.09
2007,2008-03-16,Manchester City,Tottenham Hotspur,2.6,3.3,2.7,,,,2.75,3.38,2.85,2.54,3.2,2.67
2007,2008-03-16,Wigan Athletic,Bolton Wanderers,2.25,3.3,3.25,,,,2.25,3.31,3.5,2.16,3.21,3.26
2007,2008-03-17,Birmingham City,Newcastle United,2.2,3.25,3.4,,,,2.3,3.4,3.45,2.2,3.22,3.15
2007,2008-03-19,Manchester United,Bolton Wanderers,1.16,7.0,17.0,,,,1.18,8.42,20.0,1.16,6.6,15.34
2007,2008-03-19,Tottenham Hotspur,Chelsea,3.6,3.3,2.1,,,,3.74,3.45,2.2,3.4,3.25,2.08
2007,2008-03-22,Aston Villa,Sunderland,1.57,3.8,6.5,,,,1.62,4.03,6.9,1.56,3.61,6.1
2007,2008-03-22,Blackburn Rovers,Wigan Athletic,1.72,3.6,5.0,,,,1.82,3.6,5.5,1.73,3.38,4.78
2007,2008-03-22,Bolton Wanderers,Manchester City,2.37,3.3,3.0,,,,2.5,3.3,3.26,2.37,3.2,2.9
2007,2008-03-22,Everton,West Ham United,1.72,3.6,5.0,,,,1.75,3.65,5.6,1.71,3.42,4.91
2007,2008-03-22,Middlesbrough,Derby County,1.44,4.2,8.0,,,,1.5,4.44,9.0,1.44,3.91,7.59
2007,2008-03-22,Newcastle United,Fulham,1.8,3.5,4.75,,,,1.91,3.41,5.19,1.84,3.3,4.28
2007,2008-03-22,Reading,Birmingham City,2.0,3.5,3.75,,,,2.15,3.5,3.85,2.02,3.25,3.52
2007,2008-03-22,Tottenham Hotspur,Portsmouth,1.9,3.5,4.0,,,,2.0,3.58,4.7,1.89,3.31,4.03
2007,2008-03-23,Chelsea,Arsenal,2.2,3.2,3.5,,,,2.25,3.3,3.7,2.18,3.18,3.3
2007,2008-03-23,Manchester United,Liverpool,2.0,3.3,4.0,,,,2.1,3.3,4.3,1.95,3.21,3.94
2007,2008-03-29,Birmingham City,Manchester City,2.4,3.3,3.0,,,,2.45,3.37,3.25,2.35,3.21,2.91
2007,2008-03-29,Bolton Wanderers,Arsenal,5.0,3.6,1.72,,,,5.6,3.75,1.8,4.91,3.45,1.71
2007,2008-03-29,Derby County,Fulham,3.0,3.3,2.4,,,,3.15,3.45,2.45,2.88,3.25,2.34
2007,2008-03-29,Manchester United,Aston Villa,1.3,5.0,12.0,,,,1.34,5.5,12.0,1.3,4.74,10.22
2007,2008-03-29,Portsmouth,Wigan Athletic,1.8,3.6,4.5,,,,1.85,3.6,5.15,1.75,3.39,4.65
2007,2008-03-29,Reading,Blackburn Rovers,2.4,3.3,3.0,,,,2.5,3.38,3.08,2.38,3.22,2.86
2007,2008-03-29,Sunderland,West Ham United,2.25,3.3,3.25,,,,2.38,3.35,3.4,2.25,3.21,3.08
2007,2008-03-30,Chelsea,Middlesbrough,1.3,5.0,12.0,,,,1.35,5.35,12.0,1.29,4.82,10.36
2007,2008-03-30,Liverpool,Everton,1.72,3.6,5.0,,,,1.85,3.6,5.15,1.77,3.35,4.56
2007,2008-03-30,Tottenham Hotspur,Newcastle United,1.66,3.6,5.5,,,,1.7,4.2,5.75,1.64,3.58,5.23
2007,2008-04-05,Arsenal,Liverpool,2.1,3.2,3.75,,,,2.15,3.25,4.31,2.06,3.17,3.56
2007,2008-04-05,Aston Villa,Bolton Wanderers,1.66,3.6,5.5,,,,1.73,3.79,5.8,1.67,3.48,5.06
2007,2008-04-05,Blackburn Rovers,Tottenham Hotspur,2.4,3.4,2.87,,,,2.5,3.48,3.1,2.35,3.24,2.86
2007,2008-04-05,Fulham,Sunderland,2.3,3.3,3.2,,,,2.4,3.43,3.35,2.26,3.22,3.02
2007,2008-04-05,Manchester City,Chelsea,5.0,3.6,1.72,,,,5.35,3.63,1.81,4.79,3.4,1.72
2007,2008-04-05,Newcastle United,Reading,1.8,3.6,4.5,,,,1.8,3.93,5.0,1.76,3.43,4.52
2007,2008-04-05,Wigan Athletic,Birmingham City,2.1,3.3,3.6,,,,2.2,3.3,3.8,2.1,3.2,3.37
2007,2008-04-06,Everton,Derby County,1.25,5.5,13.0,,,,1.29,6.07,16.56,1.23,5.31,11.69
2007,2008-04-06,Middlesbrough,Manchester United,8.5,4.5,1.4,,,,8.5,4.76,1.45,7.51,4.1,1.41
2007,2008-04-08,West Ham United,Portsmouth,2.25,3.3,3.25,,,,2.42,3.4,3.3,2.3,3.24,2.98
2007,2008-04-12,Birmingham City,Everton,3.0,3.3,2.4,,,,3.08,3.4,2.5,2.87,3.21,2.37
2007,2008-04-12,Bolton Wanderers,West Ham United,2.1,3.4,3.5,,,,2.2,3.6,3.8,2.02,3.28,3.51
2007,2008-04-12,Derby County,Aston Villa,6.0,4.0,1.57,,,,6.5,3.9,1.63,5.82,3.62,1.58
2007,2008-04-12,Portsmouth,Newcastle United,2.2,3.3,3.4,,,,2.2,3.45,3.84,2.06,3.26,3.41
2007,2008-04-12,Reading,Fulham,1.9,3.4,4.33,,,,1.95,3.64,4.5,1.86,3.34,4.1
2007,2008-04-12,Sunderland,Manchester City,2.2,3.3,3.4,,,,2.2,3.42,3.75,2.09,3.23,3.38
2007,2008-04-12,Tottenham Hotspur,Middlesbrough,1.66,3.6,5.5,,,,1.75,3.82,5.75,1.65,3.52,5.14
2007,2008-04-13,Liverpool,Blackburn Rovers,1.5,4.0,7.0,,,,1.55,4.21,7.5,1.5,3.72,6.79
2007,2008-04-13,Manchester United,Arsenal,1.83,3.5,4.5,,,,1.91,3.6,4.8,1.83,3.3,4.37
2007,2008-04-14,Chelsea,Wigan Athletic,1.22,6.0,15.0,,,,1.25,6.25,15.36,1.21,5.53,13.09
2007,2008-04-17,Everton,Chelsea,3.8,3.4,2.0,,,,3.8,3.5,2.2,3.53,3.28,2.02
2007,2008-04-19,Arsenal,Reading,1.33,5.0,10.0,,,,1.36,5.3,12.0,1.3,4.81,9.71
2007,2008-04-19,Blackburn Rovers,Manchester United,6.0,4.0,1.57,,,,6.25,4.11,1.62,5.77,3.65,1.57
2007,2008-04-19,Fulham,Liverpool,3.4,3.25,2.2,,,,3.55,3.4,2.33,3.31,3.23,2.11
2007,2008-04-19,Middlesbrough,Bolton Wanderers,2.1,3.3,3.6,,,,2.16,3.4,3.75,2.05,3.26,3.47
2007,2008-04-19,West Ham United,Derby County,1.36,5.0,8.5,,,,1.4,5.07,9.8,1.35,4.44,8.49
2007,2008-04-19,Wigan Athletic,Tottenham Hotspur,2.62,3.3,2.7,,,,2.75,3.4,2.8,2.57,3.22,2.61
2007,2008-04-20,Aston Villa,Birmingham City,1.8,3.3,5.0,,,,1.83,3.7,5.2,1.73,3.42,4.67
2007,2008-04-20,Manchester City,Portsmouth,2.37,3.3,3.0,,,,2.45,3.32,3.2,2.31,3.22,2.93
2007,2008-04-20,Newcastle United,Sunderland,1.83,3.5,4.5,,,,1.89,3.63,4.7,1.81,3.35,4.29
2007,2008-04-26,Birmingham City,Liverpool,2.75,3.25,2.6,,,,2.9,3.25,2.75,2.72,3.2,2.5
2007,2008-04-26,Chelsea,Manchester United,2.5,3.1,3.0,,,,2.6,3.25,3.38,2.41,3.09,2.94
2007,2008-04-26,Manchester City,Fulham,1.83,3.5,4.5,,,,1.9,3.68,4.83,1.81,3.41,4.25
2007,2008-04-26,Sunderland,Middlesbrough,2.3,3.1,3.4,,,,2.46,3.25,3.4,2.26,3.12,3.16
2007,2008-04-26,Tottenham Hotspur,Bolton Wanderers,1.9,3.5,4.0,,,,1.85,3.83,5.2,1.79,3.44,4.31
2007,2008-04-26,West Ham United,Newcastle United,2.5,3.3,2.87,,,,2.7,3.3,2.88,2.48,3.22,2.73
2007,2008-04-26,Wigan Athletic,Reading,2.1,3.2,3.75,,,,2.12,3.4,4.14,2.02,3.23,3.61
2007,2008-04-27,Everton,Aston Villa,2.25,3.3,3.25,,,,2.35,3.3,3.3,2.23,3.22,3.11
2007,2008-04-27,Portsmouth,Blackburn Rovers,2.1,3.3,3.6,,,,2.2,3.35,3.75,2.1,3.24,3.36
2007,2008-04-28,Derby County,Arsenal,13.0,5.5,1.25,,,,13.0,5.8,1.3,10.59,5.06,1.26
2007,2008-05-03,Aston Villa,Wigan Athletic,1.53,3.8,7.0,,,,1.57,4.1,7.7,1.53,3.7,6.48
2007,2008-05-03,Blackburn Rovers,Derby County,1.25,5.5,13.0,,,,1.29,6.0,14.25,1.26,5.02,11.51
2007,2008-05-03,Bolton Wanderers,Sunderland,1.57,4.0,6.0,,,,1.68,3.95,6.15,1.62,3.6,5.47
2007,2008-05-03,Fulham,Birmingham City,2.2,3.4,3.25,,,,2.21,3.5,3.6,2.13,3.3,3.22
2007,2008-05-03,Manchester United,West Ham United,1.16,7.0,17.0,,,,1.2,8.18,18.1,1.16,6.47,15.44
2007,2008-05-03,Middlesbrough,Portsmouth,2.0,3.5,3.75,,,,2.0,3.61,4.22,1.89,3.35,3.85
2007,2008-05-03,Reading,Tottenham Hotspur,2.2,3.4,3.25,,,,2.42,3.4,3.3,2.23,3.27,3.07
2007,2008-05-04,Arsenal,Everton,1.66,3.6,5.5,,,,1.73,3.75,6.19,1.66,3.46,5.24
2007,2008-05-04,Liverpool,Manchester City,1.66,3.6,5.5,,,,1.72,3.84,5.75,1.65,3.53,5.17
2007,2008-05-05,Newcastle United,Chelsea,6.0,4.2,1.53,,,,6.5,4.2,1.62,5.82,3.72,1.55
2007,2008-05-11,Birmingham City,Blackburn Rovers,2.0,3.6,3.6,,,,2.1,3.6,3.8,1.95,3.42,3.52
2007,2008-05-11,Chelsea,Bolton Wanderers,1.14,8.0,17.0,,,,1.18,8.5,20.0,1.14,6.99,16.0
2007,2008-05-11,Derby County,Reading,5.5,4.2,1.57,,,,6.5,4.28,1.62,5.72,3.87,1.54
2007,2008-05-11,Everton,Newcastle United,1.8,3.5,4.75,,,,1.9,3.56,4.85,1.79,3.33,4.4
2007,2008-05-11,Middlesbrough,Manchester City,2.1,3.3,3.6,,,,2.15,3.4,4.0,2.06,3.24,3.44
2007,2008-05-11,Portsmouth,Fulham,3.3,3.6,2.1,,,,3.5,3.75,2.2,3.19,3.44,2.06
2007,2008-05-11,Sunderland,Arsenal,4.33,3.75,1.8,,,,4.7,3.83,1.85,4.27,3.44,1.79
2007,2008-05-11,Tottenham Hotspur,Liverpool,2.62,3.4,2.62,,,,2.77,3.4,2.75,2.54,3.26,2.61
2007,2008-05-11,West Ham United,Aston Villa,3.2,3.5,2.2,,,,3.42,3.5,2.3,3.04,3.32,2.2
2007,2008-05-11,Wigan Athletic,Manchester United,12.0,6.5,1.22,,,,15.81,6.5,1.25,12.34,5.77,1.21
2008,2008-08-16,Arsenal,West Bromwich Albion,1.2,6.5,15.0,,,,1.26,6.25,17.0,1.22,5.6,13.52
2008,2008-08-16,Bolton Wanderers,Stoke City,1.83,3.5,4.5,,,,1.87,3.51,5.3,1.81,3.35,4.54
2008,2008-08-16,Everton,Blackburn Rovers,2.0,3.3,4.0,,,,2.06,3.39,4.21,1.98,3.25,3.86
2008,2008-08-16,Hull City,Fulham,2.6,3.2,2.8,,,,2.7,3.38,2.89,2.56,3.23,2.68
2008,2008-08-16,Middlesbrough,Tottenham Hotspur,3.2,3.4,2.25,,,,3.57,3.55,2.3,3.19,3.31,2.2
2008,2008-08-16,Sunderland,Liverpool,5.5,3.6,1.67,,,,5.91,3.75,1.76,5.24,3.5,1.68
2008,2008-08-16,West Ham United,Wigan Athletic,1.91,3.4,4.2,,,,2.09,3.4,4.4,1.94,3.27,3.98
2008,2008-08-17,Aston Villa,Manchester City,1.91,3.4,4.33,,,,2.0,3.55,5.05,1.84,3.32,4.36
2008,2008-08-17,Chelsea,Portsmouth,1.33,5.0,10.0,,,,1.36,5.2,12.0,1.32,4.69,10.05
2008,2008-08-17,Manchester United,Newcastle United,1.29,5.5,11.0,,,,1.32,5.5,13.0,1.28,5.03,11.0
2008,2008-08-23,Blackburn Rovers,Hull City,1.57,3.75,7.0,,,,1.62,3.91,7.42,1.58,3.64,6.16
2008,2008-08-23,Fulham,Arsenal,6.5,3.75,1.57,,,,6.8,3.91,1.63,6.09,3.65,1.58
2008,2008-08-23,Liverpool,Middlesbrough,1.36,4.5,10.0,,,,1.4,4.8,10.91,1.37,4.38,8.86
2008,2008-08-23,Newcastle United,Bolton Wanderers,1.8,3.5,4.75,,,,1.87,3.6,5.05,1.78,3.43,4.61
2008,2008-08-23,Stoke City,Aston Villa,5.0,3.6,1.73,,,,5.77,3.76,1.75,5.01,3.51,1.7
2008,2008-08-23,Tottenham Hotspur,Sunderland,1.5,4.0,7.0,,,,1.57,4.2,7.8,1.49,3.85,7.01
2008,2008-08-23,West Bromwich Albion,Everton,2.88,3.25,2.5,,,,3.05,3.36,2.62,2.8,3.23,2.48
2008,2008-08-24,Manchester City,West Ham United,2.3,3.25,3.2,,,,2.4,3.4,3.4,2.25,3.25,3.15
2008,2008-08-24,Wigan Athletic,Chelsea,8.5,4.5,1.4,,,,9.49,4.83,1.45,8.2,4.25,1.4
2008,2008-08-25,Portsmouth,Manchester United,4.8,3.4,1.8,,,,5.13,3.5,1.91,4.71,3.33,1.78
2008,2008-08-30,Arsenal,Newcastle United,1.44,4.0,9.0,,,,1.5,4.19,9.0,1.43,3.95,8.06
2008,2008-08-30,Bolton Wanderers,West Bromwich Albion,1.83,3.5,4.5,,,,1.99,3.5,4.54,1.87,3.3,4.25
2008,2008-08-30,Everton,Portsmouth,2.1,3.3,3.75,,,,2.2,3.4,3.95,2.04,3.26,3.6
2008,2008-08-30,Hull City,Wigan Athletic,2.5,3.25,2.88,,,,2.75,3.3,3.0,2.47,3.2,2.8
2008,2008-08-30,Middlesbrough,Stoke City,1.57,3.6,7.0,,,,1.67,3.8,7.0,1.59,3.58,6.09
2008,2008-08-30,West Ham United,Blackburn Rovers,2.5,3.25,2.88,,,,2.56,3.4,3.09,2.39,3.24,2.88
2008,2008-08-31,Aston Villa,Liverpool,3.0,3.25,2.4,,,,3.25,3.28,2.59,2.92,3.21,2.37
2008,2008-08-31,Chelsea,Tottenham Hotspur,1.4,4.33,9.0,,,,1.44,4.78,9.6,1.4,4.18,8.46
2008,2008-08-31,Sunderland,Manchester City,2.2,3.3,3.4,,,,2.38,3.32,3.6,2.19,3.23,3.25
2008,2008-09-13,Blackburn Rovers,Arsenal,4.5,3.5,1.83,,,,5.0,3.68,1.87,4.49,3.39,1.8
2008,2008-09-13,Fulham,Bolton Wanderers,2.25,3.3,3.3,,,,2.25,3.4,3.76,2.17,3.23,3.3
2008,2008-09-13,Liverpool,Manchester United,3.0,3.0,2.6,,,,3.0,3.2,2.8,2.81,3.04,2.57
2008,2008-09-13,Manchester City,Chelsea,4.33,3.3,1.91,,,,4.61,3.49,1.95,4.21,3.32,1.87
2008,2008-09-13,Newcastle United,Hull City,1.62,3.75,5.75,,,,1.7,3.86,6.5,1.64,3.53,5.56
2008,2008-09-13,Portsmouth,Middlesbrough,2.0,3.5,3.75,,,,2.08,3.5,4.1,1.97,3.31,3.76
2008,2008-09-13,West Bromwich Albion,West Ham United,2.4,3.25,3.0,,,,2.56,3.4,3.03,2.4,3.22,2.88
2008,2008-09-13,Wigan Athletic,Sunderland,2.05,3.3,4.0,,,,2.1,3.44,4.1,2.03,3.26,3.64
2008,2008-09-14,Stoke City,Everton,3.4,3.4,2.2,,,,3.5,3.4,2.3,3.25,3.25,2.19
2008,2008-09-15,Tottenham Hotspur,Aston Villa,2.1,3.3,3.6,,,,2.2,3.54,3.75,2.04,3.3,3.54
2008,2008-09-20,Blackburn Rovers,Fulham,2.1,3.3,3.6,,,,2.13,3.47,3.88,2.03,3.29,3.6
2008,2008-09-20,Bolton Wanderers,Arsenal,6.5,3.75,1.57,,,,6.7,3.86,1.66,5.86,3.57,1.61
2008,2008-09-20,Liverpool,Stoke City,1.2,6.5,15.0,,,,1.24,6.83,21.0,1.21,5.83,13.88
2008,2008-09-20,Sunderland,Middlesbrough,2.38,3.1,3.2,,,,2.4,3.3,3.45,2.29,3.21,3.09
2008,2008-09-20,West Ham United,Newcastle United,2.1,3.3,3.6,,,,2.1,3.5,3.98,2.02,3.31,3.62
2008,2008-09-21,Chelsea,Manchester United,2.2,3.1,3.6,,,,2.3,3.25,3.9,2.19,3.1,3.44
2008,2008-09-21,Hull City,Everton,3.1,3.4,2.3,,,,3.34,3.4,2.4,3.06,3.26,2.28
2008,2008-09-21,Manchester City,Portsmouth,2.0,3.3,4.0,,,,2.1,3.4,4.12,1.98,3.28,3.8
2008,2008-09-21,Tottenham Hotspur,Wigan Athletic,1.73,3.6,5.0,,,,1.8,3.65,5.65,1.7,3.47,5.06
2008,2008-09-21,West Bromwich Albion,Aston Villa,3.25,3.3,2.25,,,,3.42,3.4,2.4,3.09,3.26,2.26
2008,2008-09-27,Arsenal,Hull City,1.2,6.0,17.0,,,,1.22,6.55,22.0,1.2,5.73,14.73
2008,2008-09-27,Aston Villa,Sunderland,1.57,3.75,6.5,,,,1.66,3.9,6.75,1.6,3.62,5.78
2008,2008-09-27,Everton,Liverpool,3.75,3.25,2.1,,,,4.0,3.38,2.2,3.51,3.21,2.09
2008,2008-09-27,Fulham,West Ham United,2.3,3.25,3.2,,,,2.38,3.3,3.35,2.27,3.23,3.06
2008,2008-09-27,Manchester United,Bolton Wanderers,1.22,6.0,15.0,,,,1.25,6.5,20.5,1.21,5.61,13.98
2008,2008-09-27,Middlesbrough,West Bromwich Albion,1.8,3.4,5.0,,,,1.83,3.6,5.1,1.74,3.41,4.78
2008,2008-09-27,Newcastle United,Blackburn Rovers,2.6,3.3,2.75,,,,2.75,3.4,2.95,2.48,3.23,2.76
2008,2008-09-27,Stoke City,Chelsea,9.0,4.75,1.36,,,,11.0,5.0,1.4,9.08,4.43,1.35
2008,2008-09-28,Portsmouth,Tottenham Hotspur,2.5,3.25,3.0,,,,2.73,3.3,3.2,2.42,3.22,2.85
2008,2008-09-28,Wigan Athletic,Manchester City,3.0,3.3,2.38,,,,3.25,3.4,2.48,3.02,3.25,2.29
2008,2008-10-04,Blackburn Rovers,Manchester United,6.0,3.75,1.62,,,,7.04,4.02,1.62,6.01,3.61,1.59
2008,2008-10-04,Sunderland,Arsenal,6.0,3.75,1.62,,,,6.8,3.94,1.64,5.97,3.59,1.59
2008,2008-10-04,West Bromwich Albion,Fulham,2.25,3.25,3.25,,,,2.38,3.3,3.5,2.23,3.22,3.16
2008,2008-10-04,Wigan Athletic,Middlesbrough,2.1,3.3,3.6,,,,2.1,3.4,4.2,2.04,3.26,3.58
2008,2008-10-05,Chelsea,Aston Villa,1.5,4.0,7.0,,,,1.57,4.33,8.0,1.45,3.99,7.33
2008,2008-10-05,Everton,Newcastle United,1.73,3.6,5.0,,,,1.83,3.6,5.5,1.74,3.42,4.8
2008,2008-10-05,Manchester City,Liverpool,3.2,3.3,2.25,,,,3.56,3.4,2.3,3.15,3.22,2.23
2008,2008-10-05,Portsmouth,Stoke City,1.67,3.4,6.0,,,,1.74,3.65,6.5,1.63,3.48,5.74
2008,2008-10-05,Tottenham Hotspur,Hull City,1.73,3.75,4.75,,,,1.75,3.91,5.5,1.69,3.54,5.0
2008,2008-10-05,West Ham United,Bolton Wanderers,1.83,3.4,4.75,,,,1.94,3.5,5.5,1.78,3.35,4.7
2008,2008-10-18,Arsenal,Everton,1.36,4.5,10.0,,,,1.42,4.65,10.3,1.37,4.33,8.88
2008,2008-10-18,Aston Villa,Portsmouth,1.83,3.25,5.0,,,,1.9,3.55,5.0,1.8,3.34,4.53
2008,2008-10-18,Bolton Wanderers,Blackburn Rovers,2.4,3.25,3.0,,,,2.55,3.4,3.07,2.37,3.21,2.92
2008,2008-10-18,Fulham,Sunderland,2.25,3.25,3.3,,,,2.3,3.4,3.5,2.22,3.22,3.18
2008,2008-10-18,Liverpool,Wigan Athletic,1.4,4.33,9.0,,,,1.45,4.85,11.0,1.36,4.38,9.31
2008,2008-10-18,Manchester United,West Bromwich Albion,1.2,6.5,15.0,,,,1.22,6.85,21.0,1.19,5.99,15.22
2008,2008-10-18,Middlesbrough,Chelsea,6.0,3.7,1.62,,,,7.0,3.75,1.69,6.18,3.61,1.58
2008,2008-10-19,Hull City,West Ham United,2.62,3.25,2.75,,,,2.63,3.4,3.1,2.4,3.22,2.89
2008,2008-10-19,Stoke City,Tottenham Hotspur,3.25,3.3,2.25,,,,3.48,3.47,2.3,3.18,3.26,2.21
2008,2008-10-20,Newcastle United,Manchester City,3.0,3.25,2.4,,,,3.3,3.4,2.5,2.93,3.23,2.37
2008,2008-10-25,Blackburn Rovers,Middlesbrough,2.1,3.25,3.75,,,,2.15,3.4,4.15,2.05,3.24,3.68
2008,2008-10-25,Everton,Manchester United,7.5,4.0,1.5,,,,8.0,4.15,1.57,6.91,3.79,1.52
2008,2008-10-25,Sunderland,Newcastle United,2.2,3.3,3.4,,,,2.25,3.4,3.78,2.17,3.24,3.33
2008,2008-10-25,West Bromwich Albion,Hull City,2.2,3.3,3.4,,,,2.35,3.4,3.45,2.24,3.24,3.18
2008,2008-10-26,Chelsea,Liverpool,1.91,3.25,4.5,,,,2.0,3.4,4.75,1.92,3.21,4.25
2008,2008-10-26,Manchester City,Stoke City,1.44,4.33,7.5,,,,1.5,4.55,8.2,1.46,4.05,7.2
2008,2008-10-26,Portsmouth,Fulham,1.83,3.5,4.5,,,,1.93,3.5,5.25,1.78,3.37,4.72
2008,2008-10-26,Tottenham Hotspur,Bolton Wanderers,2.05,3.3,4.0,,,,2.13,3.49,4.1,1.98,3.32,3.79
2008,2008-10-26,West Ham United,Arsenal,6.0,3.75,1.62,,,,6.67,3.92,1.65,5.82,3.61,1.61
2008,2008-10-26,Wigan Athletic,Aston Villa,2.6,3.3,2.75,,,,2.65,3.42,2.91,2.53,3.24,2.71
2008,2008-10-28,Newcastle United,West Bromwich Albion,1.83,3.5,4.5,,,,1.91,3.57,4.84,1.85,3.36,4.23
2008,2008-10-29,Arsenal,Tottenham Hotspur,1.44,4.5,7.5,,,,1.5,4.81,8.5,1.42,4.15,7.6
2008,2008-10-29,Aston Villa,Blackburn Rovers,1.67,3.75,5.5,,,,1.73,3.87,6.0,1.67,3.5,5.25
2008,2008-10-29,Bolton Wanderers,Everton,2.6,3.3,2.75,,,,2.7,3.4,2.81,2.51,3.23,2.71
2008,2008-10-29,Fulham,Wigan Athletic,2.38,3.3,3.0,,,,2.5,3.4,3.2,2.3,3.24,3.0
2008,2008-10-29,Hull City,Chelsea,8.0,4.33,1.44,,,,8.5,4.6,1.5,7.36,4.07,1.44
2008,2008-10-29,Liverpool,Portsmouth,1.33,5.0,10.0,,,,1.4,5.0,11.88,1.35,4.42,9.16
2008,2008-10-29,Manchester United,West Ham United,1.2,6.0,19.0,,,,1.22,7.0,21.0,1.2,5.82,14.27
2008,2008-10-29,Middlesbrough,Manchester City,2.88,3.3,2.5,,,,3.01,3.4,2.6,2.73,3.24,2.47
2008,2008-10-29,Stoke City,Sunderland,2.6,3.3,2.75,,,,2.8,3.38,2.8,2.55,3.23,2.67
2008,2008-11-01,Chelsea,Sunderland,1.17,6.5,21.0,,,,1.22,7.0,21.0,1.19,6.12,15.1
2008,2008-11-01,Everton,Fulham,1.67,3.75,5.5,,,,1.75,3.75,5.8,1.7,3.48,5.11
2008,2008-11-01,Manchester United,Hull City,1.17,7.0,17.0,,,,1.2,7.94,22.0,1.17,6.46,16.24
2008,2008-11-01,Middlesbrough,West Ham United,2.0,3.3,4.0,,,,2.1,3.4,4.41,1.99,3.28,3.75
2008,2008-11-01,Portsmouth,Wigan Athletic,1.91,3.4,4.2,,,,1.97,3.5,4.5,1.89,3.34,4.11
2008,2008-11-01,Stoke City,Arsenal,8.0,4.5,1.4,,,,9.8,4.8,1.45,7.76,4.24,1.42
2008,2008-11-01,Tottenham Hotspur,Liverpool,3.5,3.3,2.1,,,,3.75,3.5,2.18,3.52,3.31,2.06
2008,2008-11-01,West Bromwich Albion,Blackburn Rovers,2.5,3.3,2.88,,,,2.65,3.4,2.97,2.49,3.24,2.75
2008,2008-11-02,Bolton Wanderers,Manchester City,3.0,3.3,2.38,,,,3.25,3.45,2.45,2.97,3.27,2.33
2008,2008-11-03,Newcastle United,Aston Villa,3.0,3.3,2.38,,,,3.15,3.4,2.52,2.89,3.25,2.39
2008,2008-11-08,Arsenal,Manchester United,3.25,3.25,2.3,,,,3.58,3.3,2.45,3.1,3.17,2.3
2008,2008-11-08,Hull City,Bolton Wanderers,2.25,3.25,3.4,,,,2.3,3.31,3.7,2.13,3.23,3.4
2008,2008-11-08,Liverpool,West Bromwich Albion,1.2,6.0,19.0,,,,1.25,6.52,20.18,1.21,5.81,14.42
2008,2008-11-08,Sunderland,Portsmouth,2.38,3.3,3.0,,,,2.4,3.5,3.3,2.31,3.26,2.99
2008,2008-11-08,West Ham United,Everton,2.6,3.25,2.8,,,,2.65,3.41,2.88,2.5,3.24,2.72
2008,2008-11-08,Wigan Athletic,Stoke City,1.8,3.4,5.0,,,,1.85,3.55,5.48,1.77,3.37,4.7
2008,2008-11-09,Aston Villa,Middlesbrough,1.7,3.8,5.0,,,,1.73,3.92,5.5,1.69,3.56,5.07
2008,2008-11-09,Blackburn Rovers,Chelsea,8.0,4.33,1.44,,,,8.24,4.54,1.5,7.27,4.02,1.46
2008,2008-11-09,Fulham,Newcastle United,2.38,3.25,3.1,,,,2.4,3.45,3.2,2.32,3.25,3.0
2008,2008-11-09,Manchester City,Tottenham Hotspur,2.25,3.3,3.3,,,,2.31,3.4,3.6,2.19,3.26,3.28
2008,2008-11-15,Arsenal,Aston Villa,1.5,4.0,7.0,,,,1.55,4.36,8.1,1.5,3.81,6.85
2008,2008-11-15,Blackburn Rovers,Sunderland,2.0,3.4,3.8,,,,2.15,3.4,3.9,2.06,3.27,3.5
2008,2008-11-15,Bolton Wanderers,Liverpool,6.0,3.75,1.62,,,,6.68,3.9,1.67,5.88,3.61,1.59
2008,2008-11-15,Fulham,Tottenham Hotspur,3.3,3.3,2.25,,,,3.45,3.5,2.3,3.14,3.28,2.22
2008,2008-11-15,Manchester United,Stoke City,1.14,7.5,23.0,,,,1.17,9.8,25.3,1.14,7.23,17.69
2008,2008-11-15,Newcastle United,Wigan Athletic,2.1,3.3,3.6,,,,2.11,3.46,4.0,2.02,3.3,3.62
2008,2008-11-15,West Bromwich Albion,Chelsea,12.0,5.0,1.3,,,,13.97,5.5,1.33,10.16,4.88,1.3
2008,2008-11-15,West Ham United,Portsmouth,2.5,3.25,2.88,,,,2.6,3.4,2.97,2.43,3.23,2.82
2008,2008-11-16,Everton,Middlesbrough,1.83,3.5,4.5,,,,1.96,3.56,4.5,1.83,3.37,4.31
2008,2008-11-16,Hull City,Manchester City,2.88,3.25,2.5,,,,3.0,3.4,2.6,2.8,3.25,2.44
2008,2008-11-22,Aston Villa,Manchester United,5.0,3.6,1.73,,,,5.0,3.7,1.88,4.56,3.44,1.77
2008,2008-11-22,Chelsea,Newcastle United,1.2,6.0,19.0,,,,1.25,6.5,19.9,1.21,5.76,14.28
2008,2008-11-22,Liverpool,Fulham,1.25,5.5,15.0,,,,1.3,5.7,16.1,1.25,5.27,11.88
2008,2008-11-22,Manchester City,Arsenal,3.25,3.4,2.2,,,,3.45,3.58,2.25,3.26,3.32,2.15
2008,2008-11-22,Middlesbrough,Bolton Wanderers,1.91,3.4,4.33,,,,1.99,3.5,4.5,1.89,3.32,4.11
2008,2008-11-22,Portsmouth,Hull City,1.8,3.6,4.5,,,,1.95,3.6,4.82,1.79,3.36,4.25
2008,2008-11-22,Stoke City,West Bromwich Albion,2.2,3.3,3.4,,,,2.3,3.5,3.59,2.17,3.24,3.28
2008,2008-11-23,Sunderland,West Ham United,2.1,3.4,3.5,,,,2.2,3.55,3.75,2.12,3.31,3.33
2008,2008-11-23,Tottenham Hotspur,Blackburn Rovers,1.73,3.75,4.75,,,,1.8,3.83,5.47,1.73,3.49,4.72
2008,2008-11-24,Wigan Athletic,Everton,2.5,3.3,2.88,,,,2.67,3.4,2.88,2.53,3.24,2.71
2008,2008-11-29,Aston Villa,Fulham,1.57,3.8,6.5,,,,1.67,3.94,6.5,1.61,3.57,5.74
2008,2008-11-29,Middlesbrough,Newcastle United,2.2,3.3,3.4,,,,2.25,3.44,3.6,2.15,3.25,3.3
2008,2008-11-29,Stoke City,Hull City,2.4,3.4,2.88,,,,2.5,3.45,3.08,2.41,3.26,2.83
2008,2008-11-29,Sunderland,Bolton Wanderers,2.25,3.3,3.3,,,,2.37,3.4,3.44,2.24,3.24,3.11
2008,2008-11-29,Wigan Athletic,West Bromwich Albion,1.73,3.6,5.0,,,,1.85,3.69,5.07,1.77,3.44,4.59
2008,2008-11-30,Chelsea,Arsenal,1.8,3.4,5.0,,,,1.86,3.6,5.5,1.75,3.42,4.81
2008,2008-11-30,Manchester City,Manchester United,4.33,3.6,1.83,,,,4.5,3.62,1.95,4.06,3.4,1.86
2008,2008-11-30,Portsmouth,Blackburn Rovers,2.1,3.3,3.6,,,,2.15,3.4,4.35,2.0,3.27,3.73
2008,2008-11-30,Tottenham Hotspur,Everton,1.91,3.5,4.0,,,,2.05,3.56,4.33,1.96,3.35,3.82
2008,2008-12-01,Liverpool,West Ham United,1.3,5.0,12.0,,,,1.36,5.35,13.0,1.3,4.8,10.41
2008,2008-12-06,Arsenal,Wigan Athletic,1.33,4.75,11.0,,,,1.36,5.19,11.75,1.32,4.68,9.9
2008,2008-12-06,Blackburn Rovers,Liverpool,5.5,3.5,1.73,,,,5.6,3.79,1.73,5.19,3.49,1.69
2008,2008-12-06,Bolton Wanderers,Chelsea,7.0,3.8,1.53,,,,7.27,4.13,1.62,6.49,3.71,1.54
2008,2008-12-06,Fulham,Manchester City,2.6,3.2,2.8,,,,2.76,3.45,2.88,2.59,3.24,2.64
2008,2008-12-06,Hull City,Middlesbrough,2.38,3.25,3.1,,,,2.47,3.4,3.25,2.34,3.22,2.98
2008,2008-12-06,Manchester United,Sunderland,1.14,7.5,23.0,,,,1.2,8.77,23.5,1.16,6.79,17.34
2008,2008-12-06,Newcastle United,Stoke City,1.8,3.5,4.75,,,,1.83,3.76,5.2,1.77,3.44,4.6
2008,2008-12-07,Everton,Aston Villa,2.62,3.25,2.75,,,,2.73,3.4,2.8,2.58,3.22,2.67
2008,2008-12-07,West Bromwich Albion,Portsmouth,2.62,3.25,2.75,,,,2.81,3.4,2.8,2.59,3.23,2.65
2008,2008-12-08,West Ham United,Tottenham Hotspur,2.75,3.25,2.62,,,,2.76,3.5,2.75,2.64,3.25,2.6
2008,2008-12-13,Aston Villa,Bolton Wanderers,1.67,3.6,5.5,,,,1.78,3.75,5.6,1.68,3.5,5.21
2008,2008-12-13,Liverpool,Hull City,1.33,5.0,10.0,,,,1.4,5.0,11.25,1.34,4.56,9.57
2008,2008-12-13,Manchester City,Everton,2.0,3.4,3.8,,,,2.1,3.5,4.02,2.01,3.3,3.66
2008,2008-12-13,Middlesbrough,Arsenal,4.5,3.6,1.8,,,,5.4,3.79,1.85,4.7,3.5,1.74
2008,2008-12-13,Stoke City,Fulham,2.5,3.25,2.88,,,,2.64,3.4,3.05,2.4,3.2,2.86
2008,2008-12-13,Sunderland,West Bromwich Albion,2.0,3.4,3.8,,,,2.1,3.51,4.0,2.01,3.28,3.67
2008,2008-12-13,Tottenham Hotspur,Manchester United,4.5,3.5,1.83,,,,4.6,3.6,1.95,4.33,3.41,1.82
2008,2008-12-13,Wigan Athletic,Blackburn Rovers,2.1,3.3,3.6,,,,2.23,3.44,4.0,2.04,3.28,3.57
2008,2008-12-14,Chelsea,West Ham United,1.25,5.5,15.0,,,,1.29,6.18,18.0,1.23,5.49,13.34
2008,2008-12-14,Portsmouth,Newcastle United,2.05,3.2,3.4,,,,2.1,3.42,4.05,2.02,3.27,3.61
2008,2008-12-20,Blackburn Rovers,Stoke City,1.83,3.5,4.5,,,,1.91,3.6,5.07,1.83,3.37,4.35
2008,2008-12-20,Bolton Wanderers,Portsmouth,2.2,3.25,3.4,,,,2.3,3.4,3.52,2.21,3.23,3.21
2008,2008-12-20,Fulham,Middlesbrough,2.2,3.25,3.5,,,,2.21,3.4,3.7,2.14,3.24,3.36
2008,2008-12-20,Hull City,Sunderland,2.1,3.25,3.75,,,,2.26,3.4,4.0,2.08,3.24,3.52
2008,2008-12-20,West Ham United,Aston Villa,3.0,3.4,2.37,,,,3.2,3.5,2.45,2.96,3.26,2.33
2008,2008-12-21,Arsenal,Liverpool,2.4,3.25,3.0,,,,2.5,3.3,3.24,2.37,3.19,2.96
2008,2008-12-21,Newcastle United,Tottenham Hotspur,2.37,3.4,3.0,,,,2.6,3.45,3.08,2.43,3.27,2.81
2008,2008-12-21,West Bromwich Albion,Manchester City,3.25,3.3,2.25,,,,3.45,3.4,2.37,3.12,3.25,2.25
2008,2008-12-22,Everton,Chelsea,5.0,3.6,1.73,,,,5.5,3.75,1.8,4.94,3.47,1.72
2008,2008-12-26,Aston Villa,Arsenal,2.5,3.3,2.87,,,,2.62,3.4,3.0,2.46,3.23,2.78
2008,2008-12-26,Chelsea,West Bromwich Albion,1.14,7.5,21.0,,,,1.2,8.02,24.0,1.16,6.74,17.25
2008,2008-12-26,Liverpool,Bolton Wanderers,1.33,4.5,12.0,,,,1.38,5.0,12.48,1.34,4.49,9.71
2008,2008-12-26,Manchester City,Hull City,1.8,3.6,4.5,,,,1.83,3.82,4.95,1.77,3.46,4.47
2008,2008-12-26,Middlesbrough,Everton,2.5,3.3,2.87,,,,2.66,3.4,2.95,2.51,3.24,2.73
2008,2008-12-26,Portsmouth,West Ham United,2.2,3.25,3.4,,,,2.28,3.4,3.51,2.16,3.25,3.29
2008,2008-12-26,Stoke City,Manchester United,12.0,5.0,1.3,,,,13.25,5.25,1.36,10.34,4.75,1.3
2008,2008-12-26,Sunderland,Blackburn Rovers,2.25,3.25,3.3,,,,2.35,3.4,3.5,2.2,3.22,3.21
2008,2008-12-26,Tottenham Hotspur,Fulham,1.72,3.6,5.0,,,,1.83,3.76,5.3,1.75,3.44,4.7
2008,2008-12-26,Wigan Athletic,Newcastle United,2.25,3.3,3.25,,,,2.3,3.5,3.52,2.22,3.26,3.14
2008,2008-12-28,Arsenal,Portsmouth,1.4,4.5,10.0,,,,1.45,4.9,10.62,1.38,4.26,8.67
2008,2008-12-28,Blackburn Rovers,Manchester City,2.62,3.3,2.87,,,,2.65,3.4,2.92,2.5,3.26,2.74
2008,2008-12-28,Bolton Wanderers,Wigan Athletic,2.3,3.25,3.4,,,,2.3,3.4,3.56,2.19,3.23,3.27
2008,2008-12-28,Everton,Sunderland,1.8,3.6,5.0,,,,1.85,3.64,5.2,1.79,3.4,4.57
2008,2008-12-28,Fulham,Chelsea,6.5,3.75,1.61,,,,7.26,4.0,1.65,6.1,3.62,1.58
2008,2008-12-28,Newcastle United,Liverpool,5.0,3.6,1.8,,,,5.16,3.75,1.9,4.48,3.44,1.79
2008,2008-12-28,West Bromwich Albion,Tottenham Hotspur,3.5,3.4,2.2,,,,3.77,3.5,2.25,3.3,3.3,2.14
2008,2008-12-28,West Ham United,Stoke City,1.72,3.6,5.5,,,,1.8,3.68,5.8,1.72,3.45,4.91
2008,2008-12-29,Manchester United,Middlesbrough,1.2,6.5,19.0,,,,1.22,6.8,23.0,1.2,5.95,14.56
2008,2008-12-30,Hull City,Aston Villa,4.33,3.6,1.91,,,,4.5,3.75,2.0,3.93,3.43,1.9
2008,2009-01-10,Arsenal,Bolton Wanderers,1.36,4.33,11.0,,,,1.4,4.75,12.8,1.35,4.4,9.58
2008,2009-01-10,Aston Villa,West Bromwich Albion,1.4,4.33,9.0,,,,1.45,4.65,10.59,1.39,4.27,8.73
2008,2009-01-10,Everton,Hull City,1.62,3.75,6.0,,,,1.7,3.95,6.58,1.63,3.58,5.63
2008,2009-01-10,Middlesbrough,Sunderland,2.25,3.2,3.4,,,,2.26,3.4,3.56,2.18,3.24,3.29
2008,2009-01-10,Newcastle United,West Ham United,2.2,3.3,3.4,,,,2.3,3.4,3.5,2.16,3.25,3.31
2008,2009-01-10,Stoke City,Liverpool,10.0,4.5,1.36,,,,10.84,4.7,1.44,8.8,4.37,1.38
2008,2009-01-11,Manchester United,Chelsea,2.2,3.2,3.5,,,,2.3,3.25,3.8,2.19,3.16,3.33
2008,2009-01-11,Wigan Athletic,Tottenham Hotspur,2.5,3.25,2.88,,,,2.63,3.4,3.0,2.42,3.26,2.83
2008,2009-01-14,Manchester United,Wigan Athletic,1.2,6.0,15.0,,,,1.25,6.5,18.52,1.21,5.8,14.28
2008,2009-01-17,Blackburn Rovers,Newcastle United,2.0,3.4,3.8,,,,2.1,3.45,4.07,2.04,3.28,3.58
2008,2009-01-17,Bolton Wanderers,Manchester United,8.0,3.8,1.5,,,,10.0,4.01,1.53,7.83,3.85,1.46
2008,2009-01-17,Chelsea,Stoke City,1.2,6.5,15.0,,,,1.25,6.8,18.2,1.2,6.05,14.13
2008,2009-01-17,Hull City,Arsenal,5.5,4.0,1.62,,,,6.54,4.0,1.67,5.59,3.61,1.62
2008,2009-01-17,Manchester City,Wigan Athletic,2.0,3.4,3.75,,,,2.06,3.5,4.2,1.96,3.34,3.84
2008,2009-01-17,Sunderland,Aston Villa,3.25,3.25,2.25,,,,3.45,3.4,2.31,3.18,3.26,2.21
2008,2009-01-17,West Bromwich Albion,Middlesbrough,2.38,3.3,3.0,,,,2.4,3.4,3.24,2.33,3.26,2.96
2008,2009-01-18,Tottenham Hotspur,Portsmouth,1.73,3.6,5.0,,,,1.75,3.75,5.93,1.7,3.49,5.12
2008,2009-01-18,West Ham United,Fulham,2.1,3.3,3.6,,,,2.25,3.4,3.71,2.13,3.27,3.37
2008,2009-01-19,Liverpool,Everton,1.62,3.75,6.0,,,,1.7,3.86,6.8,1.61,3.53,5.94
2008,2009-01-27,Portsmouth,Aston Villa,3.25,3.4,2.3,,,,3.4,3.45,2.35,3.14,3.27,2.25
2008,2009-01-27,Sunderland,Fulham,2.25,3.3,3.5,,,,2.33,3.4,3.5,2.25,3.22,3.18
2008,2009-01-27,Tottenham Hotspur,Stoke City,1.61,3.8,6.5,,,,1.65,4.0,6.98,1.59,3.65,6.05
2008,2009-01-27,West Bromwich Albion,Manchester United,10.0,5.0,1.36,,,,11.5,4.88,1.4,9.16,4.52,1.35
2008,2009-01-28,Blackburn Rovers,Bolton Wanderers,2.0,3.25,4.5,,,,2.05,3.37,4.5,1.94,3.24,4.04
2008,2009-01-28,Chelsea,Middlesbrough,1.25,6.0,15.0,,,,1.27,6.0,18.06,1.24,5.49,12.77
2008,2009-01-28,Everton,Arsenal,3.0,3.3,2.5,,,,3.1,3.4,2.51,2.89,3.24,2.39
2008,2009-01-28,Manchester City,Newcastle United,1.75,3.75,5.0,,,,1.8,3.75,5.35,1.73,3.49,4.8
2008,2009-01-28,West Ham United,Hull City,1.83,3.6,4.75,,,,1.85,3.68,5.0,1.77,3.47,4.58
2008,2009-01-28,Wigan Athletic,Liverpool,5.0,3.5,1.83,,,,5.01,3.5,1.87,4.58,3.36,1.8
2008,2009-01-31,Arsenal,West Ham United,1.5,4.2,7.0,,,,1.53,4.4,8.0,1.44,4.12,7.27
2008,2009-01-31,Aston Villa,Wigan Athletic,1.61,3.7,6.0,,,,1.72,3.75,6.1,1.63,3.55,5.59
2008,2009-01-31,Bolton Wanderers,Tottenham Hotspur,2.75,3.3,2.62,,,,2.86,3.45,2.8,2.64,3.24,2.59
2008,2009-01-31,Fulham,Portsmouth,2.0,3.3,4.0,,,,2.06,3.4,4.17,1.99,3.29,3.78
2008,2009-01-31,Hull City,West Bromwich Albion,2.2,3.2,3.5,,,,2.25,3.4,3.75,2.12,3.24,3.41
2008,2009-01-31,Manchester United,Everton,1.36,4.5,10.0,,,,1.4,4.6,12.0,1.37,4.31,9.23
2008,2009-01-31,Middlesbrough,Blackburn Rovers,2.5,3.3,2.87,,,,2.59,3.4,3.1,2.39,3.22,2.9
2008,2009-01-31,Stoke City,Manchester City,3.25,3.3,2.25,,,,3.52,3.4,2.3,3.19,3.26,2.21
2008,2009-02-01,Liverpool,Chelsea,2.5,3.1,3.1,,,,2.55,3.25,3.1,2.43,3.09,2.95
2008,2009-02-01,Newcastle United,Sunderland,2.6,3.2,2.8,,,,2.7,3.3,3.0,2.48,3.17,2.83
2008,2009-02-07,Blackburn Rovers,Aston Villa,2.87,3.3,2.5,,,,3.0,3.4,2.63,2.83,3.22,2.44
2008,2009-02-07,Chelsea,Hull City,1.2,6.0,19.0,,,,1.22,7.15,19.5,1.2,5.93,14.58
2008,2009-02-07,Everton,Bolton Wanderers,1.72,3.4,5.5,,,,1.8,3.6,5.65,1.7,3.42,5.17
2008,2009-02-07,Manchester City,Middlesbrough,1.61,3.75,6.0,,,,1.65,4.0,6.7,1.6,3.63,5.74
2008,2009-02-07,Portsmouth,Liverpool,5.0,3.3,1.8,,,,5.55,3.6,1.83,5.02,3.42,1.73
2008,2009-02-07,Sunderland,Stoke City,1.83,3.5,4.5,,,,1.85,3.5,5.35,1.78,3.35,4.66
2008,2009-02-07,West Bromwich Albion,Newcastle United,2.25,3.3,3.25,,,,2.31,3.4,3.5,2.21,3.24,3.2
2008,2009-02-07,Wigan Athletic,Fulham,2.0,3.4,3.8,,,,2.1,3.4,4.2,1.99,3.24,3.78
2008,2009-02-08,Tottenham Hotspur,Arsenal,3.0,3.3,2.4,,,,3.17,3.34,2.48,2.92,3.21,2.37
2008,2009-02-08,West Ham United,Manchester United,6.5,3.75,1.57,,,,6.72,3.86,1.63,6.09,3.63,1.57
2008,2009-02-14,Portsmouth,Manchester City,2.87,3.25,2.5,,,,3.08,3.35,2.63,2.82,3.23,2.45
2008,2009-02-18,Manchester United,Fulham,1.25,5.5,13.0,,,,1.27,6.0,17.2,1.24,5.23,13.19
2008,2009-02-21,Arsenal,Sunderland,1.4,4.33,9.0,,,,1.45,4.5,10.44,1.4,4.14,8.53
2008,2009-02-21,Aston Villa,Chelsea,3.3,3.3,2.25,,,,3.61,3.4,2.3,3.2,3.23,2.22
2008,2009-02-21,Bolton Wanderers,West Ham United,2.3,3.3,3.1,,,,2.45,3.4,3.28,2.36,3.23,2.94
2008,2009-02-21,Manchester United,Blackburn Rovers,1.25,5.5,13.0,,,,1.3,6.02,19.52,1.24,5.26,13.25
2008,2009-02-21,Middlesbrough,Wigan Athletic,2.4,3.25,3.0,,,,2.5,3.35,3.12,2.39,3.22,2.9
2008,2009-02-21,Stoke City,Portsmouth,2.5,3.25,2.87,,,,2.74,3.35,3.0,2.48,3.2,2.8
2008,2009-02-22,Fulham,West Bromwich Albion,1.8,3.5,4.75,,,,1.86,3.6,5.5,1.77,3.39,4.71
2008,2009-02-22,Liverpool,Manchester City,1.57,3.75,7.0,,,,1.63,4.0,7.8,1.57,3.6,6.39
2008,2009-02-22,Newcastle United,Everton,2.87,3.25,2.5,,,,2.96,3.4,2.6,2.8,3.23,2.46
2008,2009-02-23,Hull City,Tottenham Hotspur,3.0,3.3,2.37,,,,3.46,3.4,2.4,3.0,3.25,2.31
2008,2009-02-28,Arsenal,Fulham,1.4,4.33,9.0,,,,1.45,4.36,10.41,1.41,4.05,8.53
2008,2009-02-28,Chelsea,Wigan Athletic,1.28,5.0,13.0,,,,1.35,5.14,16.27,1.3,4.69,11.58
2008,2009-02-28,Everton,West Bromwich Albion,1.5,4.0,7.5,,,,1.52,4.25,8.74,1.48,3.84,7.44
2008,2009-02-28,Middlesbrough,Liverpool,5.5,3.5,1.72,,,,5.5,3.6,1.86,4.98,3.42,1.73
2008,2009-03-01,Aston Villa,Stoke City,1.4,4.0,10.0,,,,1.45,4.62,10.41,1.4,4.2,8.62
2008,2009-03-01,Bolton Wanderers,Newcastle United,2.0,3.3,4.0,,,,2.1,3.42,4.11,2.02,3.26,3.69
2008,2009-03-01,Hull City,Blackburn Rovers,2.87,3.25,2.5,,,,3.03,3.4,2.65,2.7,3.22,2.56
2008,2009-03-01,West Ham United,Manchester City,2.5,3.25,2.87,,,,2.63,3.4,3.0,2.48,3.22,2.79
2008,2009-03-03,Liverpool,Sunderland,1.4,4.33,9.5,,,,1.47,4.33,10.0,1.42,4.05,8.61
2008,2009-03-03,Portsmouth,Chelsea,6.5,3.75,1.57,,,,7.5,3.9,1.61,6.48,3.67,1.56
2008,2009-03-03,West Bromwich Albion,Arsenal,6.5,3.75,1.57,,,,7.0,3.98,1.63,6.32,3.67,1.57
2008,2009-03-04,Blackburn Rovers,Everton,2.5,3.25,2.9,,,,2.65,3.3,2.98,2.55,3.21,2.74
2008,2009-03-04,Fulham,Hull City,1.66,3.6,5.75,,,,1.75,3.75,5.85,1.7,3.47,5.25
2008,2009-03-04,Manchester City,Aston Villa,2.5,3.3,2.87,,,,2.7,3.35,3.0,2.49,3.24,2.81
2008,2009-03-04,Newcastle United,Manchester United,7.5,4.0,1.5,,,,8.8,4.3,1.55,7.54,3.88,1.48
2008,2009-03-04,Stoke City,Bolton Wanderers,2.5,3.25,2.9,,,,2.63,3.31,3.05,2.49,3.21,2.82
2008,2009-03-04,Tottenham Hotspur,Middlesbrough,1.83,3.5,4.5,,,,1.86,3.56,5.03,1.78,3.41,4.67
2008,2009-03-04,Wigan Athletic,West Ham United,2.2,3.3,3.4,,,,2.3,3.33,3.69,2.19,3.23,3.32
2008,2009-03-07,Sunderland,Tottenham Hotspur,2.87,3.3,2.5,,,,3.13,3.4,2.6,2.8,3.24,2.47
2008,2009-03-11,Fulham,Blackburn Rovers,2.25,3.2,3.4,,,,2.3,3.4,3.6,2.2,3.22,3.26
2008,2009-03-14,Arsenal,Blackburn Rovers,1.44,4.33,8.0,,,,1.5,4.33,9.6,1.44,3.96,8.0
2008,2009-03-14,Bolton Wanderers,Fulham,2.1,3.25,3.75,,,,2.2,3.3,4.05,2.09,3.22,3.53
2008,2009-03-14,Everton,Stoke City,1.5,4.0,7.5,,,,1.52,4.13,8.55,1.48,3.82,7.5
2008,2009-03-14,Hull City,Newcastle United,2.62,3.25,2.75,,,,2.77,3.3,2.85,2.54,3.2,2.72
2008,2009-03-14,Manchester United,Liverpool,1.91,3.3,4.5,,,,2.0,3.35,4.87,1.89,3.26,4.25
2008,2009-03-14,Middlesbrough,Portsmouth,2.2,3.2,3.5,,,,2.25,3.3,3.7,2.16,3.22,3.33
2008,2009-03-14,Sunderland,Wigan Athletic,2.2,3.2,3.5,,,,2.29,3.25,3.62,2.18,3.2,3.31
2008,2009-03-15,Aston Villa,Tottenham Hotspur,2.0,3.3,4.0,,,,2.1,3.5,4.03,2.01,3.28,3.68
2008,2009-03-15,Chelsea,Manchester City,1.4,4.5,9.0,,,,1.45,4.5,10.46,1.42,4.05,8.32
2008,2009-03-16,West Ham United,West Bromwich Albion,1.67,3.6,5.75,,,,1.73,3.75,6.0,1.67,3.51,5.22
2008,2009-03-21,Blackburn Rovers,West Ham United,1.9,3.4,4.33,,,,2.05,3.42,4.44,1.96,3.3,3.88
2008,2009-03-21,Fulham,Manchester United,8.0,4.2,1.44,,,,10.0,4.37,1.5,7.83,3.96,1.44
2008,2009-03-21,Newcastle United,Arsenal,5.0,3.6,1.72,,,,5.85,3.78,1.75,5.06,3.49,1.7
2008,2009-03-21,Portsmouth,Everton,2.75,3.2,2.62,,,,2.9,3.3,2.7,2.72,3.2,2.54
2008,2009-03-21,Stoke City,Middlesbrough,2.25,3.3,3.3,,,,2.38,3.39,3.35,2.28,3.23,3.09
2008,2009-03-21,Tottenham Hotspur,Chelsea,4.5,3.5,1.83,,,,4.66,3.52,1.95,4.13,3.35,1.88
2008,2009-03-21,West Bromwich Albion,Bolton Wanderers,2.4,3.3,3.0,,,,2.5,3.4,3.18,2.39,3.24,2.9
2008,2009-03-22,Liverpool,Aston Villa,1.44,4.2,8.0,,,,1.5,4.23,8.8,1.47,3.87,7.47
2008,2009-03-22,Manchester City,Sunderland,1.66,3.6,5.5,,,,1.73,3.75,6.32,1.62,3.55,5.72
2008,2009-03-22,Wigan Athletic,Hull City,1.72,3.6,5.0,,,,1.8,3.6,5.6,1.74,3.41,4.88
2008,2009-04-04,Arsenal,Manchester City,1.53,3.75,7.5,,,,1.57,4.04,8.27,1.52,3.7,6.84
2008,2009-04-04,Blackburn Rovers,Tottenham Hotspur,2.62,3.25,2.75,,,,2.75,3.3,2.93,2.55,3.22,2.7
2008,2009-04-04,Bolton Wanderers,Middlesbrough,2.1,3.3,3.6,,,,2.14,3.4,4.02,2.06,3.25,3.62
2008,2009-04-04,Fulham,Liverpool,6.0,3.75,1.61,,,,6.6,3.91,1.67,5.73,3.57,1.62
2008,2009-04-04,Hull City,Portsmouth,2.62,3.25,2.75,,,,2.74,3.3,2.89,2.56,3.21,2.7
2008,2009-04-04,Newcastle United,Chelsea,5.0,3.6,1.72,,,,5.75,3.75,1.76,5.22,3.55,1.67
2008,2009-04-04,West Bromwich Albion,Stoke City,2.2,3.25,3.4,,,,2.25,3.3,3.87,2.15,3.22,3.37
2008,2009-04-04,West Ham United,Sunderland,2.1,3.2,3.75,,,,2.2,3.4,3.87,2.07,3.24,3.57
2008,2009-04-05,Everton,Wigan Athletic,1.72,3.4,5.5,,,,1.81,3.55,5.52,1.73,3.43,4.91
2008,2009-04-05,Manchester United,Aston Villa,1.4,4.33,9.0,,,,1.45,4.5,10.48,1.4,4.2,8.53
2008,2009-04-11,Chelsea,Bolton Wanderers,1.25,5.5,15.0,,,,1.3,5.82,16.2,1.27,5.15,11.96
2008,2009-04-11,Liverpool,Blackburn Rovers,1.33,4.75,11.0,,,,1.37,5.2,12.36,1.33,4.68,10.05
2008,2009-04-11,Middlesbrough,Hull City,2.1,3.3,3.75,,,,2.15,3.4,3.85,2.07,3.28,3.58
2008,2009-04-11,Portsmouth,West Bromwich Albion,1.73,3.5,5.5,,,,1.74,3.78,5.88,1.69,3.49,5.25
2008,2009-04-11,Stoke City,Newcastle United,2.5,3.25,2.88,,,,2.65,3.3,3.01,2.43,3.2,2.87
2008,2009-04-11,Sunderland,Manchester United,7.5,4.0,1.5,,,,8.5,4.26,1.51,7.47,3.98,1.47
2008,2009-04-11,Tottenham Hotspur,West Ham United,1.73,3.5,5.5,,,,1.75,3.71,5.9,1.72,3.44,5.09
2008,2009-04-11,Wigan Athletic,Arsenal,5.25,3.5,1.73,,,,5.5,3.6,1.84,4.99,3.42,1.74
2008,2009-04-12,Aston Villa,Everton,2.2,3.25,3.5,,,,2.28,3.3,3.65,2.16,3.23,3.34
2008,2009-04-12,Manchester City,Fulham,1.91,3.4,4.33,,,,1.99,3.5,4.6,1.88,3.32,4.24
2008,2009-04-18,Aston Villa,West Ham United,1.67,3.6,5.5,,,,1.72,3.84,6.52,1.66,3.53,5.45
2008,2009-04-18,Middlesbrough,Fulham,2.25,3.25,3.3,,,,2.25,3.4,3.71,2.19,3.24,3.29
2008,2009-04-18,Portsmouth,Bolton Wanderers,2.1,3.3,3.6,,,,2.1,3.45,4.08,2.04,3.25,3.65
2008,2009-04-18,Stoke City,Blackburn Rovers,2.4,3.25,3.0,,,,2.45,3.3,3.3,2.35,3.21,2.99
2008,2009-04-18,Sunderland,Hull City,1.91,3.4,4.2,,,,1.93,3.52,4.6,1.87,3.34,4.23
2008,2009-04-19,Manchester City,West Bromwich Albion,1.57,3.8,6.5,,,,1.7,3.75,6.5,1.61,3.59,5.7
2008,2009-04-19,Tottenham Hotspur,Newcastle United,1.67,3.6,5.5,,,,1.7,3.92,6.0,1.66,3.53,5.36
2008,2009-04-21,Liverpool,Arsenal,1.72,3.6,5.0,,,,1.8,3.72,5.6,1.74,3.46,4.87
2008,2009-04-22,Chelsea,Everton,1.44,4.2,8.5,,,,1.48,4.36,9.0,1.45,3.94,7.95
2008,2009-04-22,Manchester United,Portsmouth,1.25,5.5,13.0,,,,1.27,6.0,16.56,1.24,5.39,12.86
2008,2009-04-25,Bolton Wanderers,Aston Villa,3.1,3.3,2.37,,,,3.25,3.4,2.5,2.89,3.24,2.41
2008,2009-04-25,Everton,Manchester City,1.83,3.5,4.5,,,,1.91,3.65,4.94,1.82,3.4,4.38
2008,2009-04-25,Fulham,Stoke City,1.75,3.5,5.0,,,,1.8,3.65,5.4,1.74,3.45,4.8
2008,2009-04-25,Hull City,Liverpool,10.0,4.5,1.36,,,,11.0,4.93,1.42,8.78,4.32,1.38
2008,2009-04-25,Manchester United,Tottenham Hotspur,1.44,4.0,9.0,,,,1.49,4.34,8.54,1.42,4.16,7.78
2008,2009-04-25,West Bromwich Albion,Sunderland,2.5,3.3,2.87,,,,2.62,3.35,3.0,2.44,3.24,2.83
2008,2009-04-25,West Ham United,Chelsea,4.75,3.3,1.85,,,,5.75,3.5,1.92,4.71,3.36,1.78
2008,2009-04-26,Arsenal,Middlesbrough,1.5,4.2,7.5,,,,1.53,4.33,8.39,1.46,4.02,7.35
2008,2009-04-26,Blackburn Rovers,Wigan Athletic,1.9,3.4,4.2,,,,2.02,3.45,4.37,1.92,3.32,3.97
2008,2009-04-27,Newcastle United,Portsmouth,2.0,3.5,3.75,,,,2.1,3.75,4.0,1.96,3.38,3.76
2008,2009-05-02,Chelsea,Fulham,1.53,3.8,7.0,,,,1.59,4.0,8.0,1.49,3.82,7.06
2008,2009-05-02,Manchester City,Blackburn Rovers,2.0,3.3,4.0,,,,2.02,3.5,4.25,1.93,3.33,3.94
2008,2009-05-02,Middlesbrough,Manchester United,6.5,3.8,1.57,,,,7.3,4.2,1.61,6.48,3.82,1.52
2008,2009-05-02,Portsmouth,Arsenal,3.2,3.3,2.3,,,,3.5,3.32,2.42,3.29,3.22,2.19
2008,2009-05-02,Stoke City,West Ham United,2.37,3.25,3.1,,,,2.4,3.34,3.32,2.33,3.22,3.01
2008,2009-05-02,Tottenham Hotspur,West Bromwich Albion,1.5,4.0,7.0,,,,1.52,4.53,8.56,1.47,3.98,7.11
2008,2009-05-02,Wigan Athletic,Bolton Wanderers,2.1,3.25,3.75,,,,2.2,3.37,4.04,2.1,3.24,3.49
2008,2009-05-03,Liverpool,Newcastle United,1.25,5.5,13.0,,,,1.3,6.08,15.0,1.26,5.17,11.71
2008,2009-05-03,Sunderland,Everton,2.5,3.25,2.9,,,,2.63,3.3,3.02,2.48,3.21,2.82
2008,2009-05-04,Aston Villa,Hull City,1.53,3.8,7.0,,,,1.57,4.04,8.27,1.53,3.74,6.66
2008,2009-05-09,Blackburn Rovers,Portsmouth,2.0,3.25,4.0,,,,2.1,3.4,4.25,1.97,3.23,3.9
2008,2009-05-09,Bolton Wanderers,Sunderland,2.2,3.25,3.5,,,,2.25,3.4,3.8,2.15,3.23,3.37
2008,2009-05-09,Everton,Tottenham Hotspur,2.3,3.3,3.2,,,,2.33,3.4,3.35,2.23,3.24,3.16
2008,2009-05-09,Fulham,Aston Villa,2.62,3.25,2.75,,,,2.73,3.3,2.9,2.58,3.2,2.67
2008,2009-05-09,Hull City,Stoke City,2.1,3.3,3.6,,,,2.2,3.4,3.9,2.09,3.25,3.5
2008,2009-05-09,West Bromwich Albion,Wigan Athletic,2.4,3.4,2.9,,,,2.5,3.4,3.0,2.41,3.27,2.84
2008,2009-05-09,West Ham United,Liverpool,6.5,3.8,1.57,,,,6.95,4.0,1.57,6.29,3.7,1.55
2008,2009-05-10,Arsenal,Chelsea,2.6,3.25,2.8,,,,2.65,3.32,2.94,2.53,3.18,2.76
2008,2009-05-10,Manchester United,Manchester City,1.36,4.75,9.5,,,,1.4,5.16,10.52,1.36,4.53,8.71
2008,2009-05-11,Newcastle United,Middlesbrough,2.0,3.4,3.8,,,,2.1,3.6,4.0,2.01,3.33,3.64
2008,2009-05-13,Wigan Athletic,Manchester United,12.0,5.0,1.3,,,,12.0,5.76,1.34,10.02,4.85,1.31
2008,2009-05-16,Bolton Wanderers,Hull City,2.2,3.3,3.4,,,,2.25,3.43,3.64,2.21,3.29,3.19
2008,2009-05-16,Everton,West Ham United,1.73,3.6,5.0,,,,1.8,3.61,5.5,1.74,3.46,4.82
2008,2009-05-16,Manchester United,Arsenal,1.67,3.5,6.0,,,,1.75,3.75,6.5,1.65,3.47,5.65
2008,2009-05-16,Middlesbrough,Aston Villa,2.5,3.4,2.75,,,,2.67,3.4,2.9,2.53,3.29,2.68
2008,2009-05-16,Newcastle United,Fulham,1.91,3.5,4.0,,,,1.97,3.65,4.26,1.9,3.44,3.93
2008,2009-05-16,Stoke City,Wigan Athletic,2.2,3.25,3.4,,,,2.28,3.4,3.6,2.18,3.25,3.28
2008,2009-05-16,Tottenham Hotspur,Manchester City,1.83,3.5,4.5,,,,1.91,3.76,4.66,1.86,3.43,4.16
2008,2009-05-17,Chelsea,Blackburn Rovers,1.3,5.0,11.0,,,,1.35,5.3,13.95,1.3,4.91,10.33
2008,2009-05-17,West Bromwich Albion,Liverpool,7.0,5.0,1.4,,,,10.0,5.14,1.42,7.81,4.71,1.37
2008,2009-05-18,Portsmouth,Sunderland,2.1,3.2,3.75,,,,2.26,3.32,3.75,2.13,3.21,3.43
2008,2009-05-24,Arsenal,Stoke City,1.33,5.0,10.0,,,,1.37,5.69,11.0,1.32,4.78,9.28
2008,2009-05-24,Aston Villa,Newcastle United,2.3,3.4,3.1,,,,2.45,3.57,3.21,2.32,3.39,2.88
2008,2009-05-24,Blackburn Rovers,West Bromwich Albion,1.83,3.5,4.5,,,,1.87,3.64,4.92,1.8,3.42,4.47
2008,2009-05-24,Fulham,Everton,2.1,3.3,3.6,,,,2.2,3.49,3.7,2.11,3.27,3.39
2008,2009-05-24,Hull City,Manchester United,3.0,3.5,2.3,,,,3.1,3.67,2.46,2.9,3.44,2.29
2008,2009-05-24,Liverpool,Tottenham Hotspur,1.53,4.0,6.5,,,,1.6,4.2,6.7,1.53,3.84,6.22
2008,2009-05-24,Manchester City,Bolton Wanderers,1.73,3.6,5.0,,,,1.8,3.8,5.55,1.74,3.48,4.8
2008,2009-05-24,Sunderland,Chelsea,4.0,3.6,1.91,,,,4.4,3.65,2.05,3.88,3.46,1.9
2008,2009-05-24,West Ham United,Middlesbrough,2.25,3.4,3.2,,,,2.4,3.56,3.4,2.23,3.4,3.02
2008,2009-05-24,Wigan Athletic,Portsmouth,2.1,3.4,3.5,,,,2.25,3.4,3.69,2.12,3.29,3.35
2009,2009-08-15,Aston Villa,Wigan Athletic,1.67,3.6,5.5,,,,1.72,3.77,6.05,1.66,3.51,5.33
2009,2009-08-15,Blackburn Rovers,Manchester City,3.6,3.25,2.1,,,,3.78,3.35,2.25,3.37,3.24,2.12
2009,2009-08-15,Bolton Wanderers,Sunderland,2.25,3.25,3.25,,,,2.37,3.31,3.4,2.24,3.2,3.15
2009,2009-08-15,Chelsea,Hull City,1.17,6.5,21.0,,,,1.2,7.71,23.14,1.17,6.26,16.39
2009,2009-08-15,Everton,Arsenal,3.2,3.25,2.3,,,,3.34,3.34,2.42,3.07,3.21,2.28
2009,2009-08-15,Portsmouth,Fulham,2.63,3.2,2.75,,,,2.81,3.25,2.9,2.53,3.18,2.73
2009,2009-08-15,Stoke City,Burnley,1.91,3.3,4.33,,,,2.0,3.47,4.36,1.91,3.29,4.02
2009,2009-08-15,Wolverhampton Wanderers,West Ham United,2.63,3.3,2.7,,,,2.78,3.3,2.87,2.57,3.19,2.68
2009,2009-08-16,Manchester United,Birmingham City,1.2,6.0,17.0,,,,1.23,6.62,21.0,1.19,5.91,14.99
2009,2009-08-16,Tottenham Hotspur,Liverpool,3.2,3.25,2.3,,,,3.31,3.4,2.39,3.13,3.22,2.23
2009,2009-08-18,Sunderland,Chelsea,6.5,4.0,1.53,,,,7.95,4.19,1.57,6.88,3.8,1.51
2009,2009-08-18,Wigan Athletic,Wolverhampton Wanderers,1.73,3.6,5.25,,,,1.75,3.82,6.06,1.69,3.51,5.2
2009,2009-08-19,Birmingham City,Portsmouth,2.0,3.3,4.0,,,,2.1,3.43,4.16,2.04,3.27,3.64
2009,2009-08-19,Burnley,Manchester United,9.5,5.0,1.33,,,,12.0,5.12,1.37,9.79,4.78,1.32
2009,2009-08-19,Hull City,Tottenham Hotspur,3.75,3.5,2.0,,,,4.24,3.6,2.0,3.8,3.35,1.96
2009,2009-08-19,Liverpool,Stoke City,1.25,5.5,13.0,,,,1.3,6.0,17.3,1.25,5.25,12.84
2009,2009-08-22,Arsenal,Portsmouth,1.17,7.0,19.0,,,,1.2,7.5,24.5,1.18,6.41,15.98
2009,2009-08-22,Birmingham City,Stoke City,2.3,3.2,3.25,,,,2.38,3.32,3.66,2.23,3.21,3.24
2009,2009-08-22,Hull City,Bolton Wanderers,2.6,3.25,2.8,,,,2.68,3.4,3.0,2.46,3.22,2.84
2009,2009-08-22,Manchester City,Wolverhampton Wanderers,1.33,4.5,12.0,,,,1.37,5.5,12.17,1.32,4.73,10.25
2009,2009-08-22,Sunderland,Blackburn Rovers,2.1,3.25,3.75,,,,2.16,3.4,3.86,2.07,3.22,3.6
2009,2009-08-22,Wigan Athletic,Manchester United,6.5,4.0,1.53,,,,7.1,4.08,1.6,6.48,3.83,1.53
2009,2009-08-23,Burnley,Everton,3.4,3.3,2.2,,,,3.63,3.37,2.25,3.34,3.25,2.17
2009,2009-08-23,Fulham,Chelsea,6.5,3.8,1.57,,,,7.12,4.02,1.62,6.35,3.7,1.56
2009,2009-08-23,West Ham United,Tottenham Hotspur,3.1,3.25,2.38,,,,3.37,3.44,2.45,3.03,3.27,2.31
2009,2009-08-24,Liverpool,Aston Villa,1.44,4.2,8.0,,,,1.46,4.7,9.6,1.43,4.09,7.87
2009,2009-08-29,Blackburn Rovers,West Ham United,2.2,3.3,3.5,,,,2.3,3.4,3.72,2.18,3.23,3.31
2009,2009-08-29,Bolton Wanderers,Liverpool,7.0,4.0,1.53,,,,7.1,4.25,1.58,6.29,3.79,1.55
2009,2009-08-29,Chelsea,Burnley,1.14,8.0,21.0,,,,1.17,9.3,24.0,1.14,7.28,17.87
2009,2009-08-29,Manchester United,Arsenal,2.2,3.3,3.5,,,,2.28,3.43,3.6,2.13,3.26,3.4
2009,2009-08-29,Stoke City,Sunderland,2.38,3.25,3.2,,,,2.48,3.3,3.24,2.34,3.21,3.01
2009,2009-08-29,Tottenham Hotspur,Birmingham City,1.36,4.75,9.0,,,,1.4,5.1,11.02,1.36,4.47,9.08
2009,2009-08-29,Wolverhampton Wanderers,Hull City,2.1,3.3,3.6,,,,2.17,3.48,3.76,2.09,3.26,3.48
2009,2009-08-30,Aston Villa,Fulham,1.73,3.6,5.25,,,,1.8,3.71,5.54,1.73,3.47,4.91
2009,2009-08-30,Everton,Wigan Athletic,1.73,3.6,5.25,,,,1.8,3.75,5.45,1.73,3.49,4.87
2009,2009-08-30,Portsmouth,Manchester City,6.5,3.8,1.57,,,,6.84,4.01,1.65,5.99,3.67,1.58
2009,2009-09-12,Blackburn Rovers,Wolverhampton Wanderers,1.83,3.5,4.5,,,,1.88,3.61,5.1,1.84,3.4,4.41
2009,2009-09-12,Liverpool,Burnley,1.2,6.5,15.0,,,,1.21,7.3,23.0,1.19,6.31,15.25
2009,2009-09-12,Manchester City,Arsenal,2.88,3.25,2.5,,,,3.05,3.41,2.61,2.83,3.25,2.47
2009,2009-09-12,Portsmouth,Bolton Wanderers,2.6,3.2,2.8,,,,2.64,3.3,3.02,2.51,3.2,2.82
2009,2009-09-12,Stoke City,Chelsea,9.0,4.5,1.4,,,,9.9,4.84,1.42,8.52,4.33,1.39
2009,2009-09-12,Sunderland,Hull City,1.75,3.5,5.0,,,,1.85,3.68,5.5,1.76,3.46,4.81
2009,2009-09-12,Tottenham Hotspur,Manchester United,3.1,3.4,2.3,,,,3.35,3.61,2.33,3.14,3.32,2.24
2009,2009-09-12,Wigan Athletic,West Ham United,2.3,3.25,3.25,,,,2.44,3.4,3.34,2.27,3.25,3.14
2009,2009-09-13,Birmingham City,Aston Villa,3.4,3.25,2.25,,,,3.69,3.4,2.3,3.28,3.25,2.2
2009,2009-09-13,Fulham,Everton,2.6,3.2,2.8,,,,2.74,3.3,3.1,2.53,3.2,2.78
2009,2009-09-19,Arsenal,Wigan Athletic,1.25,5.5,13.0,,,,1.29,6.0,16.43,1.24,5.47,12.96
2009,2009-09-19,Aston Villa,Portsmouth,1.4,4.2,10.0,,,,1.44,4.5,11.38,1.4,4.13,9.09
2009,2009-09-19,Bolton Wanderers,Stoke City,2.1,3.25,3.75,,,,2.17,3.32,3.96,2.09,3.24,3.55
2009,2009-09-19,Burnley,Sunderland,2.88,3.25,2.5,,,,2.99,3.3,3.1,2.76,3.22,2.53
2009,2009-09-19,Hull City,Birmingham City,2.4,3.25,3.0,,,,2.53,3.3,3.25,2.35,3.22,3.01
2009,2009-09-19,West Ham United,Liverpool,6.5,4.0,1.53,,,,6.76,4.16,1.59,6.32,3.8,1.54
2009,2009-09-20,Chelsea,Tottenham Hotspur,1.5,4.0,7.0,,,,1.53,4.31,8.16,1.49,3.93,7.04
2009,2009-09-20,Everton,Blackburn Rovers,1.8,3.3,5.0,,,,1.84,3.5,5.37,1.77,3.4,4.75
2009,2009-09-20,Manchester United,Manchester City,1.57,4.0,6.0,,,,1.62,4.3,6.55,1.59,3.82,5.59
2009,2009-09-20,Wolverhampton Wanderers,Fulham,2.5,3.25,2.88,,,,2.7,3.45,2.96,2.51,3.21,2.79
2009,2009-09-26,Birmingham City,Bolton Wanderers,2.2,3.25,3.4,,,,2.32,3.45,3.5,2.2,3.23,3.28
2009,2009-09-26,Blackburn Rovers,Aston Villa,3.1,3.25,2.38,,,,3.24,3.5,2.45,3.0,3.25,2.34
2009,2009-09-26,Fulham,Arsenal,6.5,4.0,1.53,,,,7.27,4.07,1.6,6.32,3.74,1.55
2009,2009-09-26,Liverpool,Hull City,1.14,7.5,23.0,,,,1.17,8.2,29.0,1.15,7.0,18.44
2009,2009-09-26,Portsmouth,Everton,4.2,3.4,1.91,,,,4.33,3.64,2.0,3.95,3.38,1.92
2009,2009-09-26,Stoke City,Manchester United,8.5,4.5,1.4,,,,10.0,4.81,1.42,8.63,4.39,1.37
2009,2009-09-26,Tottenham Hotspur,Burnley,1.33,5.0,10.0,,,,1.36,5.51,11.75,1.33,4.8,9.36
2009,2009-09-26,Wigan Athletic,Chelsea,10.0,5.0,1.33,,,,13.0,5.43,1.35,10.26,4.76,1.31
2009,2009-09-27,Sunderland,Wolverhampton Wanderers,1.73,3.6,5.0,,,,1.76,3.91,5.45,1.72,3.5,4.95
2009,2009-09-28,Manchester City,West Ham United,1.44,4.33,7.5,,,,1.47,4.62,8.5,1.42,4.18,7.73
2009,2009-10-03,Bolton Wanderers,Tottenham Hotspur,3.8,3.6,1.95,,,,4.2,3.68,2.04,3.88,3.44,1.93
2009,2009-10-03,Burnley,Birmingham City,2.3,3.25,3.2,,,,2.34,3.35,3.5,2.26,3.24,3.19
2009,2009-10-03,Hull City,Wigan Athletic,2.88,3.3,2.5,,,,3.0,3.45,2.57,2.79,3.27,2.49
2009,2009-10-03,Manchester United,Sunderland,1.2,6.5,15.0,,,,1.21,7.0,17.0,1.2,6.18,14.34
2009,2009-10-03,Wolverhampton Wanderers,Portsmouth,2.0,3.4,3.8,,,,2.15,3.46,4.0,2.07,3.33,3.52
2009,2009-10-04,Arsenal,Blackburn Rovers,1.2,6.5,15.0,,,,1.25,6.9,16.8,1.22,5.88,13.2
2009,2009-10-04,Chelsea,Liverpool,2.1,3.3,3.6,,,,2.2,3.44,3.89,2.11,3.25,3.51
2009,2009-10-04,Everton,Stoke City,1.57,4.0,6.0,,,,1.6,4.14,7.0,1.55,3.78,6.32
2009,2009-10-04,West Ham United,Fulham,2.2,3.25,3.4,,,,2.25,3.35,3.8,2.16,3.24,3.42
2009,2009-10-05,Aston Villa,Manchester City,2.75,3.25,2.63,,,,2.82,3.43,2.73,2.65,3.27,2.6
2009,2009-10-17,Arsenal,Birmingham City,1.17,7.0,19.0,,,,1.18,8.3,23.72,1.16,6.8,17.2
2009,2009-10-17,Aston Villa,Chelsea,4.5,3.6,1.8,,,,5.07,3.78,1.85,4.46,3.47,1.8
2009,2009-10-17,Everton,Wolverhampton Wanderers,1.44,4.2,6.5,,,,1.5,4.46,8.25,1.44,4.11,7.58
2009,2009-10-17,Manchester United,Bolton Wanderers,1.2,5.5,13.0,,,,1.27,6.2,17.72,1.22,5.68,13.62
2009,2009-10-17,Portsmouth,Tottenham Hotspur,4.5,3.5,1.83,,,,4.9,3.65,1.91,4.47,3.45,1.81
2009,2009-10-17,Stoke City,West Ham United,2.1,3.3,3.6,,,,2.2,3.41,3.91,2.11,3.25,3.5
2009,2009-10-17,Sunderland,Liverpool,4.2,3.4,1.91,,,,4.45,3.45,2.14,3.85,3.32,1.98
2009,2009-10-18,Blackburn Rovers,Burnley,1.73,3.6,5.0,,,,1.8,3.69,5.53,1.74,3.49,4.86
2009,2009-10-18,Wigan Athletic,Manchester City,5.0,3.6,1.73,,,,5.5,3.75,1.84,4.88,3.54,1.72
2009,2009-10-19,Fulham,Hull City,1.67,3.6,5.5,,,,1.72,3.75,5.97,1.67,3.56,5.31
2009,2009-10-24,Birmingham City,Sunderland,2.9,3.25,2.5,,,,2.96,3.35,2.63,2.77,3.24,2.51
2009,2009-10-24,Burnley,Wigan Athletic,2.5,3.3,2.88,,,,2.58,3.38,3.02,2.43,3.24,2.88
2009,2009-10-24,Chelsea,Blackburn Rovers,1.2,6.5,15.0,,,,1.2,6.82,25.0,1.19,6.12,15.98
2009,2009-10-24,Hull City,Portsmouth,2.6,3.2,2.8,,,,2.67,3.4,2.9,2.5,3.23,2.8
2009,2009-10-24,Tottenham Hotspur,Stoke City,1.44,4.33,7.5,,,,1.46,4.56,8.8,1.43,4.16,7.67
2009,2009-10-24,Wolverhampton Wanderers,Aston Villa,3.5,3.2,2.2,,,,3.6,3.46,2.25,3.42,3.29,2.12
2009,2009-10-25,Bolton Wanderers,Everton,2.63,3.25,2.75,,,,2.75,3.34,2.89,2.61,3.23,2.66
2009,2009-10-25,Liverpool,Manchester United,3.0,3.25,2.4,,,,3.02,3.3,2.7,2.86,3.22,2.47
2009,2009-10-25,Manchester City,Fulham,1.44,4.2,8.0,,,,1.51,4.5,8.51,1.45,4.05,7.63
2009,2009-10-25,West Ham United,Arsenal,7.0,4.2,1.5,,,,7.97,4.33,1.55,6.99,3.96,1.49
2009,2009-10-31,Arsenal,Tottenham Hotspur,1.57,4.0,6.0,,,,1.62,4.4,6.25,1.57,3.84,5.84
2009,2009-10-31,Bolton Wanderers,Chelsea,9.0,4.33,1.4,,,,9.54,4.62,1.47,7.9,4.15,1.43
2009,2009-10-31,Burnley,Hull City,1.91,3.4,4.2,,,,2.0,3.5,4.68,1.92,3.32,4.06
2009,2009-10-31,Everton,Aston Villa,2.5,3.25,2.88,,,,2.67,3.4,2.95,2.49,3.24,2.79
2009,2009-10-31,Fulham,Liverpool,4.2,3.4,1.91,,,,4.4,3.5,2.01,4.12,3.37,1.88
2009,2009-10-31,Manchester United,Blackburn Rovers,1.17,7.0,19.0,,,,1.2,7.58,23.0,1.17,6.57,16.81
2009,2009-10-31,Portsmouth,Wigan Athletic,2.38,3.3,3.0,,,,2.5,3.4,3.21,2.37,3.27,2.93
2009,2009-10-31,Stoke City,Wolverhampton Wanderers,1.91,3.4,4.2,,,,1.95,3.6,4.43,1.9,3.36,4.06
2009,2009-10-31,Sunderland,West Ham United,2.0,3.3,4.0,,,,2.09,3.41,4.2,1.95,3.33,3.91
2009,2009-11-01,Birmingham City,Manchester City,4.33,3.6,1.83,,,,4.6,3.76,1.91,4.28,3.44,1.83
2009,2009-11-04,West Ham United,Aston Villa,2.75,3.3,2.63,,,,2.88,3.4,2.73,2.74,3.24,2.52
2009,2009-11-07,Aston Villa,Bolton Wanderers,1.8,3.5,4.75,,,,1.87,3.63,5.0,1.77,3.46,4.65
2009,2009-11-07,Blackburn Rovers,Portsmouth,2.1,3.4,3.6,,,,2.2,3.47,3.75,2.09,3.28,3.49
2009,2009-11-07,Manchester City,Burnley,1.33,4.75,11.0,,,,1.36,5.2,12.0,1.32,4.7,9.95
2009,2009-11-07,Tottenham Hotspur,Sunderland,1.57,3.75,6.5,,,,1.59,4.18,7.0,1.55,3.77,6.31
2009,2009-11-07,Wolverhampton Wanderers,Arsenal,9.0,4.75,1.36,,,,9.63,5.16,1.4,8.34,4.45,1.38
2009,2009-11-08,Chelsea,Manchester United,2.0,3.25,4.0,,,,2.15,3.42,4.26,2.01,3.26,3.77
2009,2009-11-08,Hull City,Stoke City,2.75,3.3,2.6,,,,3.01,3.37,2.65,2.73,3.22,2.54
2009,2009-11-08,West Ham United,Everton,2.4,3.3,3.0,,,,2.56,3.35,3.06,2.44,3.23,2.84
2009,2009-11-08,Wigan Athletic,Fulham,2.25,3.2,3.4,,,,2.4,3.34,3.53,2.27,3.22,3.13
2009,2009-11-09,Liverpool,Birmingham City,1.36,4.5,10.0,,,,1.41,5.0,11.0,1.33,4.61,9.89
2009,2009-11-21,Birmingham City,Fulham,2.5,3.2,2.9,,,,2.6,3.3,3.14,2.46,3.22,2.87
2009,2009-11-21,Burnley,Aston Villa,3.4,3.3,2.2,,,,3.6,3.49,2.25,3.3,3.3,2.17
2009,2009-11-21,Chelsea,Wolverhampton Wanderers,1.17,7.0,19.0,,,,1.18,7.95,26.0,1.16,6.7,18.22
2009,2009-11-21,Hull City,West Ham United,2.88,3.25,2.5,,,,3.0,3.34,2.6,2.82,3.24,2.48
2009,2009-11-21,Liverpool,Manchester City,1.91,3.4,4.2,,,,2.0,3.56,4.5,1.92,3.34,4.06
2009,2009-11-21,Manchester United,Everton,1.4,4.5,9.0,,,,1.45,4.66,10.29,1.39,4.37,8.56
2009,2009-11-21,Sunderland,Arsenal,6.0,3.75,1.62,,,,6.2,3.8,1.71,5.69,3.65,1.62
2009,2009-11-22,Bolton Wanderers,Blackburn Rovers,2.25,3.2,3.4,,,,2.32,3.38,3.53,2.2,3.25,3.3
2009,2009-11-22,Stoke City,Portsmouth,2.1,3.4,3.5,,,,2.17,3.46,3.75,2.1,3.29,3.48
2009,2009-11-22,Tottenham Hotspur,Wigan Athletic,1.44,4.33,8.0,,,,1.5,4.45,8.09,1.46,4.05,7.48
2009,2009-11-25,Fulham,Blackburn Rovers,2.1,3.3,3.6,,,,2.16,3.4,3.85,2.07,3.29,3.54
2009,2009-11-25,Hull City,Everton,3.5,3.3,2.15,,,,3.8,3.46,2.2,3.4,3.29,2.11
2009,2009-11-28,Aston Villa,Tottenham Hotspur,2.5,3.25,2.88,,,,2.55,3.45,3.06,2.42,3.28,2.86
2009,2009-11-28,Blackburn Rovers,Stoke City,1.91,3.4,4.2,,,,1.95,3.53,4.61,1.9,3.35,4.13
2009,2009-11-28,Fulham,Bolton Wanderers,1.91,3.5,4.2,,,,2.0,3.6,4.62,1.88,3.37,4.18
2009,2009-11-28,Manchester City,Hull City,1.29,5.5,11.0,,,,1.3,6.13,13.15,1.27,5.38,11.08
2009,2009-11-28,Portsmouth,Manchester United,10.0,4.5,1.36,,,,10.35,5.08,1.4,8.86,4.55,1.36
2009,2009-11-28,West Ham United,Burnley,1.8,3.6,4.5,,,,1.85,3.75,4.88,1.8,3.49,4.42
2009,2009-11-28,Wigan Athletic,Sunderland,2.4,3.4,2.9,,,,2.55,3.4,3.15,2.45,3.26,2.84
2009,2009-11-29,Arsenal,Chelsea,2.7,3.2,2.7,,,,2.82,3.34,2.8,2.63,3.22,2.67
2009,2009-11-29,Everton,Liverpool,3.5,3.4,2.1,,,,3.78,3.43,2.25,3.35,3.28,2.15
2009,2009-11-29,Wolverhampton Wanderers,Birmingham City,2.4,3.2,3.1,,,,2.46,3.3,3.35,2.37,3.19,3.01
2009,2009-12-05,Arsenal,Stoke City,1.29,5.0,13.0,,,,1.3,5.9,14.55,1.28,5.12,11.73
2009,2009-12-05,Aston Villa,Hull City,1.44,4.33,7.5,,,,1.5,4.58,8.55,1.45,4.18,7.39
2009,2009-12-05,Blackburn Rovers,Liverpool,5.25,3.8,1.67,,,,5.25,3.75,1.83,4.82,3.52,1.74
2009,2009-12-05,Manchester City,Chelsea,4.2,3.4,1.91,,,,4.5,3.71,1.93,4.16,3.45,1.87
2009,2009-12-05,Portsmouth,Burnley,1.91,3.4,4.2,,,,1.92,3.67,4.69,1.85,3.43,4.3
2009,2009-12-05,West Ham United,Manchester United,8.0,4.2,1.44,,,,8.6,4.48,1.51,7.49,4.06,1.46
2009,2009-12-05,Wigan Athletic,Birmingham City,2.1,3.3,3.6,,,,2.13,3.4,4.0,2.07,3.26,3.6
2009,2009-12-05,Wolverhampton Wanderers,Bolton Wanderers,2.38,3.25,3.1,,,,2.45,3.38,3.26,2.36,3.24,3.0
2009,2009-12-06,Everton,Tottenham Hotspur,2.88,3.25,2.5,,,,3.1,3.4,2.55,2.83,3.27,2.45
2009,2009-12-06,Fulham,Sunderland,2.1,3.3,3.6,,,,2.2,3.42,3.78,2.13,3.26,3.44
2009,2009-12-12,Birmingham City,West Ham United,2.1,3.3,3.6,,,,2.2,3.41,3.8,2.1,3.28,3.48
2009,2009-12-12,Bolton Wanderers,Manchester City,4.5,3.6,1.8,,,,4.9,3.78,1.85,4.43,3.51,1.8
2009,2009-12-12,Burnley,Fulham,2.63,3.25,2.75,,,,2.77,3.35,2.81,2.61,3.23,2.68
2009,2009-12-12,Chelsea,Everton,1.25,5.5,15.0,,,,1.28,5.8,17.85,1.24,5.33,13.48
2009,2009-12-12,Hull City,Blackburn Rovers,2.8,3.25,2.6,,,,2.89,3.36,2.66,2.76,3.24,2.54
2009,2009-12-12,Manchester United,Aston Villa,1.5,4.2,7.0,,,,1.51,4.42,8.0,1.47,4.09,7.1
2009,2009-12-12,Stoke City,Wigan Athletic,2.1,3.3,3.6,,,,2.2,3.4,3.95,2.08,3.27,3.55
2009,2009-12-12,Sunderland,Portsmouth,1.8,3.5,4.75,,,,1.91,3.6,5.0,1.8,3.42,4.57
2009,2009-12-12,Tottenham Hotspur,Wolverhampton Wanderers,1.25,5.75,13.0,,,,1.3,6.03,13.84,1.27,5.35,11.44
2009,2009-12-13,Liverpool,Arsenal,2.2,3.3,3.4,,,,2.26,3.4,3.66,2.17,3.27,3.35
2009,2009-12-15,Birmingham City,Blackburn Rovers,2.2,3.25,3.4,,,,2.34,3.36,3.5,2.21,3.24,3.31
2009,2009-12-15,Bolton Wanderers,West Ham United,2.25,3.3,3.25,,,,2.25,3.51,3.75,2.16,3.29,3.36
2009,2009-12-15,Manchester United,Wolverhampton Wanderers,1.17,7.0,19.0,,,,1.2,7.6,23.0,1.17,6.7,17.23
2009,2009-12-15,Sunderland,Aston Villa,2.88,3.3,2.5,,,,2.95,3.3,2.84,2.74,3.22,2.55
2009,2009-12-16,Burnley,Arsenal,7.0,4.2,1.5,,,,7.55,4.5,1.53,6.89,4.05,1.48
2009,2009-12-16,Chelsea,Portsmouth,1.14,8.0,19.0,,,,1.17,8.27,23.0,1.16,6.94,18.1
2009,2009-12-16,Liverpool,Wigan Athletic,1.33,4.75,11.0,,,,1.36,5.36,12.59,1.32,4.69,10.44
2009,2009-12-16,Tottenham Hotspur,Manchester City,2.25,3.3,3.25,,,,2.35,3.45,3.42,2.24,3.29,3.16
2009,2009-12-19,Arsenal,Hull City,1.22,6.0,15.0,,,,1.23,6.64,21.0,1.2,6.14,15.32
2009,2009-12-19,Aston Villa,Stoke City,1.4,4.33,9.0,,,,1.45,4.46,10.0,1.42,4.16,8.41
2009,2009-12-19,Blackburn Rovers,Tottenham Hotspur,3.3,3.4,2.2,,,,3.45,3.55,2.3,3.22,3.32,2.2
2009,2009-12-19,Fulham,Manchester United,6.5,4.0,1.57,,,,7.0,4.0,1.62,6.36,3.79,1.55
2009,2009-12-19,Manchester City,Sunderland,1.53,4.0,7.0,,,,1.58,4.1,7.5,1.52,3.86,6.83
2009,2009-12-19,Portsmouth,Liverpool,5.5,4.0,1.62,,,,6.5,4.15,1.63,5.86,3.74,1.6
2009,2009-12-20,Everton,Birmingham City,1.83,3.5,4.5,,,,1.9,3.68,4.9,1.82,3.42,4.46
2009,2009-12-20,West Ham United,Chelsea,8.5,4.5,1.4,,,,9.0,5.1,1.42,8.29,4.4,1.4
2009,2009-12-20,Wolverhampton Wanderers,Burnley,2.1,3.3,3.6,,,,2.13,3.43,3.91,2.05,3.29,3.65
2009,2009-12-26,Birmingham City,Chelsea,6.5,3.8,1.57,,,,7.5,4.01,1.6,6.72,3.8,1.53
2009,2009-12-26,Burnley,Bolton Wanderers,2.38,3.3,3.0,,,,2.46,3.4,3.2,2.34,3.26,3.03
2009,2009-12-26,Fulham,Tottenham Hotspur,2.8,3.4,2.5,,,,2.95,3.52,2.62,2.81,3.3,2.46
2009,2009-12-26,Liverpool,Wolverhampton Wanderers,1.29,5.5,11.0,,,,1.3,5.95,13.0,1.27,5.35,11.16
2009,2009-12-26,Manchester City,Stoke City,1.44,4.33,7.5,,,,1.47,4.58,9.0,1.43,4.15,8.03
2009,2009-12-26,Sunderland,Everton,2.38,3.3,3.0,,,,2.49,3.4,3.22,2.37,3.24,2.98
2009,2009-12-26,West Ham United,Portsmouth,2.1,3.3,3.6,,,,2.24,3.37,3.68,2.16,3.26,3.38
2009,2009-12-26,Wigan Athletic,Blackburn Rovers,2.3,3.25,3.2,,,,2.36,3.4,3.4,2.29,3.24,3.12
2009,2009-12-27,Arsenal,Aston Villa,1.73,3.5,5.0,,,,1.81,3.75,5.6,1.7,3.58,5.07
2009,2009-12-27,Hull City,Manchester United,8.0,4.2,1.4,,,,9.09,4.8,1.45,8.17,4.31,1.41
2009,2009-12-28,Blackburn Rovers,Sunderland,2.1,3.3,3.6,,,,2.2,3.42,4.0,2.1,3.25,3.55
2009,2009-12-28,Chelsea,Fulham,1.36,4.5,10.0,,,,1.4,5.04,10.5,1.37,4.52,8.98
2009,2009-12-28,Everton,Burnley,1.57,3.8,6.5,,,,1.67,4.15,7.34,1.56,3.75,6.31
2009,2009-12-28,Stoke City,Birmingham City,2.4,3.25,3.0,,,,2.55,3.3,3.13,2.43,3.21,2.93
2009,2009-12-28,Tottenham Hotspur,West Ham United,1.44,4.2,8.0,,,,1.51,4.75,8.58,1.43,4.21,7.74
2009,2009-12-28,Wolverhampton Wanderers,Manchester City,4.5,3.6,1.8,,,,5.4,3.83,1.82,4.79,3.51,1.75
2009,2009-12-29,Aston Villa,Liverpool,2.8,3.25,2.6,,,,3.32,3.3,2.55,2.9,3.21,2.45
2009,2009-12-29,Bolton Wanderers,Hull City,1.8,3.6,4.75,,,,1.85,3.75,5.02,1.8,3.48,4.5
2009,2009-12-30,Manchester United,Wigan Athletic,1.2,6.5,15.0,,,,1.25,6.8,19.58,1.21,5.91,14.67
2009,2009-12-30,Portsmouth,Arsenal,6.5,4.0,1.53,,,,7.0,4.39,1.59,6.3,3.86,1.54
2009,2010-01-05,Stoke City,Fulham,2.63,3.25,2.75,,,,2.86,3.3,2.82,2.65,3.19,2.67
2009,2010-01-09,Arsenal,Everton,1.4,4.5,8.5,,,,1.43,4.79,9.6,1.4,4.34,8.29
2009,2010-01-09,Birmingham City,Manchester United,6.5,3.6,1.62,,,,6.5,3.81,1.68,6.05,3.62,1.6
2009,2010-01-11,Manchester City,Blackburn Rovers,1.44,4.33,8.0,,,,1.46,4.6,8.8,1.42,4.26,7.7
2009,2010-01-16,Chelsea,Sunderland,1.22,6.0,15.0,,,,1.26,6.61,15.1,1.23,5.76,12.82
2009,2010-01-16,Everton,Manchester City,2.88,3.25,2.5,,,,3.0,3.38,2.65,2.81,3.24,2.5
2009,2010-01-16,Manchester United,Burnley,1.17,7.0,17.0,,,,1.18,8.35,19.3,1.16,6.9,16.57
2009,2010-01-16,Stoke City,Liverpool,3.5,3.2,2.2,,,,3.9,3.3,2.25,3.63,3.18,2.1
2009,2010-01-16,Tottenham Hotspur,Hull City,1.25,6.0,11.0,,,,1.29,6.06,13.09,1.26,5.4,11.46
2009,2010-01-16,Wolverhampton Wanderers,Wigan Athletic,2.3,3.25,3.2,,,,2.38,3.3,3.36,2.3,3.22,3.12
2009,2010-01-17,Aston Villa,West Ham United,1.53,3.8,7.0,,,,1.58,4.12,8.0,1.53,3.72,6.89
2009,2010-01-17,Blackburn Rovers,Fulham,2.4,3.25,3.0,,,,2.5,3.3,3.3,2.34,3.21,3.05
2009,2010-01-17,Bolton Wanderers,Arsenal,6.5,4.0,1.53,,,,6.96,4.28,1.62,6.31,3.85,1.54
2009,2010-01-20,Arsenal,Bolton Wanderers,1.22,5.5,17.0,,,,1.23,6.64,19.0,1.21,5.8,14.7
2009,2010-01-20,Liverpool,Tottenham Hotspur,2.4,3.25,3.0,,,,2.53,3.36,3.04,2.4,3.24,2.92
2009,2010-01-23,Manchester United,Hull City,1.14,6.5,15.0,,,,1.17,8.6,24.0,1.15,7.01,18.13
2009,2010-01-26,Bolton Wanderers,Burnley,1.8,3.6,4.5,,,,1.82,3.78,5.25,1.76,3.5,4.7
2009,2010-01-26,Portsmouth,West Ham United,2.5,3.25,2.88,,,,2.6,3.36,3.2,2.46,3.23,2.87
2009,2010-01-26,Tottenham Hotspur,Fulham,1.57,3.75,6.5,,,,1.71,3.8,6.55,1.6,3.64,5.99
2009,2010-01-26,Wolverhampton Wanderers,Liverpool,5.5,3.6,1.67,,,,6.18,3.86,1.75,5.21,3.53,1.69
2009,2010-01-27,Aston Villa,Arsenal,3.2,3.25,2.3,,,,3.5,3.44,2.3,3.17,3.28,2.25
2009,2010-01-27,Blackburn Rovers,Wigan Athletic,1.95,3.4,4.0,,,,2.02,3.48,4.35,1.95,3.34,3.95
2009,2010-01-27,Chelsea,Birmingham City,1.22,6.0,15.0,,,,1.26,6.31,15.88,1.24,5.52,12.97
2009,2010-01-27,Everton,Sunderland,1.67,3.6,5.5,,,,1.7,3.74,6.35,1.66,3.57,5.53
2009,2010-01-30,Birmingham City,Tottenham Hotspur,3.1,3.25,2.38,,,,3.3,3.4,2.39,3.08,3.25,2.3
2009,2010-01-30,Burnley,Chelsea,13.0,5.0,1.29,,,,15.02,5.82,1.3,11.96,5.16,1.27
2009,2010-01-30,Fulham,Aston Villa,2.7,3.2,2.7,,,,2.77,3.3,2.85,2.62,3.21,2.67
2009,2010-01-30,Hull City,Wolverhampton Wanderers,2.25,3.25,3.25,,,,2.46,3.31,3.38,2.28,3.22,3.15
2009,2010-01-30,Liverpool,Bolton Wanderers,1.44,4.33,7.5,,,,1.47,4.68,9.22,1.43,4.23,7.69
2009,2010-01-30,West Ham United,Blackburn Rovers,2.1,3.3,3.6,,,,2.2,3.45,3.8,2.11,3.29,3.46
2009,2010-01-30,Wigan Athletic,Everton,3.0,3.3,2.38,,,,3.56,3.4,2.4,3.11,3.24,2.3
2009,2010-01-31,Arsenal,Manchester United,2.6,3.25,2.8,,,,2.66,3.35,2.98,2.51,3.23,2.8
2009,2010-01-31,Manchester City,Portsmouth,1.29,5.0,13.0,,,,1.34,5.45,13.5,1.29,5.0,11.05
2009,2010-02-01,Sunderland,Stoke City,2.0,3.4,3.8,,,,2.15,3.4,3.9,2.04,3.27,3.68
2009,2010-02-02,Hull City,Chelsea,13.0,5.0,1.29,,,,15.32,5.8,1.29,12.35,5.25,1.26
2009,2010-02-03,Fulham,Portsmouth,1.67,3.5,6.0,,,,1.75,3.66,5.82,1.69,3.48,5.33
2009,2010-02-06,Bolton Wanderers,Fulham,2.25,3.3,3.25,,,,2.3,3.4,3.61,2.23,3.25,3.22
2009,2010-02-06,Burnley,West Ham United,2.6,3.25,2.8,,,,2.65,3.36,2.92,2.51,3.23,2.78
2009,2010-02-06,Hull City,Manchester City,5.5,3.4,1.73,,,,5.7,3.6,1.8,5.08,3.48,1.72
2009,2010-02-06,Liverpool,Everton,1.83,3.5,4.33,,,,1.9,3.66,4.75,1.82,3.42,4.44
2009,2010-02-06,Manchester United,Portsmouth,1.13,8.5,23.0,,,,1.14,10.1,26.0,1.12,7.81,21.4
2009,2010-02-06,Stoke City,Blackburn Rovers,2.3,3.1,3.4,,,,2.38,3.35,3.5,2.24,3.2,3.25
2009,2010-02-06,Sunderland,Wigan Athletic,2.0,3.4,3.8,,,,2.1,3.43,4.1,2.02,3.3,3.7
2009,2010-02-06,Tottenham Hotspur,Aston Villa,2.1,3.3,3.6,,,,2.2,3.45,3.89,2.08,3.28,3.53
2009,2010-02-07,Birmingham City,Wolverhampton Wanderers,1.8,3.4,5.0,,,,1.87,3.5,5.34,1.79,3.39,4.75
2009,2010-02-07,Chelsea,Arsenal,1.8,3.6,4.5,,,,1.86,3.61,5.02,1.78,3.43,4.68
2009,2010-02-09,Fulham,Burnley,1.73,3.5,5.25,,,,1.79,3.75,5.7,1.72,3.46,5.15
2009,2010-02-09,Manchester City,Bolton Wanderers,1.44,4.2,8.0,,,,1.48,4.4,9.4,1.43,4.18,8.09
2009,2010-02-09,Portsmouth,Sunderland,2.4,3.25,3.0,,,,2.45,3.32,3.32,2.36,3.22,3.01
2009,2010-02-09,Wigan Athletic,Stoke City,2.2,3.3,3.4,,,,2.3,3.4,3.55,2.2,3.24,3.32
2009,2010-02-10,Arsenal,Liverpool,2.1,3.3,3.6,,,,2.15,3.43,3.93,2.05,3.3,3.66
2009,2010-02-10,Aston Villa,Manchester United,4.2,3.5,1.91,,,,4.5,3.6,1.93,4.11,3.41,1.89
2009,2010-02-10,Blackburn Rovers,Hull City,1.83,3.5,4.5,,,,1.91,3.68,5.0,1.8,3.44,4.54
2009,2010-02-10,Everton,Chelsea,5.0,3.6,1.73,,,,5.5,3.83,1.75,5.04,3.55,1.71
2009,2010-02-10,West Ham United,Birmingham City,2.25,3.3,3.25,,,,2.33,3.4,3.54,2.23,3.23,3.23
2009,2010-02-10,Wolverhampton Wanderers,Tottenham Hotspur,4.2,3.4,1.91,,,,4.7,3.7,1.92,4.29,3.44,1.85
2009,2010-02-16,Stoke City,Manchester City,3.1,3.2,2.38,,,,3.5,3.4,2.5,3.11,3.23,2.31
2009,2010-02-17,Wigan Athletic,Bolton Wanderers,2.3,3.25,3.2,,,,2.35,3.4,3.43,2.26,3.23,3.16
2009,2010-02-20,Arsenal,Sunderland,1.22,6.0,15.0,,,,1.23,6.79,18.0,1.2,5.95,14.85
2009,2010-02-20,Everton,Manchester United,4.5,3.6,1.8,,,,5.05,3.73,1.83,4.69,3.45,1.77
2009,2010-02-20,Portsmouth,Stoke City,2.38,3.25,3.1,,,,2.41,3.35,3.32,2.32,3.22,3.06
2009,2010-02-20,West Ham United,Hull City,1.75,3.6,4.75,,,,1.81,3.76,5.18,1.76,3.49,4.68
2009,2010-02-20,Wolverhampton Wanderers,Chelsea,12.0,5.0,1.3,,,,11.0,5.12,1.37,10.08,4.76,1.32
2009,2010-02-21,Aston Villa,Burnley,1.36,4.5,10.0,,,,1.4,4.74,10.76,1.37,4.4,9.12
2009,2010-02-21,Blackburn Rovers,Bolton Wanderers,1.95,3.25,4.33,,,,2.02,3.48,4.34,1.94,3.3,4.02
2009,2010-02-21,Fulham,Birmingham City,2.1,3.25,3.75,,,,2.16,3.33,3.95,2.09,3.22,3.57
2009,2010-02-21,Manchester City,Liverpool,2.4,3.3,3.0,,,,2.55,3.35,3.09,2.44,3.22,2.9
2009,2010-02-21,Wigan Athletic,Tottenham Hotspur,3.75,3.5,2.0,,,,3.95,3.55,2.11,3.69,3.31,2.02
2009,2010-02-23,Manchester United,West Ham United,1.2,6.5,15.0,,,,1.22,7.41,17.5,1.19,6.27,14.86
2009,2010-02-27,Birmingham City,Wigan Athletic,1.91,3.3,4.33,,,,2.05,3.48,4.5,1.92,3.32,4.06
2009,2010-02-27,Bolton Wanderers,Wolverhampton Wanderers,2.0,3.3,4.0,,,,2.1,3.4,4.33,1.96,3.27,3.97
2009,2010-02-27,Burnley,Portsmouth,2.0,3.4,3.8,,,,2.2,3.45,4.01,2.03,3.32,3.64
2009,2010-02-27,Chelsea,Manchester City,1.44,4.33,7.5,,,,1.47,4.66,9.0,1.43,4.17,7.72
2009,2010-02-27,Stoke City,Arsenal,5.0,3.6,1.73,,,,5.78,3.82,1.77,5.19,3.55,1.69
2009,2010-02-28,Liverpool,Blackburn Rovers,1.36,4.75,9.0,,,,1.4,5.12,11.52,1.35,4.51,9.54
2009,2010-02-28,Sunderland,Fulham,2.2,3.2,3.5,,,,2.25,3.36,3.95,2.17,3.24,3.37
2009,2010-02-28,Tottenham Hotspur,Everton,2.0,3.4,4.0,,,,2.13,3.46,4.11,1.98,3.32,3.84
2009,2010-03-06,Arsenal,Burnley,1.14,7.5,21.0,,,,1.16,8.8,23.0,1.14,7.35,18.86
2009,2010-03-06,West Ham United,Bolton Wanderers,1.8,3.5,4.5,,,,1.85,3.73,5.15,1.78,3.46,4.67
2009,2010-03-06,Wolverhampton Wanderers,Manchester United,10.0,5.0,1.33,,,,11.0,5.15,1.4,9.86,4.7,1.33
2009,2010-03-07,Everton,Hull City,1.36,4.5,10.0,,,,1.4,4.94,10.92,1.37,4.45,9.04
2009,2010-03-08,Wigan Athletic,Liverpool,6.5,3.8,1.57,,,,6.5,3.88,1.67,5.84,3.62,1.61
2009,2010-03-09,Portsmouth,Birmingham City,2.38,3.25,3.1,,,,2.42,3.4,3.28,2.37,3.25,2.98
2009,2010-03-09,Sunderland,Bolton Wanderers,2.1,3.25,3.75,,,,2.14,3.38,4.0,2.05,3.27,3.7
2009,2010-03-10,Burnley,Stoke City,2.5,3.3,2.88,,,,2.66,3.33,2.93,2.52,3.22,2.77
2009,2010-03-13,Birmingham City,Everton,3.0,3.25,2.4,,,,3.21,3.36,2.5,2.94,3.22,2.42
2009,2010-03-13,Bolton Wanderers,Wigan Athletic,2.1,3.3,3.6,,,,2.2,3.43,3.8,2.09,3.26,3.57
2009,2010-03-13,Burnley,Wolverhampton Wanderers,2.25,3.3,3.3,,,,2.4,3.31,3.35,2.28,3.22,3.16
2009,2010-03-13,Chelsea,West Ham United,1.22,6.0,15.0,,,,1.25,6.4,18.0,1.22,5.72,14.21
2009,2010-03-13,Hull City,Arsenal,7.5,4.5,1.4,,,,9.03,4.82,1.44,7.94,4.38,1.41
2009,2010-03-13,Stoke City,Aston Villa,3.3,3.25,2.25,,,,3.44,3.34,2.38,3.19,3.22,2.25
2009,2010-03-13,Tottenham Hotspur,Blackburn Rovers,1.44,4.33,7.5,,,,1.47,4.63,8.86,1.44,4.21,7.68
2009,2010-03-14,Manchester United,Fulham,1.22,6.0,15.0,,,,1.25,6.52,18.0,1.22,5.65,14.06
2009,2010-03-14,Sunderland,Manchester City,3.6,3.4,2.1,,,,3.75,3.43,2.2,3.44,3.29,2.12
2009,2010-03-15,Liverpool,Portsmouth,1.25,5.5,13.0,,,,1.28,6.06,15.0,1.25,5.34,12.35
2009,2010-03-16,Wigan Athletic,Aston Villa,3.6,3.3,2.1,,,,3.93,3.4,2.2,3.52,3.27,2.11
2009,2010-03-20,Arsenal,West Ham United,1.25,5.75,13.0,,,,1.25,6.81,16.29,1.22,5.85,13.95
2009,2010-03-20,Aston Villa,Wolverhampton Wanderers,1.4,4.33,9.0,,,,1.44,4.61,10.0,1.39,4.34,8.76
2009,2010-03-20,Everton,Bolton Wanderers,1.53,3.8,7.0,,,,1.57,4.24,7.33,1.53,3.81,6.64
2009,2010-03-20,Portsmouth,Hull City,2.2,3.2,3.5,,,,2.23,3.47,3.64,2.14,3.28,3.42
2009,2010-03-20,Stoke City,Tottenham Hotspur,3.6,3.3,2.1,,,,3.75,3.35,2.3,3.44,3.25,2.16
2009,2010-03-20,Sunderland,Birmingham City,2.2,3.2,3.5,,,,2.25,3.37,3.77,2.16,3.23,3.43
2009,2010-03-20,Wigan Athletic,Burnley,1.73,3.6,5.0,,,,1.87,3.65,5.07,1.79,3.44,4.67
2009,2010-03-21,Blackburn Rovers,Chelsea,7.5,4.33,1.44,,,,8.51,4.68,1.5,7.59,4.16,1.44
2009,2010-03-21,Fulham,Manchester City,3.1,3.25,2.38,,,,3.4,3.36,2.38,3.14,3.26,2.28
2009,2010-03-21,Manchester United,Liverpool,1.67,3.75,5.5,,,,1.74,4.0,5.75,1.68,3.58,5.29
2009,2010-03-23,West Ham United,Wolverhampton Wanderers,1.8,3.6,4.5,,,,1.86,3.74,5.05,1.77,3.49,4.71
2009,2010-03-24,Aston Villa,Sunderland,1.53,3.8,7.0,,,,1.62,4.16,7.0,1.55,3.79,6.47
2009,2010-03-24,Blackburn Rovers,Birmingham City,2.0,3.25,4.0,,,,2.13,3.43,4.07,2.02,3.28,3.79
2009,2010-03-24,Manchester City,Everton,1.83,3.5,4.33,,,,2.0,3.6,4.5,1.89,3.4,4.16
2009,2010-03-24,Portsmouth,Chelsea,12.0,5.0,1.3,,,,14.0,5.63,1.3,11.53,5.25,1.27
2009,2010-03-27,Birmingham City,Arsenal,7.0,4.2,1.5,,,,7.0,4.31,1.56,6.52,3.92,1.53
2009,2010-03-27,Bolton Wanderers,Manchester United,8.5,4.5,1.4,,,,8.95,4.75,1.44,8.03,4.36,1.41
2009,2010-03-27,Chelsea,Aston Villa,1.4,4.75,8.0,,,,1.44,5.0,9.42,1.39,4.46,8.4
2009,2010-03-27,Hull City,Fulham,2.4,3.25,3.0,,,,2.5,3.36,3.24,2.4,3.26,2.94
2009,2010-03-27,Tottenham Hotspur,Portsmouth,1.2,6.0,17.0,,,,1.25,6.7,17.8,1.22,5.89,14.19
2009,2010-03-27,West Ham United,Stoke City,2.1,3.3,3.6,,,,2.23,3.4,3.71,2.11,3.27,3.48
2009,2010-03-27,Wolverhampton Wanderers,Everton,3.8,3.4,2.0,,,,4.02,3.52,2.1,3.65,3.33,2.05
2009,2010-03-28,Burnley,Blackburn Rovers,2.5,3.25,2.88,,,,2.7,3.4,2.91,2.57,3.27,2.71
2009,2010-03-28,Liverpool,Sunderland,1.3,5.25,11.0,,,,1.33,5.5,12.5,1.3,4.97,10.66
2009,2010-03-29,Manchester City,Wigan Athletic,1.33,4.75,11.0,,,,1.4,5.27,11.92,1.34,4.69,9.97
2009,2010-04-03,Arsenal,Wolverhampton Wanderers,1.22,6.0,15.0,,,,1.27,6.5,16.0,1.22,5.85,13.3
2009,2010-04-03,Bolton Wanderers,Aston Villa,2.88,3.25,2.5,,,,3.0,3.35,2.6,2.92,3.24,2.43
2009,2010-04-03,Burnley,Manchester City,5.0,3.8,1.7,,,,5.5,3.9,1.75,4.99,3.63,1.7
2009,2010-04-03,Manchester United,Chelsea,2.63,3.2,2.75,,,,2.79,3.25,2.91,2.6,3.17,2.75
2009,2010-04-03,Portsmouth,Blackburn Rovers,3.3,3.3,2.25,,,,3.62,3.52,2.25,3.27,3.34,2.18
2009,2010-04-03,Stoke City,Hull City,1.8,3.5,4.5,,,,1.85,3.68,5.25,1.79,3.43,4.71
2009,2010-04-03,Sunderland,Tottenham Hotspur,3.6,3.3,2.1,,,,3.82,3.46,2.15,3.53,3.31,2.09
2009,2010-04-04,Birmingham City,Liverpool,4.5,3.5,1.83,,,,5.0,3.63,1.89,4.58,3.45,1.8
2009,2010-04-04,Everton,West Ham United,1.44,4.33,7.5,,,,1.45,4.62,9.06,1.43,4.17,7.99
2009,2010-04-04,Fulham,Wigan Athletic,2.0,3.4,3.8,,,,2.19,3.4,4.05,2.02,3.29,3.8
2009,2010-04-10,Hull City,Burnley,1.73,3.6,5.0,,,,1.8,3.78,5.5,1.72,3.56,4.95
2009,2010-04-10,West Ham United,Sunderland,2.0,3.4,3.8,,,,2.1,3.49,4.01,2.03,3.36,3.69
2009,2010-04-11,Blackburn Rovers,Manchester United,6.5,4.0,1.53,,,,8.5,4.33,1.54,7.1,4.09,1.48
2009,2010-04-11,Liverpool,Fulham,1.29,5.0,13.0,,,,1.35,5.5,13.5,1.3,4.87,11.46
2009,2010-04-11,Manchester City,Birmingham City,1.4,4.5,8.5,,,,1.44,4.75,8.9,1.41,4.33,8.09
2009,2010-04-11,Wolverhampton Wanderers,Stoke City,2.3,3.25,3.2,,,,2.37,3.3,3.4,2.26,3.24,3.2
2009,2010-04-13,Chelsea,Bolton Wanderers,1.14,8.0,19.0,,,,1.15,9.4,26.0,1.13,7.72,19.69
2009,2010-04-14,Aston Villa,Everton,2.25,3.3,3.3,,,,2.38,3.4,3.4,2.23,3.26,3.21
2009,2010-04-14,Tottenham Hotspur,Arsenal,3.25,3.3,2.25,,,,3.43,3.4,2.35,3.12,3.3,2.26
2009,2010-04-14,Wigan Athletic,Portsmouth,1.57,3.8,6.5,,,,1.62,4.21,7.0,1.55,3.81,6.17
2009,2010-04-17,Birmingham City,Hull City,1.73,3.6,5.0,,,,1.8,3.71,5.5,1.75,3.49,4.79
2009,2010-04-17,Blackburn Rovers,Everton,2.8,3.25,2.6,,,,2.97,3.36,2.7,2.7,3.24,2.58
2009,2010-04-17,Fulham,Wolverhampton Wanderers,2.1,3.25,3.75,,,,2.2,3.4,4.0,2.06,3.24,3.66
2009,2010-04-17,Manchester City,Manchester United,2.88,3.5,2.4,,,,2.9,3.63,2.54,2.76,3.38,2.46
2009,2010-04-17,Stoke City,Bolton Wanderers,2.1,3.25,3.75,,,,2.18,3.4,4.0,2.02,3.26,3.81
2009,2010-04-17,Sunderland,Burnley,1.62,3.75,6.0,,,,1.65,4.05,6.75,1.57,3.76,6.08
2009,2010-04-17,Tottenham Hotspur,Chelsea,4.0,3.6,1.91,,,,4.33,3.65,2.0,4.04,3.44,1.9
2009,2010-04-18,Portsmouth,Aston Villa,5.5,3.75,1.67,,,,6.1,4.03,1.7,5.36,3.66,1.65
2009,2010-04-18,Wigan Athletic,Arsenal,6.5,4.0,1.53,,,,6.8,4.26,1.59,6.21,3.87,1.55
2009,2010-04-19,Liverpool,West Ham United,1.33,5.0,10.0,,,,1.4,5.0,11.0,1.35,4.56,9.03
2009,2010-04-21,Hull City,Aston Villa,3.5,3.4,2.1,,,,3.8,3.61,2.2,3.45,3.34,2.09
2009,2010-04-24,Arsenal,Manchester City,2.0,3.5,3.75,,,,2.04,3.65,4.06,1.96,3.45,3.81
2009,2010-04-24,Bolton Wanderers,Portsmouth,1.53,4.0,6.5,,,,1.58,4.22,7.06,1.55,3.86,6.28
2009,2010-04-24,Hull City,Sunderland,2.38,3.4,3.0,,,,2.51,3.41,3.2,2.36,3.28,3.0
2009,2010-04-24,Manchester United,Tottenham Hotspur,1.5,4.2,7.0,,,,1.5,4.71,7.6,1.46,4.33,6.8
2009,2010-04-24,West Ham United,Wigan Athletic,1.83,3.6,4.33,,,,1.86,3.76,4.74,1.82,3.51,4.4
2009,2010-04-24,Wolverhampton Wanderers,Blackburn Rovers,2.2,3.25,3.4,,,,2.38,3.32,3.61,2.27,3.2,3.23
2009,2010-04-25,Aston Villa,Birmingham City,1.62,3.75,6.0,,,,1.67,4.14,6.42,1.6,3.78,5.77
2009,2010-04-25,Burnley,Liverpool,5.5,4.0,1.62,,,,6.55,4.26,1.62,5.84,3.83,1.58
2009,2010-04-25,Chelsea,Stoke City,1.14,8.0,21.0,,,,1.17,9.2,25.0,1.14,7.52,19.2
2009,2010-04-25,Everton,Fulham,1.36,4.5,10.0,,,,1.45,4.83,10.0,1.4,4.38,8.52
2009,2010-05-01,Birmingham City,Burnley,1.5,4.2,7.0,,,,1.55,4.33,7.43,1.51,3.88,6.88
2009,2010-05-01,Manchester City,Aston Villa,1.83,3.6,4.33,,,,1.91,3.7,4.65,1.85,3.48,4.22
2009,2010-05-01,Portsmouth,Wolverhampton Wanderers,2.38,3.25,3.1,,,,2.5,3.37,3.25,2.38,3.26,2.96
2009,2010-05-01,Stoke City,Everton,3.6,3.3,2.1,,,,3.98,3.5,2.1,3.61,3.31,2.06
2009,2010-05-01,Tottenham Hotspur,Bolton Wanderers,1.29,5.5,10.0,,,,1.29,6.2,13.5,1.25,5.49,11.55
2009,2010-05-02,Fulham,West Ham United,2.38,3.25,3.1,,,,2.43,3.4,3.3,2.28,3.27,3.12
2009,2010-05-02,Liverpool,Chelsea,4.0,3.8,1.83,,,,4.38,3.94,1.91,4.09,3.61,1.84
2009,2010-05-02,Sunderland,Manchester United,9.5,4.75,1.36,,,,9.5,5.25,1.4,8.54,4.63,1.37
2009,2010-05-03,Blackburn Rovers,Arsenal,3.5,3.4,2.1,,,,3.81,3.5,2.16,3.57,3.35,2.06
2009,2010-05-03,Wigan Athletic,Hull City,1.8,3.6,4.5,,,,1.83,3.76,4.92,1.79,3.52,4.47
2009,2010-05-05,Fulham,Stoke City,2.1,3.3,3.6,,,,2.15,3.46,4.0,2.07,3.32,3.59
2009,2010-05-05,Manchester City,Tottenham Hotspur,2.0,3.4,3.8,,,,2.09,3.6,3.85,2.0,3.42,3.7
2009,2010-05-09,Arsenal,Fulham,1.2,7.0,13.0,,,,1.2,8.0,17.0,1.18,6.59,14.2
2009,2010-05-09,Aston Villa,Blackburn Rovers,1.57,4.0,6.0,,,,1.61,4.16,6.8,1.55,3.85,6.18
2009,2010-05-09,Bolton Wanderers,Birmingham City,2.25,3.3,3.3,,,,2.25,3.47,3.5,2.2,3.27,3.26
2009,2010-05-09,Burnley,Tottenham Hotspur,7.0,4.2,1.5,,,,7.75,4.48,1.53,6.51,4.14,1.48
2009,2010-05-09,Chelsea,Wigan Athletic,1.1,10.0,23.0,,,,1.12,12.0,29.0,1.09,9.03,23.31
2009,2010-05-09,Everton,Portsmouth,1.29,5.5,11.0,,,,1.3,6.0,12.44,1.28,5.23,10.38
2009,2010-05-09,Hull City,Liverpool,6.5,3.8,1.57,,,,7.26,4.35,1.59,6.22,3.91,1.54
2009,2010-05-09,Manchester United,Stoke City,1.13,8.0,23.0,,,,1.15,9.6,26.5,1.12,7.98,20.73
2009,2010-05-09,West Ham United,Manchester City,4.0,3.6,1.91,,,,4.35,3.75,1.96,4.1,3.51,1.85
2009,2010-05-09,Wolverhampton Wanderers,Sunderland,2.25,3.4,3.25,,,,2.39,3.4,3.33,2.3,3.25,3.08
2010,2010-08-14,Aston Villa,West Ham United,2.0,3.3,4.0,,,,2.09,3.4,4.33,1.96,3.3,4.03
2010,2010-08-14,Blackburn Rovers,Everton,2.88,3.25,2.5,,,,3.15,3.4,2.55,2.92,3.25,2.44
2010,2010-08-14,Bolton Wanderers,Fulham,2.2,3.3,3.4,,,,2.3,3.42,3.58,2.2,3.26,3.32
2010,2010-08-14,Chelsea,West Bromwich Albion,1.17,7.0,17.0,,,,1.19,7.71,21.0,1.16,6.9,17.47
2010,2010-08-14,Sunderland,Birmingham City,2.1,3.3,3.6,,,,2.31,3.4,3.6,2.18,3.25,3.39
2010,2010-08-14,Tottenham Hotspur,Manchester City,2.4,3.3,3.0,,,,2.5,3.41,3.12,2.39,3.28,2.95
2010,2010-08-14,Wigan Athletic,Blackpool,1.83,3.5,4.5,,,,1.9,3.64,5.0,1.82,3.45,4.5
2010,2010-08-14,Wolverhampton Wanderers,Stoke City,2.3,3.25,3.2,,,,2.4,3.3,3.38,2.33,3.22,3.11
2010,2010-08-15,Liverpool,Arsenal,2.5,3.25,2.88,,,,2.6,3.35,3.07,2.47,3.24,2.89
2010,2010-08-16,Manchester United,Newcastle United,1.25,5.5,15.0,,,,1.26,6.19,16.0,1.23,5.63,13.11
2010,2010-08-21,Arsenal,Blackpool,1.17,7.0,19.0,,,,1.18,8.51,23.0,1.16,6.86,17.04
2010,2010-08-21,Birmingham City,Blackburn Rovers,2.2,3.25,3.4,,,,2.31,3.27,3.7,2.25,3.22,3.27
2010,2010-08-21,Everton,Wolverhampton Wanderers,1.5,4.0,7.0,,,,1.53,4.39,8.38,1.48,4.0,7.3
2010,2010-08-21,Stoke City,Tottenham Hotspur,3.4,3.3,2.2,,,,3.4,3.4,2.43,3.27,3.23,2.24
2010,2010-08-21,West Bromwich Albion,Sunderland,2.5,3.25,2.88,,,,2.54,3.35,3.12,2.46,3.24,2.87
2010,2010-08-21,West Ham United,Bolton Wanderers,2.25,3.3,3.25,,,,2.3,3.4,3.66,2.22,3.27,3.26
2010,2010-08-21,Wigan Athletic,Chelsea,15.0,6.0,1.22,,,,15.0,6.15,1.28,13.11,5.55,1.24
2010,2010-08-22,Fulham,Manchester United,6.0,4.0,1.57,,,,6.9,4.11,1.62,6.1,3.81,1.57
2010,2010-08-22,Newcastle United,Aston Villa,3.2,3.25,2.3,,,,3.3,3.31,2.47,3.04,3.25,2.34
2010,2010-08-23,Manchester City,Liverpool,2.38,3.25,3.1,,,,2.4,3.27,3.42,2.33,3.22,3.11
2010,2010-08-28,Blackburn Rovers,Arsenal,6.0,4.0,1.57,,,,6.0,4.04,1.67,5.66,3.76,1.61
2010,2010-08-28,Blackpool,Fulham,3.2,3.25,2.3,,,,3.25,3.5,2.4,3.07,3.31,2.29
2010,2010-08-28,Chelsea,Stoke City,1.11,9.0,23.0,,,,1.13,10.61,30.0,1.11,8.3,23.36
2010,2010-08-28,Manchester United,West Ham United,1.14,8.0,19.0,,,,1.17,11.0,26.0,1.14,7.43,20.05
2010,2010-08-28,Tottenham Hotspur,Wigan Athletic,1.25,5.75,13.0,,,,1.27,6.46,14.0,1.24,5.65,12.39
2010,2010-08-28,Wolverhampton Wanderers,Newcastle United,2.4,3.2,3.1,,,,2.5,3.3,3.24,2.4,3.24,2.97
2010,2010-08-29,Aston Villa,Everton,2.5,3.25,2.88,,,,2.71,3.3,3.0,2.52,3.22,2.8
2010,2010-08-29,Bolton Wanderers,Birmingham City,2.1,3.3,3.6,,,,2.2,3.4,3.9,2.09,3.27,3.52
2010,2010-08-29,Liverpool,West Bromwich Albion,1.22,6.0,15.0,,,,1.26,6.35,16.0,1.22,5.79,13.58
2010,2010-08-29,Sunderland,Manchester City,4.5,3.5,1.83,,,,4.75,3.71,1.91,4.31,3.47,1.84
2010,2010-09-11,Arsenal,Bolton Wanderers,1.25,5.5,13.0,,,,1.29,6.1,15.01,1.24,5.56,12.9
2010,2010-09-11,Everton,Manchester United,4.2,3.4,1.91,,,,4.5,3.58,1.97,4.21,3.39,1.89
2010,2010-09-11,Fulham,Wolverhampton Wanderers,1.83,3.5,4.5,,,,1.92,3.59,4.8,1.83,3.41,4.54
2010,2010-09-11,Manchester City,Blackburn Rovers,1.33,5.0,10.0,,,,1.38,5.2,11.0,1.34,4.7,9.71
2010,2010-09-11,Newcastle United,Blackpool,1.57,4.0,6.0,,,,1.62,4.28,6.66,1.56,3.89,6.03
2010,2010-09-11,West Bromwich Albion,Tottenham Hotspur,3.75,3.25,2.1,,,,3.83,3.45,2.18,3.61,3.33,2.07
2010,2010-09-11,West Ham United,Chelsea,10.0,5.0,1.33,,,,11.0,5.65,1.34,9.84,4.92,1.32
2010,2010-09-11,Wigan Athletic,Sunderland,2.5,3.25,2.88,,,,2.55,3.4,3.08,2.46,3.25,2.87
2010,2010-09-12,Birmingham City,Liverpool,3.1,3.2,2.4,,,,3.31,3.3,2.45,3.12,3.22,2.32
2010,2010-09-13,Stoke City,Aston Villa,2.5,3.25,2.88,,,,2.64,3.3,3.0,2.47,3.22,2.86
2010,2010-09-18,Aston Villa,Bolton Wanderers,1.8,3.6,4.5,,,,1.83,3.76,5.3,1.78,3.49,4.71
2010,2010-09-18,Blackburn Rovers,Fulham,2.0,3.3,4.0,,,,2.1,3.4,4.2,2.02,3.28,3.82
2010,2010-09-18,Everton,Newcastle United,1.62,3.75,6.0,,,,1.65,3.94,6.8,1.6,3.69,5.99
2010,2010-09-18,Stoke City,West Ham United,1.91,3.4,4.2,,,,1.97,3.55,4.5,1.92,3.37,4.14
2010,2010-09-18,Sunderland,Arsenal,5.5,3.7,1.67,,,,5.94,4.0,1.7,5.42,3.62,1.66
2010,2010-09-18,Tottenham Hotspur,Wolverhampton Wanderers,1.4,4.5,8.5,,,,1.5,4.59,8.75,1.43,4.23,7.92
2010,2010-09-18,West Bromwich Albion,Birmingham City,2.25,3.3,3.25,,,,2.38,3.34,3.59,2.28,3.23,3.19
2010,2010-09-19,Chelsea,Blackpool,1.1,9.0,26.0,,,,1.11,11.8,33.0,1.1,9.14,24.78
2010,2010-09-19,Manchester United,Liverpool,1.7,3.5,5.5,,,,1.74,3.82,5.7,1.7,3.57,5.22
2010,2010-09-19,Wigan Athletic,Manchester City,5.0,3.6,1.73,,,,5.2,3.75,1.8,4.89,3.53,1.74
2010,2010-09-25,Arsenal,West Bromwich Albion,1.22,6.0,15.0,,,,1.27,6.85,17.0,1.21,6.05,14.58
2010,2010-09-25,Birmingham City,Wigan Athletic,1.83,3.5,4.5,,,,1.87,3.6,5.15,1.81,3.43,4.59
2010,2010-09-25,Blackpool,Blackburn Rovers,3.2,3.25,2.3,,,,3.35,3.4,2.4,3.12,3.29,2.28
2010,2010-09-25,Fulham,Everton,2.75,3.2,2.63,,,,2.89,3.4,2.8,2.68,3.21,2.66
2010,2010-09-25,Liverpool,Sunderland,1.44,4.33,7.5,,,,1.5,4.5,9.18,1.45,4.09,7.86
2010,2010-09-25,Manchester City,Chelsea,3.6,3.3,2.1,,,,3.65,3.42,2.23,3.41,3.29,2.15
2010,2010-09-25,West Ham United,Tottenham Hotspur,3.5,3.4,2.1,,,,3.85,3.56,2.11,3.58,3.34,2.07
2010,2010-09-26,Bolton Wanderers,Manchester United,7.5,4.0,1.5,,,,8.17,4.48,1.53,7.11,4.01,1.49
2010,2010-09-26,Newcastle United,Stoke City,1.91,3.4,4.2,,,,2.01,3.52,4.23,1.94,3.38,3.98
2010,2010-09-26,Wolverhampton Wanderers,Aston Villa,2.88,3.25,2.5,,,,3.02,3.4,2.61,2.83,3.25,2.5
2010,2010-10-02,Birmingham City,Everton,2.88,3.1,2.63,,,,2.95,3.3,2.71,2.72,3.18,2.63
2010,2010-10-02,Stoke City,Blackburn Rovers,2.25,3.2,3.4,,,,2.37,3.32,3.42,2.26,3.23,3.21
2010,2010-10-02,Sunderland,Manchester United,5.0,3.5,1.75,,,,5.5,3.66,1.83,4.93,3.45,1.75
2010,2010-10-02,Tottenham Hotspur,Aston Villa,1.91,3.5,4.0,,,,2.01,3.64,4.13,1.96,3.39,3.88
2010,2010-10-02,West Bromwich Albion,Bolton Wanderers,2.1,3.25,3.75,,,,2.2,3.48,3.85,2.13,3.29,3.44
2010,2010-10-02,West Ham United,Fulham,2.25,3.25,3.3,,,,2.35,3.37,3.5,2.26,3.24,3.2
2010,2010-10-02,Wigan Athletic,Wolverhampton Wanderers,2.25,3.25,3.3,,,,2.38,3.34,3.51,2.27,3.24,3.18
2010,2010-10-03,Chelsea,Arsenal,1.73,3.6,5.0,,,,1.75,3.97,5.5,1.7,3.63,5.01
2010,2010-10-03,Liverpool,Blackpool,1.33,5.0,10.0,,,,1.36,5.5,12.3,1.32,4.9,10.2
2010,2010-10-03,Manchester City,Newcastle United,1.44,4.0,8.5,,,,1.48,4.5,8.86,1.43,4.2,7.94
2010,2010-10-16,Arsenal,Birmingham City,1.29,5.5,11.0,,,,1.33,6.02,12.98,1.3,5.12,10.21
2010,2010-10-16,Aston Villa,Chelsea,5.0,3.6,1.73,,,,5.0,3.7,1.9,4.64,3.47,1.78
2010,2010-10-16,Bolton Wanderers,Stoke City,2.2,3.2,3.5,,,,2.28,3.38,3.65,2.18,3.23,3.38
2010,2010-10-16,Fulham,Tottenham Hotspur,2.88,3.25,2.5,,,,3.04,3.3,2.6,2.84,3.21,2.5
2010,2010-10-16,Manchester United,West Bromwich Albion,1.25,5.75,12.0,,,,1.29,6.0,13.0,1.26,5.56,11.54
2010,2010-10-16,Newcastle United,Wigan Athletic,1.83,3.5,4.5,,,,1.9,3.64,4.78,1.82,3.44,4.46
2010,2010-10-16,Wolverhampton Wanderers,West Ham United,2.25,3.2,3.4,,,,2.34,3.35,3.46,2.24,3.24,3.25
2010,2010-10-17,Blackpool,Manchester City,5.5,4.0,1.62,,,,6.0,4.14,1.65,5.66,3.81,1.61
2010,2010-10-17,Everton,Liverpool,2.4,3.25,3.0,,,,2.55,3.3,3.12,2.42,3.21,2.95
2010,2010-10-18,Blackburn Rovers,Sunderland,2.1,3.3,3.6,,,,2.15,3.39,4.01,2.08,3.26,3.58
2010,2010-10-23,Birmingham City,Blackpool,1.83,3.6,4.33,,,,1.95,3.77,4.7,1.85,3.48,4.31
2010,2010-10-23,Chelsea,Wolverhampton Wanderers,1.13,8.5,19.0,,,,1.14,9.54,31.0,1.13,7.96,20.7
2010,2010-10-23,Sunderland,Aston Villa,2.4,3.25,3.0,,,,2.48,3.3,3.33,2.4,3.22,2.99
2010,2010-10-23,Tottenham Hotspur,Everton,2.1,3.25,3.75,,,,2.2,3.48,4.09,2.04,3.31,3.71
2010,2010-10-23,West Bromwich Albion,Fulham,2.2,3.25,3.4,,,,2.2,3.43,3.83,2.12,3.26,3.51
2010,2010-10-23,West Ham United,Newcastle United,2.38,3.25,3.1,,,,2.38,3.4,3.4,2.3,3.27,3.1
2010,2010-10-23,Wigan Athletic,Bolton Wanderers,2.38,3.25,3.1,,,,2.5,3.28,3.26,2.4,3.23,2.96
2010,2010-10-24,Liverpool,Blackburn Rovers,1.67,3.6,5.5,,,,1.7,3.94,6.27,1.66,3.64,5.43
2010,2010-10-24,Manchester City,Arsenal,2.5,3.2,2.9,,,,2.54,3.36,3.12,2.43,3.24,2.93
2010,2010-10-24,Stoke City,Manchester United,5.5,3.75,1.67,,,,6.16,3.76,1.76,5.27,3.59,1.69
2010,2010-10-30,Arsenal,West Ham United,1.17,7.0,17.0,,,,1.2,8.1,20.0,1.18,6.77,16.36
2010,2010-10-30,Blackburn Rovers,Chelsea,7.5,4.33,1.44,,,,8.65,4.5,1.5,7.7,4.22,1.44
2010,2010-10-30,Everton,Stoke City,1.57,3.75,6.5,,,,1.62,4.07,7.29,1.56,3.77,6.46
2010,2010-10-30,Fulham,Wigan Athletic,1.91,3.4,4.2,,,,1.94,3.63,4.55,1.87,3.38,4.32
2010,2010-10-30,Manchester United,Tottenham Hotspur,1.57,4.0,6.0,,,,1.65,4.21,6.09,1.59,3.87,5.74
2010,2010-10-30,Wolverhampton Wanderers,Manchester City,5.5,3.4,1.73,,,,5.5,3.75,1.81,5.07,3.49,1.74
2010,2010-10-31,Aston Villa,Birmingham City,1.8,3.6,4.5,,,,1.87,3.6,5.24,1.82,3.4,4.67
2010,2010-10-31,Bolton Wanderers,Liverpool,3.4,3.25,2.2,,,,3.49,3.4,2.32,3.21,3.27,2.27
2010,2010-10-31,Newcastle United,Sunderland,2.2,3.2,3.5,,,,2.25,3.32,3.76,2.16,3.26,3.43
2010,2010-11-01,Blackpool,West Bromwich Albion,2.9,3.25,2.5,,,,3.0,3.39,2.65,2.79,3.25,2.54
2010,2010-11-06,Birmingham City,West Ham United,1.91,3.4,4.2,,,,2.01,3.48,4.45,1.95,3.32,4.02
2010,2010-11-06,Blackburn Rovers,Wigan Athletic,1.8,3.6,4.5,,,,1.87,3.84,5.0,1.79,3.53,4.57
2010,2010-11-06,Blackpool,Everton,4.5,3.6,1.8,,,,5.0,3.75,1.83,4.52,3.51,1.8
2010,2010-11-06,Bolton Wanderers,Tottenham Hotspur,3.0,3.3,2.4,,,,3.09,3.41,2.5,2.97,3.26,2.39
2010,2010-11-06,Fulham,Aston Villa,2.2,3.25,3.4,,,,2.28,3.35,3.8,2.16,3.26,3.44
2010,2010-11-06,Manchester United,Wolverhampton Wanderers,1.22,6.0,15.0,,,,1.26,6.5,17.0,1.22,5.92,14.22
2010,2010-11-06,Sunderland,Stoke City,2.1,3.2,3.75,,,,2.15,3.32,4.11,2.07,3.25,3.7
2010,2010-11-07,Arsenal,Newcastle United,1.29,5.5,11.0,,,,1.3,6.11,14.04,1.27,5.44,11.19
2010,2010-11-07,Liverpool,Chelsea,3.8,3.4,2.0,,,,4.0,3.44,2.14,3.73,3.29,2.04
2010,2010-11-07,West Bromwich Albion,Manchester City,3.6,3.3,2.1,,,,3.8,3.51,2.13,3.64,3.32,2.05
2010,2010-11-09,Stoke City,Birmingham City,2.1,3.2,3.75,,,,2.15,3.35,4.05,2.08,3.23,3.69
2010,2010-11-09,Tottenham Hotspur,Sunderland,1.53,4.0,6.5,,,,1.6,4.25,7.35,1.54,3.89,6.43
2010,2010-11-10,Aston Villa,Blackpool,1.62,3.75,6.0,,,,1.69,3.84,6.5,1.62,3.68,5.7
2010,2010-11-10,Chelsea,Fulham,1.2,6.5,15.0,,,,1.23,6.75,20.0,1.2,6.12,14.78
2010,2010-11-10,Everton,Bolton Wanderers,1.62,3.75,6.0,,,,1.67,3.98,6.2,1.63,3.63,5.68
2010,2010-11-10,Manchester City,Manchester United,2.63,3.25,2.75,,,,2.7,3.34,2.98,2.57,3.22,2.75
2010,2010-11-10,Newcastle United,Blackburn Rovers,1.91,3.4,4.2,,,,2.0,3.61,4.3,1.94,3.37,3.96
2010,2010-11-10,West Ham United,West Bromwich Albion,2.3,3.25,3.2,,,,2.38,3.44,3.47,2.29,3.27,3.1
2010,2010-11-10,Wigan Athletic,Liverpool,4.75,3.6,1.75,,,,5.0,3.82,1.81,4.62,3.58,1.76
2010,2010-11-10,Wolverhampton Wanderers,Arsenal,5.5,3.6,1.67,,,,6.3,3.8,1.7,5.71,3.63,1.63
2010,2010-11-13,Aston Villa,Manchester United,4.5,3.6,1.8,,,,5.5,3.72,1.85,4.75,3.49,1.77
2010,2010-11-13,Manchester City,Birmingham City,1.4,4.5,8.5,,,,1.46,4.62,9.5,1.42,4.28,8.15
2010,2010-11-13,Newcastle United,Fulham,1.91,3.4,4.2,,,,2.05,3.43,4.33,1.95,3.33,4.01
2010,2010-11-13,Stoke City,Liverpool,3.75,3.25,2.1,,,,3.97,3.4,2.19,3.7,3.25,2.06
2010,2010-11-13,Tottenham Hotspur,Blackburn Rovers,1.57,3.8,6.5,,,,1.66,4.0,6.5,1.61,3.7,5.96
2010,2010-11-13,West Ham United,Blackpool,1.91,3.6,4.0,,,,1.95,3.81,4.41,1.87,3.54,4.06
2010,2010-11-13,Wigan Athletic,West Bromwich Albion,2.5,3.25,2.88,,,,2.6,3.36,3.0,2.46,3.26,2.87
2010,2010-11-13,Wolverhampton Wanderers,Bolton Wanderers,2.4,3.1,3.2,,,,2.44,3.31,3.28,2.34,3.23,3.08
2010,2010-11-14,Chelsea,Sunderland,1.22,5.75,15.0,,,,1.25,6.5,17.0,1.22,5.92,13.97
2010,2010-11-14,Everton,Arsenal,3.4,3.3,2.2,,,,3.45,3.45,2.32,3.25,3.29,2.22
2010,2010-11-20,Arsenal,Tottenham Hotspur,1.62,4.0,5.5,,,,1.69,4.2,5.61,1.64,3.79,5.36
2010,2010-11-20,Birmingham City,Chelsea,5.0,3.6,1.73,,,,5.55,3.75,1.79,5.17,3.51,1.72
2010,2010-11-20,Blackpool,Wolverhampton Wanderers,2.5,3.3,2.88,,,,2.65,3.46,3.0,2.5,3.29,2.8
2010,2010-11-20,Bolton Wanderers,Newcastle United,2.1,3.3,3.6,,,,2.24,3.44,3.75,2.13,3.31,3.45
2010,2010-11-20,Liverpool,West Ham United,1.57,3.8,6.5,,,,1.57,4.18,7.5,1.53,3.85,6.75
2010,2010-11-20,Manchester United,Wigan Athletic,1.22,6.0,15.0,,,,1.25,6.68,17.6,1.21,6.09,14.5
2010,2010-11-20,West Bromwich Albion,Stoke City,2.2,3.2,3.5,,,,2.32,3.36,3.62,2.2,3.21,3.38
2010,2010-11-21,Blackburn Rovers,Aston Villa,2.3,3.25,3.25,,,,2.4,3.36,3.45,2.29,3.24,3.16
2010,2010-11-21,Fulham,Manchester City,3.2,3.1,2.4,,,,3.36,3.32,2.45,3.11,3.2,2.34
2010,2010-11-22,Sunderland,Everton,2.6,3.2,2.8,,,,2.73,3.3,2.9,2.54,3.21,2.81
2010,2010-11-27,Aston Villa,Arsenal,3.4,3.3,2.2,,,,3.6,3.45,2.3,3.35,3.3,2.17
2010,2010-11-27,Bolton Wanderers,Blackpool,1.57,4.2,5.5,,,,1.65,4.3,6.6,1.57,3.96,5.82
2010,2010-11-27,Everton,West Bromwich Albion,1.57,3.8,6.5,,,,1.62,4.2,7.1,1.55,3.87,6.3
2010,2010-11-27,Fulham,Birmingham City,2.0,3.3,4.0,,,,2.15,3.35,4.2,2.06,3.23,3.75
2010,2010-11-27,Manchester United,Blackburn Rovers,1.25,5.5,13.0,,,,1.3,6.0,14.92,1.26,5.44,12.14
2010,2010-11-27,Stoke City,Manchester City,3.4,3.25,2.2,,,,3.84,3.38,2.25,3.42,3.26,2.16
2010,2010-11-27,West Ham United,Wigan Athletic,2.0,3.5,3.75,,,,2.1,3.5,4.09,2.01,3.35,3.79
2010,2010-11-27,Wolverhampton Wanderers,Sunderland,2.6,3.2,2.8,,,,2.7,3.4,2.92,2.55,3.24,2.76
2010,2010-11-28,Newcastle United,Chelsea,5.0,3.6,1.73,,,,5.65,3.87,1.75,5.0,3.65,1.7
2010,2010-11-28,Tottenham Hotspur,Liverpool,2.0,3.4,3.8,,,,2.12,3.5,4.0,2.06,3.34,3.63
2010,2010-12-04,Arsenal,Fulham,1.29,5.25,12.0,,,,1.32,5.74,13.6,1.28,5.17,11.25
2010,2010-12-04,Birmingham City,Tottenham Hotspur,3.5,3.4,2.1,,,,3.7,3.49,2.3,3.44,3.34,2.12
2010,2010-12-04,Blackburn Rovers,Wolverhampton Wanderers,1.73,3.6,5.0,,,,1.8,3.85,5.11,1.76,3.55,4.67
2010,2010-12-04,Chelsea,Everton,1.36,4.75,9.0,,,,1.41,5.0,9.45,1.37,4.55,8.66
2010,2010-12-04,Manchester City,Bolton Wanderers,1.53,4.0,6.5,,,,1.57,4.2,7.2,1.53,3.84,6.65
2010,2010-12-04,Wigan Athletic,Stoke City,2.75,3.2,2.63,,,,2.89,3.34,2.75,2.7,3.2,2.64
2010,2010-12-05,Sunderland,West Ham United,1.83,3.5,4.5,,,,1.91,3.69,4.72,1.84,3.49,4.32
2010,2010-12-05,West Bromwich Albion,Newcastle United,2.25,3.3,3.25,,,,2.32,3.45,3.55,2.24,3.28,3.23
2010,2010-12-06,Liverpool,Aston Villa,1.62,3.75,6.0,,,,1.65,4.01,6.69,1.59,3.75,6.0
2010,2010-12-11,Aston Villa,West Bromwich Albion,2.1,3.3,3.6,,,,2.3,3.48,3.75,2.1,3.3,3.53
2010,2010-12-11,Everton,Wigan Athletic,1.4,4.5,9.0,,,,1.47,4.64,9.23,1.43,4.21,8.2
2010,2010-12-11,Fulham,Sunderland,2.2,3.25,3.4,,,,2.25,3.36,3.95,2.15,3.23,3.5
2010,2010-12-11,Newcastle United,Liverpool,3.8,3.4,2.0,,,,3.76,3.5,2.23,3.57,3.31,2.08
2010,2010-12-11,Stoke City,Blackpool,1.62,4.0,5.5,,,,1.67,4.2,6.0,1.62,3.86,5.41
2010,2010-12-11,West Ham United,Manchester City,4.5,3.6,1.8,,,,4.4,3.52,2.16,4.11,3.39,1.91
2010,2010-12-12,Bolton Wanderers,Blackburn Rovers,2.0,3.3,4.0,,,,2.1,3.5,4.1,2.03,3.32,3.72
2010,2010-12-12,Tottenham Hotspur,Chelsea,2.8,3.25,2.6,,,,3.03,3.41,2.63,2.84,3.28,2.49
2010,2010-12-12,Wolverhampton Wanderers,Birmingham City,2.4,3.25,3.0,,,,2.5,3.3,3.26,2.4,3.22,2.99
2010,2010-12-13,Manchester United,Arsenal,2.0,3.4,3.8,,,,2.0,3.61,4.38,1.95,3.4,3.92
2010,2010-12-18,Blackburn Rovers,West Ham United,1.8,3.6,4.5,,,,1.84,3.75,4.87,1.78,3.5,4.65
2010,2010-12-18,Sunderland,Bolton Wanderers,2.2,3.2,3.5,,,,2.2,3.41,3.83,2.11,3.26,3.57
2010,2010-12-20,Manchester City,Everton,1.73,3.6,5.0,,,,1.75,3.82,5.66,1.71,3.54,5.11
2010,2010-12-26,Aston Villa,Tottenham Hotspur,3.2,3.3,2.3,,,,3.25,3.46,2.4,3.06,3.29,2.32
2010,2010-12-26,Blackburn Rovers,Stoke City,2.3,3.2,3.2,,,,2.4,3.4,3.4,2.28,3.23,3.21
2010,2010-12-26,Bolton Wanderers,West Bromwich Albion,2.1,3.25,3.75,,,,2.18,3.44,3.83,2.07,3.32,3.65
2010,2010-12-26,Fulham,West Ham United,1.91,3.4,4.2,,,,2.0,3.5,4.51,1.92,3.34,4.13
2010,2010-12-26,Manchester United,Sunderland,1.29,5.5,11.0,,,,1.29,6.15,15.6,1.26,5.45,12.67
2010,2010-12-26,Newcastle United,Manchester City,3.25,3.25,2.25,,,,3.4,3.4,2.37,3.22,3.28,2.25
2010,2010-12-26,Wolverhampton Wanderers,Wigan Athletic,2.1,3.3,3.6,,,,2.15,3.4,4.01,2.09,3.26,3.62
2010,2010-12-27,Arsenal,Chelsea,2.63,3.2,2.75,,,,2.7,3.35,2.88,2.57,3.22,2.77
2010,2010-12-28,Birmingham City,Manchester United,6.5,4.33,1.5,,,,7.65,4.5,1.54,6.89,4.05,1.5
2010,2010-12-28,Manchester City,Aston Villa,1.44,4.2,8.0,,,,1.52,4.5,8.5,1.47,4.15,7.48
2010,2010-12-28,Stoke City,Fulham,1.83,3.4,4.75,,,,1.95,3.5,4.95,1.87,3.34,4.43
2010,2010-12-28,Sunderland,Blackpool,1.62,3.75,6.0,,,,1.64,4.05,6.5,1.6,3.81,5.82
2010,2010-12-28,Tottenham Hotspur,Newcastle United,1.53,4.0,6.5,,,,1.58,4.5,7.0,1.52,4.03,6.5
2010,2010-12-28,West Bromwich Albion,Blackburn Rovers,1.83,3.5,4.5,,,,1.9,3.71,4.9,1.82,3.48,4.49
2010,2010-12-28,West Ham United,Everton,3.4,3.2,2.25,,,,3.75,3.4,2.3,3.39,3.28,2.18
2010,2010-12-29,Chelsea,Bolton Wanderers,1.29,5.5,11.0,,,,1.33,5.75,12.0,1.29,5.17,10.65
2010,2010-12-29,Liverpool,Wolverhampton Wanderers,1.33,5.0,10.0,,,,1.35,5.5,11.66,1.32,4.89,10.36
2010,2010-12-29,Wigan Athletic,Arsenal,6.5,4.2,1.5,,,,7.5,4.37,1.53,6.87,4.04,1.5
2010,2011-01-01,Birmingham City,Arsenal,5.5,3.6,1.67,,,,5.75,4.07,1.7,5.37,3.73,1.65
2010,2011-01-01,Liverpool,Bolton Wanderers,1.7,3.75,5.0,,,,1.72,3.85,6.0,1.67,3.65,5.39
2010,2011-01-01,Manchester City,Blackpool,1.29,5.5,10.0,,,,1.3,6.05,13.0,1.27,5.43,10.68
2010,2011-01-01,Stoke City,Everton,2.63,3.2,2.75,,,,2.97,3.3,2.8,2.71,3.19,2.64
2010,2011-01-01,Sunderland,Blackburn Rovers,1.83,3.5,4.5,,,,1.96,3.54,4.95,1.85,3.4,4.42
2010,2011-01-01,Tottenham Hotspur,Fulham,1.4,4.5,8.5,,,,1.54,4.5,8.5,1.45,4.14,7.58
2010,2011-01-01,West Bromwich Albion,Manchester United,6.0,4.2,1.53,,,,6.5,4.33,1.67,5.9,4.02,1.56
2010,2011-01-01,West Ham United,Wolverhampton Wanderers,2.0,3.4,3.8,,,,2.06,3.49,4.1,2.0,3.35,3.85
2010,2011-01-02,Chelsea,Aston Villa,1.25,5.5,13.0,,,,1.27,6.16,15.0,1.25,5.64,12.53
2010,2011-01-02,Wigan Athletic,Newcastle United,2.5,3.2,2.9,,,,2.55,3.36,3.14,2.45,3.24,2.9
2010,2011-01-04,Blackpool,Birmingham City,2.3,3.25,3.25,,,,2.4,3.4,3.3,2.3,3.26,3.12
2010,2011-01-04,Fulham,West Bromwich Albion,2.2,3.25,3.4,,,,2.23,3.41,3.75,2.16,3.25,3.43
2010,2011-01-04,Manchester United,Stoke City,1.25,5.75,12.0,,,,1.31,5.75,13.25,1.27,5.33,11.45
2010,2011-01-05,Arsenal,Manchester City,1.91,3.6,4.0,,,,2.05,3.77,4.17,1.94,3.49,3.86
2010,2011-01-05,Aston Villa,Sunderland,2.2,3.25,3.4,,,,2.21,3.5,3.73,2.15,3.26,3.39
2010,2011-01-05,Blackburn Rovers,Liverpool,3.4,3.25,2.2,,,,3.84,3.42,2.25,3.39,3.28,2.15
2010,2011-01-05,Bolton Wanderers,Wigan Athletic,1.73,3.6,5.0,,,,1.74,3.75,5.77,1.7,3.55,5.21
2010,2011-01-05,Everton,Tottenham Hotspur,2.63,3.25,2.75,,,,2.8,3.4,2.86,2.66,3.24,2.64
2010,2011-01-05,Newcastle United,West Ham United,1.83,3.6,4.33,,,,1.91,3.68,4.59,1.86,3.45,4.19
2010,2011-01-05,Wolverhampton Wanderers,Chelsea,8.0,4.2,1.44,,,,9.0,4.48,1.5,7.73,4.16,1.44
2010,2011-01-12,Blackpool,Liverpool,3.8,3.75,1.91,,,,4.21,3.82,1.96,3.87,3.57,1.91
2010,2011-01-15,Chelsea,Blackburn Rovers,1.29,5.5,11.0,,,,1.3,6.26,13.68,1.27,5.42,11.73
2010,2011-01-15,Manchester City,Wolverhampton Wanderers,1.33,5.0,10.0,,,,1.35,5.28,12.13,1.32,4.88,10.43
2010,2011-01-15,Stoke City,Bolton Wanderers,2.1,3.25,3.75,,,,2.15,3.36,3.93,2.12,3.25,3.59
2010,2011-01-15,West Bromwich Albion,Blackpool,1.8,3.6,4.5,,,,1.83,3.93,4.82,1.78,3.68,4.48
2010,2011-01-15,West Ham United,Arsenal,6.0,4.0,1.57,,,,6.77,4.29,1.62,6.29,3.9,1.56
2010,2011-01-15,Wigan Athletic,Fulham,2.5,3.25,2.88,,,,2.68,3.3,3.0,2.55,3.19,2.84
2010,2011-01-16,Birmingham City,Aston Villa,2.4,3.2,3.1,,,,2.5,3.28,3.25,2.41,3.2,3.01
2010,2011-01-16,Liverpool,Everton,2.2,3.2,3.5,,,,2.32,3.35,3.71,2.2,3.22,3.43
2010,2011-01-16,Sunderland,Newcastle United,2.2,3.25,3.4,,,,2.17,3.39,4.0,2.11,3.25,3.61
2010,2011-01-16,Tottenham Hotspur,Manchester United,2.88,3.3,2.5,,,,3.0,3.4,2.64,2.84,3.27,2.49
2010,2011-01-22,Arsenal,Wigan Athletic,1.2,6.5,15.0,,,,1.22,7.8,17.01,1.2,6.37,14.19
2010,2011-01-22,Aston Villa,Manchester City,3.5,3.4,2.1,,,,3.75,3.46,2.2,3.52,3.29,2.1
2010,2011-01-22,Blackpool,Sunderland,2.5,3.25,2.88,,,,2.55,3.45,3.03,2.47,3.28,2.82
2010,2011-01-22,Everton,West Ham United,1.5,4.0,7.5,,,,1.53,4.41,7.71,1.49,3.95,7.03
2010,2011-01-22,Fulham,Stoke City,2.2,3.2,3.5,,,,2.25,3.3,3.83,2.18,3.19,3.43
2010,2011-01-22,Manchester United,Birmingham City,1.2,6.5,15.0,,,,1.22,7.12,17.95,1.2,6.25,14.19
2010,2011-01-22,Newcastle United,Tottenham Hotspur,3.5,3.4,2.1,,,,3.75,3.5,2.25,3.39,3.34,2.13
2010,2011-01-22,Wolverhampton Wanderers,Liverpool,3.4,3.2,2.25,,,,3.51,3.32,2.35,3.21,3.22,2.27
2010,2011-01-23,Blackburn Rovers,West Bromwich Albion,2.25,3.3,3.25,,,,2.31,3.51,3.5,2.22,3.27,3.24
2010,2011-01-24,Bolton Wanderers,Chelsea,6.0,3.75,1.62,,,,6.0,4.1,1.67,5.5,3.66,1.63
2010,2011-01-25,Blackpool,Manchester United,8.0,5.0,1.36,,,,10.0,5.6,1.38,8.57,4.94,1.35
2010,2011-01-25,Wigan Athletic,Aston Villa,3.2,3.25,2.3,,,,3.61,3.4,2.38,3.23,3.26,2.24
2010,2011-01-26,Liverpool,Fulham,1.53,3.8,7.0,,,,1.57,4.22,7.33,1.53,3.88,6.44
2010,2011-02-01,Arsenal,Everton,1.4,4.5,8.5,,,,1.5,4.5,8.5,1.44,4.21,7.56
2010,2011-02-01,Manchester United,Aston Villa,1.33,5.0,9.5,,,,1.38,5.55,10.5,1.32,5.09,9.34
2010,2011-02-01,Sunderland,Chelsea,5.5,3.6,1.67,,,,5.75,3.8,1.8,5.33,3.6,1.68
2010,2011-02-01,West Bromwich Albion,Wigan Athletic,1.73,3.6,5.0,,,,1.8,3.86,5.66,1.71,3.58,5.13
2010,2011-02-02,Birmingham City,Manchester City,4.5,3.5,1.83,,,,4.73,3.62,1.9,4.37,3.42,1.84
2010,2011-02-02,Blackburn Rovers,Tottenham Hotspur,3.25,3.4,2.2,,,,3.38,3.42,2.38,3.12,3.27,2.29
2010,2011-02-02,Blackpool,West Ham United,2.38,3.3,3.0,,,,2.4,3.46,3.21,2.33,3.3,3.0
2010,2011-02-02,Bolton Wanderers,Wolverhampton Wanderers,1.83,3.5,4.5,,,,1.9,3.6,4.89,1.83,3.44,4.4
2010,2011-02-02,Fulham,Newcastle United,2.1,3.3,3.6,,,,2.12,3.44,4.06,2.06,3.27,3.68
2010,2011-02-02,Liverpool,Stoke City,1.62,3.75,6.0,,,,1.67,4.0,6.3,1.6,3.7,5.87
2010,2011-02-05,Aston Villa,Fulham,1.91,3.4,4.2,,,,2.02,3.53,4.33,1.93,3.38,3.99
2010,2011-02-05,Everton,Blackpool,1.44,4.5,7.0,,,,1.5,4.87,8.0,1.45,4.35,6.97
2010,2011-02-05,Manchester City,West Bromwich Albion,1.4,4.5,8.5,,,,1.46,4.7,9.0,1.41,4.38,7.78
2010,2011-02-05,Newcastle United,Arsenal,5.0,4.0,1.67,,,,5.8,4.03,1.7,5.21,3.77,1.65
2010,2011-02-05,Stoke City,Sunderland,2.1,3.2,3.75,,,,2.15,3.4,4.0,2.08,3.25,3.62
2010,2011-02-05,Tottenham Hotspur,Bolton Wanderers,1.57,4.0,6.0,,,,1.64,4.0,6.5,1.57,3.83,6.04
2010,2011-02-05,Wigan Athletic,Blackburn Rovers,2.5,3.25,2.9,,,,2.62,3.31,3.06,2.49,3.21,2.85
2010,2011-02-05,Wolverhampton Wanderers,Manchester United,8.5,4.5,1.4,,,,8.8,4.57,1.46,7.83,4.31,1.42
2010,2011-02-06,Chelsea,Liverpool,1.62,4.0,5.5,,,,1.64,4.2,6.33,1.6,3.87,5.57
2010,2011-02-06,West Ham United,Birmingham City,2.0,3.5,3.75,,,,2.11,3.5,4.02,2.04,3.32,3.65
2010,2011-02-12,Arsenal,Wolverhampton Wanderers,1.22,6.0,15.0,,,,1.28,6.5,15.14,1.23,5.83,12.79
2010,2011-02-12,Birmingham City,Stoke City,2.5,3.2,2.9,,,,2.6,3.28,3.15,2.47,3.18,2.93
2010,2011-02-12,Blackburn Rovers,Newcastle United,2.1,3.4,3.5,,,,2.19,3.47,3.8,2.11,3.28,3.51
2010,2011-02-12,Blackpool,Aston Villa,3.25,3.4,2.2,,,,3.45,3.66,2.25,3.21,3.42,2.18
2010,2011-02-12,Liverpool,Wigan Athletic,1.36,4.75,9.0,,,,1.4,5.09,10.5,1.36,4.56,9.43
2010,2011-02-12,Manchester United,Manchester City,1.73,3.6,5.0,,,,1.85,3.88,5.07,1.77,3.57,4.61
2010,2011-02-12,Sunderland,Tottenham Hotspur,2.75,3.25,2.6,,,,2.85,3.32,2.82,2.71,3.23,2.61
2010,2011-02-12,West Bromwich Albion,West Ham United,1.91,3.6,4.0,,,,2.0,3.82,4.16,1.93,3.52,3.86
2010,2011-02-13,Bolton Wanderers,Everton,2.75,3.25,2.6,,,,2.8,3.35,2.79,2.69,3.22,2.64
2010,2011-02-14,Fulham,Chelsea,5.0,3.6,1.73,,,,5.37,3.75,1.8,4.89,3.52,1.74
2010,2011-02-15,Birmingham City,Newcastle United,2.6,3.2,2.8,,,,2.6,3.31,3.06,2.52,3.21,2.87
2010,2011-02-20,West Bromwich Albion,Wolverhampton Wanderers,1.85,3.4,4.5,,,,1.92,3.61,4.74,1.86,3.4,4.33
2010,2011-02-22,Blackpool,Tottenham Hotspur,4.0,3.6,1.91,,,,5.0,3.8,1.92,4.21,3.67,1.84
2010,2011-02-23,Arsenal,Stoke City,1.3,5.25,10.0,,,,1.32,5.54,13.0,1.29,5.14,10.75
2010,2011-02-26,Aston Villa,Blackburn Rovers,1.73,3.6,5.0,,,,1.8,3.82,5.14,1.75,3.58,4.87
2010,2011-02-26,Everton,Sunderland,1.73,3.6,5.0,,,,1.76,3.84,5.6,1.72,3.55,5.08
2010,2011-02-26,Newcastle United,Bolton Wanderers,2.1,3.25,3.75,,,,2.16,3.46,3.88,2.08,3.29,3.61
2010,2011-02-26,Wigan Athletic,Manchester United,6.5,4.0,1.53,,,,7.0,4.07,1.62,6.46,3.85,1.55
2010,2011-02-26,Wolverhampton Wanderers,Blackpool,1.83,3.6,4.33,,,,1.91,3.86,4.5,1.83,3.58,4.28
2010,2011-02-27,Manchester City,Fulham,1.5,4.0,7.5,,,,1.54,4.2,8.12,1.5,3.91,7.17
2010,2011-02-27,West Ham United,Liverpool,3.4,3.3,2.2,,,,3.75,3.4,2.29,3.44,3.27,2.15
2010,2011-02-28,Stoke City,West Bromwich Albion,1.91,3.4,4.2,,,,1.97,3.54,4.35,1.92,3.39,4.09
2010,2011-03-01,Chelsea,Manchester United,2.2,3.2,3.6,,,,2.25,3.4,3.94,2.16,3.22,3.56
2010,2011-03-05,Arsenal,Sunderland,1.44,4.33,7.5,,,,1.53,4.5,8.5,1.46,4.14,7.52
2010,2011-03-05,Birmingham City,West Bromwich Albion,2.38,3.2,3.1,,,,2.52,3.3,3.4,2.33,3.18,3.17
2010,2011-03-05,Bolton Wanderers,Aston Villa,2.25,3.4,3.2,,,,2.32,3.44,3.45,2.26,3.28,3.2
2010,2011-03-05,Fulham,Blackburn Rovers,1.73,3.6,5.0,,,,1.75,3.84,5.61,1.71,3.57,5.15
2010,2011-03-05,Manchester City,Wigan Athletic,1.36,4.75,9.0,,,,1.4,5.0,10.5,1.37,4.51,9.32
2010,2011-03-05,Newcastle United,Everton,2.6,3.2,2.8,,,,2.66,3.4,2.89,2.58,3.23,2.75
2010,2011-03-05,West Ham United,Stoke City,2.25,3.3,3.25,,,,2.25,3.37,3.61,2.21,3.27,3.3
2010,2011-03-06,Liverpool,Manchester United,2.8,3.2,2.6,,,,2.94,3.35,2.67,2.81,3.22,2.55
2010,2011-03-06,Wolverhampton Wanderers,Tottenham Hotspur,3.0,3.3,2.38,,,,3.1,3.4,2.57,2.94,3.25,2.42
2010,2011-03-07,Blackpool,Chelsea,10.0,5.5,1.3,,,,11.12,6.02,1.34,9.77,5.31,1.3
2010,2011-03-09,Everton,Birmingham City,1.53,4.0,6.5,,,,1.58,4.16,7.37,1.54,3.82,6.66
2010,2011-03-19,Aston Villa,Wolverhampton Wanderers,1.83,3.5,4.5,,,,1.98,3.61,4.5,1.88,3.45,4.22
2010,2011-03-19,Blackburn Rovers,Blackpool,1.8,3.6,4.5,,,,1.87,3.88,4.53,1.82,3.6,4.33
2010,2011-03-19,Everton,Fulham,2.0,3.25,4.0,,,,2.08,3.4,4.33,2.01,3.27,3.91
2010,2011-03-19,Manchester United,Bolton Wanderers,1.36,4.75,9.0,,,,1.45,4.75,9.5,1.4,4.41,8.54
2010,2011-03-19,Stoke City,Newcastle United,2.2,3.25,3.4,,,,2.3,3.31,3.78,2.2,3.25,3.39
2010,2011-03-19,Tottenham Hotspur,West Ham United,1.57,4.0,6.0,,,,1.62,4.26,6.5,1.57,3.91,6.0
2010,2011-03-19,West Bromwich Albion,Arsenal,5.0,3.6,1.73,,,,5.0,3.82,1.84,4.67,3.59,1.76
2010,2011-03-19,Wigan Athletic,Birmingham City,2.1,3.3,3.6,,,,2.25,3.36,3.75,2.16,3.25,3.47
2010,2011-03-20,Chelsea,Manchester City,1.62,3.75,6.0,,,,1.7,3.92,6.28,1.65,3.67,5.64
2010,2011-03-20,Sunderland,Liverpool,2.63,3.2,2.75,,,,2.77,3.3,2.85,2.65,3.19,2.72
2010,2011-04-02,Arsenal,Blackburn Rovers,1.25,6.0,11.0,,,,1.29,6.65,15.0,1.25,5.8,12.02
2010,2011-04-02,Birmingham City,Bolton Wanderers,2.5,3.25,2.88,,,,2.6,3.4,3.06,2.5,3.25,2.86
2010,2011-04-02,Everton,Aston Villa,1.83,3.6,4.33,,,,1.94,3.66,4.7,1.85,3.49,4.35
2010,2011-04-02,Newcastle United,Wolverhampton Wanderers,1.95,3.4,4.0,,,,2.09,3.52,4.2,1.99,3.39,3.86
2010,2011-04-02,Stoke City,Chelsea,5.5,3.6,1.67,,,,6.2,3.85,1.73,5.42,3.61,1.68
2010,2011-04-02,West Bromwich Albion,Liverpool,3.0,3.3,2.38,,,,3.2,3.4,2.46,3.04,3.26,2.37
2010,2011-04-02,West Ham United,Manchester United,4.5,3.6,1.8,,,,4.8,3.87,1.85,4.52,3.56,1.8
2010,2011-04-02,Wigan Athletic,Tottenham Hotspur,3.0,3.25,2.4,,,,3.3,3.4,2.46,3.08,3.27,2.35
2010,2011-04-03,Fulham,Blackpool,1.53,4.2,6.0,,,,1.6,4.47,6.5,1.55,4.09,5.98
2010,2011-04-03,Manchester City,Sunderland,1.5,4.0,7.0,,,,1.54,4.3,7.5,1.52,3.96,6.9
2010,2011-04-09,Blackburn Rovers,Birmingham City,2.0,3.3,4.0,,,,2.05,3.41,4.27,2.01,3.3,3.91
2010,2011-04-09,Bolton Wanderers,West Ham United,2.2,3.25,3.4,,,,2.25,3.46,3.75,2.15,3.29,3.49
2010,2011-04-09,Chelsea,Wigan Athletic,1.2,6.0,17.0,,,,1.23,6.95,18.0,1.21,6.14,14.89
2010,2011-04-09,Manchester United,Fulham,1.44,4.33,7.5,,,,1.52,4.5,8.6,1.45,4.22,7.58
2010,2011-04-09,Sunderland,West Bromwich Albion,2.2,3.2,3.5,,,,2.3,3.4,3.6,2.2,3.25,3.39
2010,2011-04-09,Tottenham Hotspur,Stoke City,1.73,3.6,5.0,,,,1.8,3.82,5.74,1.74,3.55,4.95
2010,2011-04-09,Wolverhampton Wanderers,Everton,2.6,3.25,2.8,,,,2.65,3.4,2.92,2.55,3.25,2.8
2010,2011-04-10,Aston Villa,Newcastle United,1.83,3.6,4.33,,,,1.91,3.78,4.62,1.84,3.54,4.31
2010,2011-04-10,Blackpool,Arsenal,8.5,5.0,1.36,,,,8.65,5.42,1.42,7.92,4.79,1.39
2010,2011-04-11,Liverpool,Manchester City,2.6,3.2,2.8,,,,2.76,3.34,2.9,2.59,3.21,2.76
2010,2011-04-16,Birmingham City,Sunderland,2.25,3.2,3.4,,,,2.25,3.46,3.83,2.15,3.29,3.46
2010,2011-04-16,Blackpool,Wigan Athletic,2.3,3.5,3.0,,,,2.45,3.54,3.2,2.34,3.37,2.98
2010,2011-04-16,Everton,Blackburn Rovers,1.67,3.75,5.5,,,,1.73,3.9,6.06,1.68,3.65,5.32
2010,2011-04-16,West Bromwich Albion,Chelsea,5.5,3.6,1.7,,,,5.79,3.85,1.73,5.2,3.62,1.7
2010,2011-04-16,West Ham United,Aston Villa,2.25,3.3,3.25,,,,2.35,3.5,3.34,2.27,3.33,3.15
2010,2011-04-17,Arsenal,Liverpool,1.73,3.6,5.0,,,,1.75,4.0,5.59,1.72,3.63,4.99
2010,2011-04-19,Newcastle United,Manchester United,5.5,3.6,1.67,,,,6.03,4.0,1.7,5.49,3.74,1.66
2010,2011-04-20,Chelsea,Birmingham City,1.2,6.5,15.0,,,,1.23,7.0,17.19,1.21,6.1,14.72
2010,2011-04-20,Tottenham Hotspur,Arsenal,2.88,3.4,2.4,,,,2.95,3.5,2.6,2.82,3.35,2.48
2010,2011-04-23,Aston Villa,Stoke City,1.8,3.6,4.5,,,,1.87,3.66,4.84,1.82,3.49,4.5
2010,2011-04-23,Blackpool,Newcastle United,2.88,3.5,2.38,,,,3.0,3.61,2.51,2.86,3.39,2.41
2010,2011-04-23,Chelsea,West Ham United,1.2,6.5,15.0,,,,1.25,7.03,16.64,1.22,6.06,13.52
2010,2011-04-23,Liverpool,Birmingham City,1.44,4.33,7.5,,,,1.5,4.52,8.5,1.46,4.18,7.62
2010,2011-04-23,Manchester United,Everton,1.44,4.33,7.5,,,,1.5,4.6,8.9,1.45,4.21,7.72
2010,2011-04-23,Sunderland,Wigan Athletic,2.1,3.25,3.75,,,,2.18,3.4,4.0,2.09,3.27,3.66
2010,2011-04-23,Tottenham Hotspur,West Bromwich Albion,1.57,4.0,6.0,,,,1.6,4.23,6.58,1.56,3.98,6.01
2010,2011-04-23,Wolverhampton Wanderers,Fulham,2.5,3.25,2.88,,,,2.63,3.3,3.02,2.5,3.24,2.86
2010,2011-04-24,Bolton Wanderers,Arsenal,4.5,3.8,1.75,,,,5.15,4.0,1.8,4.74,3.7,1.74
2010,2011-04-25,Blackburn Rovers,Manchester City,3.6,3.3,2.1,,,,3.93,3.42,2.15,3.59,3.31,2.1
2010,2011-04-26,Stoke City,Wolverhampton Wanderers,1.8,3.4,5.0,,,,1.87,3.6,5.15,1.82,3.46,4.59
2010,2011-04-27,Fulham,Bolton Wanderers,1.8,3.5,4.75,,,,1.87,3.64,5.02,1.82,3.47,4.51
2010,2011-04-30,Blackburn Rovers,Bolton Wanderers,1.91,3.5,4.0,,,,2.07,3.54,4.0,1.99,3.41,3.81
2010,2011-04-30,Blackpool,Stoke City,2.63,3.4,2.63,,,,2.8,3.6,2.7,2.66,3.38,2.57
2010,2011-04-30,Chelsea,Tottenham Hotspur,1.44,4.33,7.5,,,,1.53,4.63,7.93,1.48,4.18,6.95
2010,2011-04-30,Sunderland,Fulham,2.6,3.2,2.8,,,,2.69,3.3,3.0,2.55,3.18,2.84
2010,2011-04-30,West Bromwich Albion,Aston Villa,2.38,3.3,3.0,,,,2.4,3.4,3.3,2.31,3.29,3.09
2010,2011-04-30,Wigan Athletic,Everton,2.8,3.25,2.6,,,,3.0,3.4,2.63,2.8,3.26,2.53
2010,2011-05-01,Arsenal,Manchester United,2.5,3.25,2.88,,,,2.63,3.48,2.96,2.52,3.28,2.8
2010,2011-05-01,Birmingham City,Wolverhampton Wanderers,2.1,3.3,3.6,,,,2.2,3.4,4.0,2.09,3.29,3.6
2010,2011-05-01,Liverpool,Newcastle United,1.44,4.33,7.5,,,,1.51,4.5,8.0,1.47,4.11,7.26
2010,2011-05-01,Manchester City,West Ham United,1.4,4.5,9.0,,,,1.44,4.87,9.56,1.4,4.45,8.47
2010,2011-05-07,Aston Villa,Wigan Athletic,1.8,3.6,4.5,,,,1.85,3.75,5.08,1.8,3.55,4.52
2010,2011-05-07,Bolton Wanderers,Sunderland,1.83,3.5,4.5,,,,1.85,3.72,5.5,1.79,3.52,4.67
2010,2011-05-07,Everton,Manchester City,2.7,3.2,2.7,,,,2.85,3.4,2.8,2.72,3.24,2.62
2010,2011-05-07,Newcastle United,Birmingham City,1.91,3.4,4.2,,,,2.0,3.55,4.5,1.92,3.39,4.1
2010,2011-05-07,Tottenham Hotspur,Blackpool,1.3,5.5,10.0,,,,1.33,6.12,11.0,1.3,5.46,9.6
2010,2011-05-07,West Ham United,Blackburn Rovers,1.95,3.6,3.8,,,,2.05,3.66,4.0,1.98,3.44,3.79
2010,2011-05-08,Manchester United,Chelsea,2.38,3.25,3.1,,,,2.45,3.41,3.33,2.34,3.27,3.08
2010,2011-05-08,Stoke City,Arsenal,5.5,3.75,1.67,,,,5.5,4.0,1.75,5.02,3.67,1.71
2010,2011-05-08,Wolverhampton Wanderers,West Bromwich Albion,2.1,3.4,3.5,,,,2.29,3.5,3.6,2.19,3.32,3.33
2010,2011-05-09,Fulham,Liverpool,2.88,3.25,2.5,,,,3.05,3.35,2.55,2.91,3.25,2.45
2010,2011-05-10,Manchester City,Tottenham Hotspur,1.91,3.4,4.2,,,,2.0,3.52,4.5,1.93,3.38,4.09
2010,2011-05-14,Blackburn Rovers,Manchester United,5.0,3.6,1.73,,,,6.05,3.6,1.75,5.39,3.46,1.72
2010,2011-05-14,Blackpool,Bolton Wanderers,2.2,3.4,3.25,,,,2.2,3.64,3.52,2.15,3.47,3.3
2010,2011-05-14,Sunderland,Wolverhampton Wanderers,2.5,3.25,2.88,,,,2.77,3.49,2.9,2.59,3.3,2.72
2010,2011-05-14,West Bromwich Albion,Everton,2.63,3.25,2.75,,,,2.75,3.4,2.81,2.63,3.28,2.69
2010,2011-05-15,Arsenal,Aston Villa,1.36,5.0,8.5,,,,1.4,5.3,10.0,1.36,4.86,8.69
2010,2011-05-15,Birmingham City,Fulham,2.2,3.25,3.4,,,,2.31,3.37,3.75,2.19,3.26,3.4
2010,2011-05-15,Chelsea,Newcastle United,1.25,6.0,11.0,,,,1.26,6.94,15.17,1.23,6.12,13.07
2010,2011-05-15,Liverpool,Tottenham Hotspur,1.73,3.8,4.75,,,,1.8,3.96,5.11,1.74,3.7,4.67
2010,2011-05-15,Wigan Athletic,West Ham United,2.1,3.4,3.5,,,,2.22,3.5,3.6,2.15,3.39,3.38
2010,2011-05-17,Manchester City,Stoke City,1.36,4.75,9.0,,,,1.48,4.6,9.2,1.42,4.34,8.23
2010,2011-05-22,Aston Villa,Liverpool,3.2,3.4,2.25,,,,3.34,3.47,2.38,3.11,3.3,2.28
2010,2011-05-22,Bolton Wanderers,Manchester City,5.0,3.75,1.7,,,,5.45,4.06,1.73,4.92,3.72,1.69
2010,2011-05-22,Everton,Chelsea,3.1,3.25,2.38,,,,3.25,3.52,2.43,3.04,3.32,2.31
2010,2011-05-22,Fulham,Arsenal,3.75,3.6,1.95,,,,3.85,3.67,2.12,3.63,3.46,2.01
2010,2011-05-22,Manchester United,Blackpool,1.6,4.0,5.5,,,,1.6,4.46,6.61,1.56,4.13,5.57
2010,2011-05-22,Newcastle United,West Bromwich Albion,2.0,3.5,3.75,,,,2.14,3.6,3.88,2.03,3.38,3.63
2010,2011-05-22,Stoke City,Wigan Athletic,2.75,3.6,2.4,,,,2.9,3.7,2.61,2.76,3.42,2.45
2010,2011-05-22,Tottenham Hotspur,Birmingham City,1.53,4.0,6.5,,,,1.57,4.5,6.87,1.53,4.07,6.13
2010,2011-05-22,West Ham United,Sunderland,2.0,3.5,3.75,,,,2.03,3.62,4.0,1.97,3.44,3.74
2010,2011-05-22,Wolverhampton Wanderers,Blackburn Rovers,2.2,3.0,3.75,,,,2.23,3.2,4.04,2.13,3.11,3.68
2011,2011-08-13,Blackburn Rovers,Wolverhampton Wanderers,2.2,3.2,3.5,,,,2.22,3.43,3.75,2.13,3.29,3.52
2011,2011-08-13,Fulham,Aston Villa,2.2,3.2,3.5,,,,2.2,3.43,3.86,2.12,3.28,3.53
2011,2011-08-13,Liverpool,Sunderland,1.57,3.6,7.0,,,,1.57,4.2,8.04,1.5,3.92,7.3
2011,2011-08-13,Newcastle United,Arsenal,3.75,3.25,2.1,,,,4.0,3.52,2.15,3.68,3.35,2.05
2011,2011-08-13,Queens Park Rangers,Bolton Wanderers,2.4,3.25,3.0,,,,2.4,3.4,3.4,2.3,3.26,3.14
2011,2011-08-13,Wigan Athletic,Norwich City,2.2,3.2,3.5,,,,2.2,3.46,3.85,2.1,3.31,3.55
2011,2011-08-14,Stoke City,Chelsea,5.5,3.5,1.7,,,,6.2,3.8,1.72,5.54,3.61,1.66
2011,2011-08-14,West Bromwich Albion,Manchester United,6.5,4.0,1.53,,,,7.25,4.33,1.56,6.66,4.02,1.51
2011,2011-08-15,Manchester City,Swansea City,1.29,5.0,13.0,,,,1.29,6.1,15.0,1.26,5.47,12.43
2011,2011-08-20,Arsenal,Liverpool,2.5,3.25,2.9,,,,2.67,3.3,3.02,2.53,3.2,2.86
2011,2011-08-20,Aston Villa,Blackburn Rovers,1.73,3.4,5.5,,,,1.78,3.64,6.0,1.72,3.49,5.2
2011,2011-08-20,Chelsea,West Bromwich Albion,1.3,5.5,10.0,,,,1.33,5.63,12.0,1.29,5.28,10.68
2011,2011-08-20,Everton,Queens Park Rangers,1.53,3.8,7.0,,,,1.58,4.09,7.81,1.53,3.83,6.89
2011,2011-08-20,Sunderland,Newcastle United,2.2,3.25,3.4,,,,2.2,3.4,3.9,2.13,3.27,3.53
2011,2011-08-20,Swansea City,Wigan Athletic,2.1,3.3,3.6,,,,2.2,3.34,3.94,2.14,3.27,3.51
2011,2011-08-21,Bolton Wanderers,Manchester City,4.75,3.5,1.8,,,,5.2,3.63,1.85,4.69,3.46,1.8
2011,2011-08-21,Norwich City,Stoke City,2.6,3.3,2.75,,,,2.63,3.4,3.0,2.52,3.24,2.82
2011,2011-08-21,Wolverhampton Wanderers,Fulham,2.38,3.25,3.1,,,,2.4,3.35,3.34,2.33,3.25,3.11
2011,2011-08-22,Manchester United,Tottenham Hotspur,1.67,3.75,5.5,,,,1.67,3.95,6.09,1.63,3.72,5.59
2011,2011-08-27,Aston Villa,Wolverhampton Wanderers,2.1,3.25,3.75,,,,2.1,3.5,4.2,2.02,3.3,3.81
2011,2011-08-27,Blackburn Rovers,Everton,3.3,3.25,2.25,,,,3.49,3.35,2.4,3.14,3.26,2.3
2011,2011-08-27,Chelsea,Norwich City,1.2,6.5,15.0,,,,1.23,7.21,19.47,1.2,6.18,14.66
2011,2011-08-27,Liverpool,Bolton Wanderers,1.4,4.5,8.5,,,,1.45,4.75,8.96,1.41,4.35,8.11
2011,2011-08-27,Swansea City,Sunderland,2.38,3.3,3.0,,,,2.54,3.4,3.25,2.41,3.24,2.96
2011,2011-08-27,Wigan Athletic,Queens Park Rangers,2.25,3.3,3.25,,,,2.4,3.34,3.41,2.28,3.25,3.15
2011,2011-08-28,Manchester United,Arsenal,1.5,4.33,6.5,,,,1.53,4.52,7.8,1.48,4.16,6.95
2011,2011-08-28,Newcastle United,Fulham,2.1,3.25,3.75,,,,2.2,3.4,3.8,2.11,3.26,3.55
2011,2011-08-28,Tottenham Hotspur,Manchester City,2.88,3.3,2.5,,,,3.1,3.4,2.54,2.85,3.28,2.47
2011,2011-08-28,West Bromwich Albion,Stoke City,2.1,3.25,3.75,,,,2.16,3.4,4.0,2.06,3.27,3.68
2011,2011-09-10,Arsenal,Swansea City,1.36,4.75,9.0,,,,1.39,5.17,11.0,1.35,4.66,9.19
2011,2011-09-10,Bolton Wanderers,Manchester United,9.0,4.5,1.4,,,,9.0,5.0,1.45,7.91,4.41,1.42
2011,2011-09-10,Everton,Aston Villa,2.0,3.4,3.8,,,,2.16,3.5,4.04,2.04,3.27,3.76
2011,2011-09-10,Manchester City,Wigan Athletic,1.17,7.0,17.0,,,,1.2,7.85,20.18,1.17,6.88,16.27
2011,2011-09-10,Stoke City,Liverpool,3.25,3.3,2.25,,,,3.55,3.4,2.33,3.33,3.25,2.21
2011,2011-09-10,Sunderland,Chelsea,5.0,3.75,1.7,,,,5.62,3.79,1.74,5.19,3.6,1.69
2011,2011-09-10,Wolverhampton Wanderers,Tottenham Hotspur,3.0,3.25,2.4,,,,3.16,3.4,2.5,2.91,3.29,2.42
2011,2011-09-11,Fulham,Blackburn Rovers,1.67,3.6,5.5,,,,1.73,3.83,6.06,1.67,3.56,5.44
2011,2011-09-11,Norwich City,West Bromwich Albion,2.5,3.25,2.88,,,,2.62,3.45,2.92,2.49,3.27,2.82
2011,2011-09-12,Queens Park Rangers,Newcastle United,2.4,3.25,3.0,,,,2.52,3.4,3.18,2.43,3.23,2.94
2011,2011-09-17,Aston Villa,Newcastle United,1.91,3.4,4.2,,,,2.0,3.52,4.5,1.93,3.36,4.09
2011,2011-09-17,Blackburn Rovers,Arsenal,4.2,3.4,1.91,,,,4.66,3.57,1.93,4.27,3.42,1.87
2011,2011-09-17,Bolton Wanderers,Norwich City,1.8,3.6,4.6,,,,1.83,3.75,5.25,1.76,3.52,4.77
2011,2011-09-17,Everton,Wigan Athletic,1.5,4.0,7.0,,,,1.57,4.14,8.0,1.52,3.84,6.94
2011,2011-09-17,Swansea City,West Bromwich Albion,2.63,3.2,2.75,,,,2.8,3.32,2.9,2.64,3.2,2.71
2011,2011-09-17,Wolverhampton Wanderers,Queens Park Rangers,1.91,3.4,4.2,,,,2.01,3.6,4.5,1.94,3.38,4.02
2011,2011-09-18,Fulham,Manchester City,6.5,3.8,1.57,,,,7.0,4.08,1.62,6.28,3.8,1.57
2011,2011-09-18,Manchester United,Chelsea,1.83,3.5,4.5,,,,1.88,3.75,4.8,1.82,3.44,4.36
2011,2011-09-18,Sunderland,Stoke City,2.4,3.2,3.1,,,,2.47,3.3,3.33,2.38,3.2,3.05
2011,2011-09-18,Tottenham Hotspur,Liverpool,2.63,3.4,2.63,,,,2.72,3.4,2.84,2.62,3.26,2.68
2011,2011-09-24,Arsenal,Bolton Wanderers,1.44,4.5,7.0,,,,1.47,4.8,8.61,1.44,4.27,7.55
2011,2011-09-24,Chelsea,Swansea City,1.2,6.5,15.0,,,,1.23,7.33,19.0,1.2,6.51,13.75
2011,2011-09-24,Liverpool,Wolverhampton Wanderers,1.36,4.5,10.0,,,,1.4,5.0,10.0,1.38,4.59,8.62
2011,2011-09-24,Manchester City,Everton,1.44,4.33,7.5,,,,1.48,4.75,9.0,1.43,4.32,7.8
2011,2011-09-24,Newcastle United,Blackburn Rovers,1.83,3.5,4.5,,,,1.91,3.61,5.0,1.85,3.41,4.39
2011,2011-09-24,Stoke City,Manchester United,6.5,4.0,1.53,,,,7.18,4.33,1.58,6.53,3.94,1.53
2011,2011-09-24,West Bromwich Albion,Fulham,2.3,3.25,3.25,,,,2.4,3.35,3.38,2.3,3.25,3.13
2011,2011-09-24,Wigan Athletic,Tottenham Hotspur,4.0,3.5,1.91,,,,4.49,3.65,2.0,3.97,3.43,1.93
2011,2011-09-25,Queens Park Rangers,Aston Villa,2.3,3.25,3.2,,,,2.4,3.36,3.36,2.31,3.23,3.14
2011,2011-09-26,Norwich City,Sunderland,2.5,3.4,2.8,,,,2.6,3.4,3.1,2.46,3.26,2.87
2011,2011-10-01,Aston Villa,Wigan Athletic,1.62,3.75,6.0,,,,1.7,4.0,6.5,1.62,3.71,5.79
2011,2011-10-01,Blackburn Rovers,Manchester City,6.5,3.75,1.57,,,,6.72,4.2,1.62,5.99,3.9,1.57
2011,2011-10-01,Everton,Liverpool,3.1,3.2,2.4,,,,3.21,3.32,2.57,2.94,3.22,2.44
2011,2011-10-01,Manchester United,Norwich City,1.17,7.0,17.0,,,,1.19,8.28,25.0,1.16,7.16,17.04
2011,2011-10-01,Sunderland,West Bromwich Albion,2.25,3.4,3.2,,,,2.34,3.43,3.4,2.23,3.31,3.24
2011,2011-10-01,Wolverhampton Wanderers,Newcastle United,2.5,3.25,2.88,,,,2.54,3.4,3.1,2.43,3.26,2.92
2011,2011-10-02,Bolton Wanderers,Chelsea,6.5,4.0,1.53,,,,7.2,4.46,1.57,6.52,4.0,1.52
2011,2011-10-02,Fulham,Queens Park Rangers,2.0,3.3,4.0,,,,2.03,3.6,4.16,1.97,3.33,3.94
2011,2011-10-02,Swansea City,Stoke City,2.63,3.25,2.75,,,,2.8,3.31,2.95,2.59,3.21,2.76
2011,2011-10-02,Tottenham Hotspur,Arsenal,2.1,3.4,3.5,,,,2.2,3.62,3.7,2.12,3.4,3.39
2011,2011-10-15,Chelsea,Everton,1.36,4.5,10.0,,,,1.39,5.1,11.0,1.35,4.66,9.43
2011,2011-10-15,Liverpool,Manchester United,3.0,3.3,2.4,,,,3.2,3.4,2.57,2.95,3.25,2.43
2011,2011-10-15,Manchester City,Aston Villa,1.33,5.0,10.0,,,,1.37,5.4,10.89,1.34,4.83,9.5
2011,2011-10-15,Norwich City,Swansea City,2.2,3.3,3.4,,,,2.25,3.46,3.6,2.19,3.28,3.33
2011,2011-10-15,Queens Park Rangers,Blackburn Rovers,1.83,3.5,4.5,,,,1.95,3.65,4.8,1.85,3.42,4.37
2011,2011-10-15,Stoke City,Fulham,2.2,3.2,3.5,,,,2.24,3.3,3.8,2.14,3.21,3.53
2011,2011-10-15,Wigan Athletic,Bolton Wanderers,2.3,3.3,3.2,,,,2.38,3.42,3.3,2.29,3.28,3.12
2011,2011-10-16,Arsenal,Sunderland,1.44,4.33,7.5,,,,1.49,4.63,8.5,1.44,4.28,7.63
2011,2011-10-16,Newcastle United,Tottenham Hotspur,3.0,3.3,2.4,,,,3.13,3.5,2.5,2.9,3.29,2.42
2011,2011-10-16,West Bromwich Albion,Wolverhampton Wanderers,2.0,3.3,4.0,,,,2.1,3.51,4.12,2.01,3.32,3.83
2011,2011-10-22,Aston Villa,West Bromwich Albion,2.0,3.3,4.0,,,,2.11,3.4,4.33,2.0,3.29,3.86
2011,2011-10-22,Bolton Wanderers,Sunderland,2.2,3.2,3.5,,,,2.32,3.4,3.6,2.21,3.23,3.33
2011,2011-10-22,Liverpool,Norwich City,1.29,5.5,11.0,,,,1.33,5.72,12.12,1.29,5.16,10.77
2011,2011-10-22,Newcastle United,Wigan Athletic,1.57,3.8,6.5,,,,1.62,4.06,6.95,1.58,3.75,6.09
2011,2011-10-22,Wolverhampton Wanderers,Swansea City,2.0,3.4,3.8,,,,2.05,3.6,4.2,1.99,3.35,3.81
2011,2011-10-23,Arsenal,Stoke City,1.53,4.0,6.5,,,,1.6,4.33,7.06,1.55,3.88,6.33
2011,2011-10-23,Blackburn Rovers,Tottenham Hotspur,4.0,3.5,1.91,,,,4.44,3.72,1.95,4.02,3.5,1.9
2011,2011-10-23,Fulham,Everton,2.25,3.25,3.3,,,,2.44,3.4,3.3,2.34,3.22,3.09
2011,2011-10-23,Manchester United,Manchester City,2.0,3.4,3.8,,,,2.12,3.5,3.89,2.05,3.35,3.63
2011,2011-10-23,Queens Park Rangers,Chelsea,9.5,5.0,1.33,,,,10.16,5.0,1.4,8.84,4.64,1.36
2011,2011-10-29,Chelsea,Arsenal,1.62,4.0,5.5,,,,1.67,4.1,6.05,1.61,3.8,5.61
2011,2011-10-29,Everton,Manchester United,4.5,3.6,1.8,,,,5.0,3.83,1.9,4.57,3.55,1.78
2011,2011-10-29,Manchester City,Wolverhampton Wanderers,1.17,7.0,19.0,,,,1.18,8.5,24.0,1.16,7.02,18.49
2011,2011-10-29,Norwich City,Blackburn Rovers,1.91,3.6,4.0,,,,2.05,3.61,4.16,1.96,3.42,3.87
2011,2011-10-29,Sunderland,Aston Villa,2.1,3.3,3.6,,,,2.25,3.4,3.86,2.15,3.27,3.45
2011,2011-10-29,Swansea City,Bolton Wanderers,2.1,3.3,3.6,,,,2.16,3.5,3.84,2.09,3.32,3.54
2011,2011-10-29,West Bromwich Albion,Liverpool,4.0,3.3,2.0,,,,4.0,3.5,2.1,3.77,3.32,2.02
2011,2011-10-29,Wigan Athletic,Fulham,2.88,3.25,2.5,,,,3.18,3.34,2.55,2.91,3.23,2.46
2011,2011-10-30,Tottenham Hotspur,Queens Park Rangers,1.36,4.75,9.0,,,,1.41,5.2,9.5,1.37,4.66,8.56
2011,2011-10-31,Stoke City,Newcastle United,2.1,3.2,3.8,,,,2.22,3.4,3.8,2.13,3.25,3.52
2011,2011-11-05,Arsenal,West Bromwich Albion,1.4,4.5,8.5,,,,1.45,5.0,9.0,1.41,4.5,7.76
2011,2011-11-05,Aston Villa,Norwich City,1.83,3.5,4.5,,,,1.91,3.72,4.7,1.82,3.53,4.38
2011,2011-11-05,Blackburn Rovers,Chelsea,7.5,4.33,1.44,,,,8.06,4.64,1.5,7.09,4.3,1.45
2011,2011-11-05,Liverpool,Swansea City,1.29,5.5,10.0,,,,1.36,5.65,12.0,1.3,5.15,10.42
2011,2011-11-05,Manchester United,Sunderland,1.25,5.5,13.0,,,,1.27,6.5,15.0,1.24,5.77,12.84
2011,2011-11-05,Newcastle United,Everton,2.25,3.25,3.3,,,,2.38,3.4,3.48,2.24,3.26,3.23
2011,2011-11-05,Queens Park Rangers,Manchester City,10.0,5.0,1.33,,,,11.0,5.28,1.4,9.29,4.92,1.34
2011,2011-11-06,Bolton Wanderers,Stoke City,2.4,3.3,3.0,,,,2.5,3.41,3.3,2.36,3.26,3.0
2011,2011-11-06,Fulham,Tottenham Hotspur,3.25,3.3,2.25,,,,3.4,3.46,2.42,3.15,3.29,2.27
2011,2011-11-06,Wolverhampton Wanderers,Wigan Athletic,1.91,3.3,4.33,,,,2.0,3.5,4.63,1.9,3.38,4.2
2011,2011-11-19,Everton,Wolverhampton Wanderers,1.57,3.75,6.5,,,,1.67,3.96,7.04,1.59,3.7,6.08
2011,2011-11-19,Manchester City,Newcastle United,1.3,5.5,10.0,,,,1.33,5.94,11.61,1.29,5.22,10.3
2011,2011-11-19,Norwich City,Arsenal,5.5,3.6,1.67,,,,5.5,3.85,1.75,5.06,3.66,1.69
2011,2011-11-19,Stoke City,Queens Park Rangers,1.83,3.5,4.5,,,,1.87,3.64,5.0,1.8,3.47,4.56
2011,2011-11-19,Sunderland,Fulham,2.3,3.25,3.2,,,,2.4,3.35,3.35,2.33,3.22,3.11
2011,2011-11-19,Swansea City,Manchester United,6.5,4.2,1.5,,,,8.0,4.27,1.53,7.03,4.02,1.49
2011,2011-11-19,West Bromwich Albion,Bolton Wanderers,2.0,3.4,3.8,,,,2.1,3.51,4.05,2.0,3.35,3.78
2011,2011-11-19,Wigan Athletic,Blackburn Rovers,2.5,3.25,2.88,,,,2.62,3.41,3.08,2.47,3.27,2.84
2011,2011-11-20,Chelsea,Liverpool,1.83,3.5,4.5,,,,1.91,3.67,4.8,1.81,3.47,4.51
2011,2011-11-21,Tottenham Hotspur,Aston Villa,1.57,4.0,6.0,,,,1.6,4.4,7.02,1.53,3.98,6.32
2011,2011-11-26,Arsenal,Fulham,1.44,4.2,8.0,,,,1.5,4.53,9.0,1.45,4.19,7.65
2011,2011-11-26,Bolton Wanderers,Everton,3.1,3.25,2.38,,,,3.25,3.42,2.42,3.01,3.25,2.37
2011,2011-11-26,Chelsea,Wolverhampton Wanderers,1.22,6.0,15.0,,,,1.25,6.5,15.5,1.23,5.85,13.01
2011,2011-11-26,Manchester United,Newcastle United,1.4,4.5,8.5,,,,1.4,5.0,10.0,1.37,4.55,8.74
2011,2011-11-26,Norwich City,Queens Park Rangers,2.1,3.4,3.5,,,,2.25,3.52,3.59,2.18,3.33,3.3
2011,2011-11-26,Stoke City,Blackburn Rovers,1.83,3.5,4.5,,,,1.85,3.67,5.0,1.8,3.48,4.53
2011,2011-11-26,Sunderland,Wigan Athletic,1.67,3.6,5.5,,,,1.73,3.84,5.83,1.68,3.57,5.29
2011,2011-11-26,West Bromwich Albion,Tottenham Hotspur,4.0,3.6,1.91,,,,4.38,3.75,2.0,3.99,3.49,1.9
2011,2011-11-27,Liverpool,Manchester City,2.75,3.2,2.63,,,,2.9,3.43,2.71,2.78,3.26,2.51
2011,2011-11-27,Swansea City,Aston Villa,2.2,3.25,3.4,,,,2.3,3.5,3.53,2.22,3.28,3.25
2011,2011-12-03,Aston Villa,Manchester United,5.0,3.6,1.73,,,,5.75,3.82,1.75,5.16,3.6,1.69
2011,2011-12-03,Blackburn Rovers,Swansea City,2.1,3.4,3.5,,,,2.25,3.5,3.6,2.15,3.31,3.38
2011,2011-12-03,Manchester City,Norwich City,1.17,7.0,17.0,,,,1.21,7.83,20.21,1.18,6.73,15.43
2011,2011-12-03,Newcastle United,Chelsea,3.5,3.4,2.1,,,,3.9,3.6,2.2,3.56,3.37,2.07
2011,2011-12-03,Queens Park Rangers,West Bromwich Albion,2.25,3.3,3.25,,,,2.3,3.45,3.45,2.24,3.29,3.21
2011,2011-12-03,Tottenham Hotspur,Bolton Wanderers,1.3,5.0,12.0,,,,1.35,5.5,13.0,1.3,5.02,10.69
2011,2011-12-03,Wigan Athletic,Arsenal,6.0,4.0,1.57,,,,6.62,4.33,1.6,6.05,3.93,1.56
2011,2011-12-04,Everton,Stoke City,1.67,3.6,5.5,,,,1.75,3.69,5.75,1.71,3.51,5.18
2011,2011-12-04,Wolverhampton Wanderers,Sunderland,2.4,3.3,3.0,,,,2.5,3.4,3.22,2.39,3.26,2.97
2011,2011-12-05,Fulham,Liverpool,3.5,3.4,2.1,,,,3.6,3.43,2.25,3.37,3.27,2.17
2011,2011-12-10,Arsenal,Everton,1.53,4.0,6.5,,,,1.57,4.28,7.0,1.55,3.89,6.39
2011,2011-12-10,Bolton Wanderers,Aston Villa,2.5,3.3,2.88,,,,2.59,3.4,3.09,2.47,3.27,2.85
2011,2011-12-10,Liverpool,Queens Park Rangers,1.33,5.0,10.0,,,,1.33,5.54,12.0,1.31,4.92,10.5
2011,2011-12-10,Manchester United,Wolverhampton Wanderers,1.22,6.0,15.0,,,,1.25,6.7,16.0,1.22,5.91,13.86
2011,2011-12-10,Norwich City,Newcastle United,2.4,3.4,2.88,,,,2.5,3.57,3.06,2.42,3.34,2.87
2011,2011-12-10,Swansea City,Fulham,2.63,3.25,2.75,,,,2.72,3.34,2.93,2.59,3.21,2.75
2011,2011-12-10,West Bromwich Albion,Wigan Athletic,1.67,3.8,5.25,,,,1.73,4.0,6.09,1.66,3.65,5.45
2011,2011-12-11,Stoke City,Tottenham Hotspur,3.75,3.5,2.0,,,,4.0,3.55,2.12,3.6,3.39,2.05
2011,2011-12-11,Sunderland,Blackburn Rovers,1.83,3.5,4.5,,,,1.95,3.64,4.6,1.88,3.47,4.19
2011,2011-12-12,Chelsea,Manchester City,2.4,3.3,3.0,,,,2.5,3.5,3.11,2.41,3.32,2.9
2011,2011-12-17,Blackburn Rovers,West Bromwich Albion,2.38,3.3,3.0,,,,2.46,3.53,3.2,2.35,3.31,3.0
2011,2011-12-17,Everton,Norwich City,1.62,3.75,6.0,,,,1.67,4.0,6.25,1.62,3.71,5.83
2011,2011-12-17,Fulham,Bolton Wanderers,1.62,3.75,6.0,,,,1.7,3.96,6.4,1.63,3.68,5.72
2011,2011-12-17,Newcastle United,Swansea City,1.8,3.6,4.5,,,,1.85,3.75,5.0,1.8,3.49,4.59
2011,2011-12-17,Wigan Athletic,Chelsea,9.0,4.75,1.36,,,,10.02,5.08,1.4,8.73,4.57,1.38
2011,2011-12-17,Wolverhampton Wanderers,Stoke City,2.5,3.25,2.88,,,,2.6,3.35,3.08,2.49,3.26,2.85
2011,2011-12-18,Aston Villa,Liverpool,4.2,3.4,1.91,,,,4.55,3.56,2.0,4.06,3.38,1.93
2011,2011-12-18,Manchester City,Arsenal,1.73,3.75,4.5,,,,1.75,3.92,5.5,1.69,3.68,5.07
2011,2011-12-18,Queens Park Rangers,Manchester United,7.5,4.33,1.44,,,,8.1,4.6,1.5,7.26,4.14,1.47
2011,2011-12-18,Tottenham Hotspur,Sunderland,1.36,4.75,9.0,,,,1.4,5.12,9.8,1.37,4.62,8.73
2011,2011-12-20,Blackburn Rovers,Bolton Wanderers,2.1,3.4,3.5,,,,2.22,3.6,3.8,2.12,3.34,3.49
2011,2011-12-20,Wolverhampton Wanderers,Norwich City,2.0,3.5,3.75,,,,2.2,3.58,3.87,2.07,3.41,3.58
2011,2011-12-21,Aston Villa,Arsenal,5.0,3.6,1.73,,,,5.22,3.8,1.8,4.8,3.57,1.75
2011,2011-12-21,Everton,Swansea City,1.57,3.75,6.5,,,,1.63,3.9,7.0,1.59,3.69,6.27
2011,2011-12-21,Fulham,Manchester United,5.0,3.6,1.73,,,,5.5,3.8,1.76,5.08,3.57,1.71
2011,2011-12-21,Manchester City,Stoke City,1.22,6.0,15.0,,,,1.25,6.68,17.0,1.23,5.85,13.01
2011,2011-12-21,Newcastle United,West Bromwich Albion,2.0,3.5,3.75,,,,2.04,3.6,4.33,1.94,3.4,3.95
2011,2011-12-21,Queens Park Rangers,Sunderland,2.5,3.3,2.88,,,,2.58,3.4,3.1,2.43,3.25,2.92
2011,2011-12-21,Wigan Athletic,Liverpool,7.0,4.0,1.5,,,,7.69,4.33,1.57,6.96,3.9,1.51
2011,2011-12-22,Tottenham Hotspur,Chelsea,2.6,3.4,2.7,,,,2.63,3.53,2.82,2.55,3.31,2.71
2011,2011-12-26,Bolton Wanderers,Newcastle United,2.5,3.4,2.8,,,,2.62,3.55,2.9,2.49,3.31,2.79
2011,2011-12-26,Chelsea,Fulham,1.3,5.0,12.0,,,,1.33,5.55,12.7,1.3,5.0,11.08
2011,2011-12-26,Liverpool,Blackburn Rovers,1.25,5.5,13.0,,,,1.3,6.28,16.82,1.25,5.52,13.17
2011,2011-12-26,Manchester United,Wigan Athletic,1.14,7.5,21.0,,,,1.2,8.53,23.35,1.16,7.24,18.27
2011,2011-12-26,Stoke City,Aston Villa,1.91,3.4,4.2,,,,2.0,3.56,4.49,1.91,3.4,4.13
2011,2011-12-26,Sunderland,Everton,2.4,3.25,3.0,,,,2.51,3.4,3.12,2.41,3.24,2.94
2011,2011-12-26,West Bromwich Albion,Manchester City,7.0,4.5,1.44,,,,8.0,4.75,1.47,7.41,4.42,1.43
2011,2011-12-27,Arsenal,Wolverhampton Wanderers,1.22,6.0,15.0,,,,1.25,6.75,16.0,1.22,6.02,13.56
2011,2011-12-27,Norwich City,Tottenham Hotspur,4.5,3.6,1.8,,,,4.8,3.81,1.85,4.48,3.62,1.78
2011,2011-12-27,Swansea City,Queens Park Rangers,2.0,3.4,3.8,,,,2.1,3.48,4.03,2.04,3.33,3.71
2011,2011-12-30,Liverpool,Newcastle United,1.53,4.0,6.5,,,,1.6,4.35,7.4,1.54,3.94,6.53
2011,2011-12-31,Arsenal,Queens Park Rangers,1.25,5.5,13.0,,,,1.29,6.2,15.0,1.26,5.47,12.33
2011,2011-12-31,Bolton Wanderers,Wolverhampton Wanderers,2.2,3.25,3.4,,,,2.3,3.52,3.5,2.2,3.31,3.29
2011,2011-12-31,Chelsea,Aston Villa,1.29,5.0,13.0,,,,1.3,6.0,14.2,1.27,5.28,11.78
2011,2011-12-31,Manchester United,Blackburn Rovers,1.13,8.0,26.0,,,,1.15,9.95,33.0,1.13,7.89,22.98
2011,2011-12-31,Norwich City,Fulham,2.6,3.25,2.75,,,,2.65,3.41,2.9,2.55,3.31,2.72
2011,2011-12-31,Stoke City,Wigan Athletic,1.67,3.6,5.5,,,,1.75,3.84,5.5,1.68,3.64,5.21
2011,2011-12-31,Swansea City,Tottenham Hotspur,5.5,3.6,1.67,,,,5.5,3.9,1.74,5.14,3.64,1.69
2011,2012-01-01,Sunderland,Manchester City,6.5,4.0,1.53,,,,7.0,4.33,1.6,6.38,3.98,1.53
2011,2012-01-01,West Bromwich Albion,Everton,2.6,3.25,2.75,,,,2.67,3.4,2.9,2.58,3.25,2.75
2011,2012-01-02,Aston Villa,Swansea City,1.83,3.4,4.75,,,,1.86,3.55,5.01,1.82,3.39,4.6
2011,2012-01-02,Blackburn Rovers,Stoke City,2.5,3.25,2.88,,,,2.6,3.46,3.0,2.49,3.27,2.82
2011,2012-01-02,Fulham,Arsenal,4.0,3.5,1.91,,,,4.33,3.6,2.02,3.94,3.41,1.94
2011,2012-01-02,Queens Park Rangers,Norwich City,2.1,3.4,3.5,,,,2.18,3.52,3.69,2.1,3.32,3.47
2011,2012-01-02,Wolverhampton Wanderers,Chelsea,6.0,4.0,1.57,,,,7.02,4.21,1.6,6.31,3.87,1.55
2011,2012-01-03,Manchester City,Liverpool,1.91,3.4,4.2,,,,1.97,3.6,4.6,1.89,3.4,4.32
2011,2012-01-03,Tottenham Hotspur,West Bromwich Albion,1.33,5.0,10.0,,,,1.43,5.21,11.0,1.35,4.84,9.26
2011,2012-01-03,Wigan Athletic,Sunderland,2.63,3.25,2.75,,,,2.75,3.38,2.82,2.63,3.23,2.73
2011,2012-01-04,Everton,Bolton Wanderers,1.5,4.0,7.0,,,,1.55,4.44,7.85,1.51,3.99,6.79
2011,2012-01-04,Newcastle United,Manchester United,5.0,3.6,1.73,,,,5.5,3.75,1.79,5.05,3.55,1.72
2011,2012-01-11,Tottenham Hotspur,Everton,1.53,3.8,7.0,,,,1.6,4.0,7.15,1.55,3.83,6.41
2011,2012-01-14,Aston Villa,Everton,2.4,3.25,3.0,,,,2.54,3.35,3.2,2.4,3.24,2.99
2011,2012-01-14,Blackburn Rovers,Fulham,3.0,3.3,2.38,,,,3.1,3.41,2.55,2.87,3.27,2.46
2011,2012-01-14,Chelsea,Sunderland,1.4,4.5,8.5,,,,1.44,4.92,9.04,1.39,4.58,8.36
2011,2012-01-14,Liverpool,Stoke City,1.4,4.33,9.0,,,,1.45,4.62,9.22,1.42,4.28,8.06
2011,2012-01-14,Manchester United,Bolton Wanderers,1.14,8.0,17.0,,,,1.18,8.5,22.0,1.16,7.46,16.99
2011,2012-01-14,Tottenham Hotspur,Wolverhampton Wanderers,1.25,5.5,13.0,,,,1.3,6.08,13.37,1.27,5.49,10.91
2011,2012-01-14,West Bromwich Albion,Norwich City,2.0,3.4,3.8,,,,2.2,3.5,3.8,2.07,3.33,3.61
2011,2012-01-15,Newcastle United,Queens Park Rangers,1.73,3.6,5.0,,,,1.83,3.75,5.2,1.75,3.54,4.81
2011,2012-01-15,Swansea City,Arsenal,4.75,3.5,1.8,,,,5.0,3.75,1.85,4.72,3.51,1.77
2011,2012-01-16,Wigan Athletic,Manchester City,9.0,4.33,1.4,,,,10.0,4.75,1.45,8.59,4.39,1.4
2011,2012-01-21,Bolton Wanderers,Liverpool,6.0,3.75,1.62,,,,6.53,4.02,1.67,5.87,3.7,1.62
2011,2012-01-21,Everton,Blackburn Rovers,1.53,4.0,6.5,,,,1.62,4.14,7.24,1.55,3.8,6.62
2011,2012-01-21,Fulham,Newcastle United,2.0,3.4,3.8,,,,2.1,3.55,4.1,2.0,3.36,3.78
2011,2012-01-21,Norwich City,Chelsea,5.5,4.0,1.62,,,,6.0,4.2,1.65,5.66,3.84,1.6
2011,2012-01-21,Queens Park Rangers,Wigan Athletic,2.0,3.4,3.8,,,,2.12,3.5,4.0,2.04,3.3,3.73
2011,2012-01-21,Stoke City,West Bromwich Albion,1.91,3.4,4.2,,,,2.02,3.59,4.33,1.93,3.4,4.02
2011,2012-01-21,Sunderland,Swansea City,1.91,3.4,4.2,,,,1.95,3.5,4.77,1.87,3.35,4.37
2011,2012-01-21,Wolverhampton Wanderers,Aston Villa,2.5,3.25,2.88,,,,2.64,3.4,2.98,2.51,3.24,2.82
2011,2012-01-22,Arsenal,Manchester United,2.8,3.4,2.5,,,,2.97,3.5,2.62,2.81,3.29,2.51
2011,2012-01-22,Manchester City,Tottenham Hotspur,1.91,3.6,4.0,,,,1.95,3.82,4.33,1.88,3.53,4.13
2011,2012-01-31,Everton,Manchester City,4.33,3.5,1.85,,,,4.78,3.68,1.87,4.49,3.49,1.82
2011,2012-01-31,Manchester United,Stoke City,1.33,5.0,10.0,,,,1.35,5.5,12.0,1.31,5.15,10.32
2011,2012-01-31,Swansea City,Chelsea,4.0,3.25,2.0,,,,4.5,3.4,2.04,4.14,3.29,1.96
2011,2012-01-31,Tottenham Hotspur,Wigan Athletic,1.22,6.0,15.0,,,,1.25,6.81,17.0,1.22,6.12,14.22
2011,2012-01-31,Wolverhampton Wanderers,Liverpool,5.0,3.8,1.7,,,,5.74,3.93,1.75,5.16,3.66,1.7
2011,2012-02-01,Aston Villa,Queens Park Rangers,1.8,3.5,4.75,,,,1.85,3.69,5.19,1.79,3.46,4.65
2011,2012-02-01,Blackburn Rovers,Newcastle United,2.63,3.3,2.7,,,,2.7,3.41,2.85,2.59,3.29,2.68
2011,2012-02-01,Bolton Wanderers,Arsenal,5.0,3.75,1.7,,,,5.71,4.05,1.73,5.13,3.7,1.68
2011,2012-02-01,Fulham,West Bromwich Albion,1.83,3.5,4.5,,,,1.91,3.63,4.77,1.83,3.45,4.45
2011,2012-02-01,Sunderland,Norwich City,1.91,3.5,4.2,,,,1.93,3.6,4.75,1.85,3.43,4.35
2011,2012-02-04,Arsenal,Blackburn Rovers,1.29,5.5,11.0,,,,1.3,6.0,13.0,1.28,5.33,10.95
2011,2012-02-04,Manchester City,Fulham,1.3,5.5,10.0,,,,1.33,5.8,13.0,1.29,5.23,10.84
2011,2012-02-04,Norwich City,Bolton Wanderers,2.0,3.5,3.75,,,,2.1,3.63,3.85,2.02,3.39,3.63
2011,2012-02-04,Queens Park Rangers,Wolverhampton Wanderers,1.91,3.6,4.0,,,,2.0,3.7,4.45,1.9,3.49,4.02
2011,2012-02-04,Stoke City,Sunderland,2.25,3.25,3.3,,,,2.3,3.44,3.59,2.19,3.26,3.35
2011,2012-02-04,West Bromwich Albion,Swansea City,2.1,3.3,3.6,,,,2.16,3.4,3.82,2.1,3.29,3.54
2011,2012-02-04,Wigan Athletic,Everton,3.5,3.4,2.1,,,,3.7,3.44,2.2,3.45,3.28,2.13
2011,2012-02-05,Chelsea,Manchester United,2.5,3.3,2.88,,,,2.62,3.37,2.98,2.51,3.24,2.84
2011,2012-02-05,Newcastle United,Aston Villa,2.0,3.4,3.8,,,,2.2,3.45,3.9,2.09,3.31,3.57
2011,2012-02-06,Liverpool,Tottenham Hotspur,2.0,3.4,3.8,,,,2.15,3.48,3.9,2.09,3.33,3.54
2011,2012-02-11,Blackburn Rovers,Queens Park Rangers,2.38,3.3,3.0,,,,2.42,3.41,3.3,2.34,3.28,3.04
2011,2012-02-11,Bolton Wanderers,Wigan Athletic,2.0,3.5,3.75,,,,2.09,3.67,3.95,2.0,3.43,3.71
2011,2012-02-11,Everton,Chelsea,3.25,3.3,2.25,,,,3.48,3.4,2.33,3.26,3.26,2.24
2011,2012-02-11,Fulham,Stoke City,1.91,3.5,4.0,,,,2.02,3.5,4.36,1.97,3.34,3.92
2011,2012-02-11,Manchester United,Liverpool,1.85,3.6,4.33,,,,1.95,3.68,4.52,1.85,3.49,4.3
2011,2012-02-11,Sunderland,Arsenal,3.5,3.4,2.1,,,,3.83,3.6,2.2,3.52,3.37,2.08
2011,2012-02-11,Swansea City,Norwich City,1.83,3.5,4.5,,,,1.91,3.66,4.61,1.85,3.48,4.3
2011,2012-02-11,Tottenham Hotspur,Newcastle United,1.44,4.33,7.5,,,,1.53,4.62,7.8,1.46,4.22,7.21
2011,2012-02-12,Aston Villa,Manchester City,5.5,3.6,1.67,,,,5.82,3.9,1.73,5.27,3.65,1.68
2011,2012-02-12,Wolverhampton Wanderers,West Bromwich Albion,2.5,3.25,2.88,,,,2.6,3.4,3.1,2.43,3.24,2.95
2011,2012-02-25,Chelsea,Bolton Wanderers,1.29,5.5,11.0,,,,1.33,6.03,12.71,1.28,5.39,10.66
2011,2012-02-25,Manchester City,Blackburn Rovers,1.17,7.0,17.0,,,,1.2,8.2,21.0,1.17,6.9,16.29
2011,2012-02-25,Newcastle United,Wolverhampton Wanderers,1.57,4.0,6.0,,,,1.64,4.12,6.5,1.59,3.83,5.9
2011,2012-02-25,Queens Park Rangers,Fulham,2.63,3.25,2.75,,,,2.75,3.36,2.85,2.59,3.25,2.72
2011,2012-02-25,West Bromwich Albion,Sunderland,2.4,3.25,3.0,,,,2.51,3.43,3.15,2.4,3.26,2.94
2011,2012-02-25,Wigan Athletic,Aston Villa,2.75,3.25,2.63,,,,2.82,3.4,2.73,2.74,3.25,2.57
2011,2012-02-26,Arsenal,Tottenham Hotspur,2.5,3.4,2.75,,,,2.54,3.6,2.98,2.46,3.36,2.8
2011,2012-02-26,Norwich City,Manchester United,6.5,4.0,1.53,,,,6.75,4.42,1.6,6.14,4.08,1.53
2011,2012-02-26,Stoke City,Swansea City,2.1,3.4,3.5,,,,2.25,3.4,3.75,2.11,3.28,3.53
2011,2012-03-03,Blackburn Rovers,Aston Villa,2.38,3.4,3.0,,,,2.47,3.44,3.2,2.37,3.3,2.96
2011,2012-03-03,Liverpool,Arsenal,2.0,3.5,3.75,,,,2.1,3.66,4.05,2.0,3.41,3.74
2011,2012-03-03,Manchester City,Bolton Wanderers,1.13,8.5,21.0,,,,1.15,9.96,26.0,1.13,7.96,21.06
2011,2012-03-03,Queens Park Rangers,Everton,3.1,3.25,2.38,,,,3.3,3.39,2.41,3.05,3.26,2.35
2011,2012-03-03,Stoke City,Norwich City,1.83,3.5,4.5,,,,1.91,3.64,4.65,1.86,3.44,4.29
2011,2012-03-03,West Bromwich Albion,Chelsea,4.2,3.4,1.91,,,,4.4,3.56,2.0,4.02,3.42,1.93
2011,2012-03-03,Wigan Athletic,Swansea City,2.5,3.25,2.88,,,,2.52,3.35,3.11,2.44,3.25,2.89
2011,2012-03-04,Fulham,Wolverhampton Wanderers,1.57,3.75,6.5,,,,1.67,4.15,6.8,1.58,3.79,6.08
2011,2012-03-04,Newcastle United,Sunderland,2.1,3.4,3.5,,,,2.2,3.42,3.9,2.09,3.31,3.54
2011,2012-03-04,Tottenham Hotspur,Manchester United,2.88,3.4,2.4,,,,3.05,3.48,2.51,2.86,3.32,2.44
2011,2012-03-10,Aston Villa,Fulham,2.5,3.25,2.88,,,,2.53,3.35,3.11,2.46,3.24,2.88
2011,2012-03-10,Bolton Wanderers,Queens Park Rangers,2.5,3.25,2.88,,,,2.5,3.44,3.2,2.41,3.27,2.94
2011,2012-03-10,Chelsea,Stoke City,1.4,4.5,8.5,,,,1.44,4.83,10.0,1.39,4.44,8.47
2011,2012-03-10,Everton,Tottenham Hotspur,2.88,3.25,2.5,,,,3.03,3.37,2.63,2.84,3.27,2.48
2011,2012-03-10,Sunderland,Liverpool,3.8,3.4,2.0,,,,4.33,3.47,2.01,3.87,3.34,1.98
2011,2012-03-10,Wolverhampton Wanderers,Blackburn Rovers,2.38,3.3,3.0,,,,2.4,3.5,3.2,2.32,3.31,3.02
2011,2012-03-11,Manchester United,West Bromwich Albion,1.29,5.5,11.0,,,,1.33,6.0,12.5,1.28,5.4,10.67
2011,2012-03-11,Norwich City,Wigan Athletic,1.83,3.6,4.33,,,,1.91,3.7,4.55,1.84,3.47,4.25
2011,2012-03-11,Swansea City,Manchester City,6.0,3.75,1.62,,,,7.0,4.0,1.63,6.28,3.7,1.57
2011,2012-03-12,Arsenal,Newcastle United,1.44,4.33,7.5,,,,1.5,4.5,8.1,1.47,4.14,6.98
2011,2012-03-13,Liverpool,Everton,1.73,3.4,5.5,,,,1.8,3.7,5.5,1.74,3.5,5.11
2011,2012-03-17,Fulham,Swansea City,1.83,3.5,4.5,,,,1.91,3.56,4.88,1.84,3.42,4.43
2011,2012-03-17,Wigan Athletic,West Bromwich Albion,2.75,3.3,2.6,,,,2.88,3.4,2.7,2.75,3.28,2.55
2011,2012-03-18,Newcastle United,Norwich City,1.8,3.6,4.5,,,,1.85,3.85,4.83,1.78,3.65,4.43
2011,2012-03-18,Wolverhampton Wanderers,Manchester United,9.0,5.0,1.33,,,,10.5,5.4,1.36,8.83,4.89,1.34
2011,2012-03-20,Blackburn Rovers,Sunderland,2.4,3.4,2.88,,,,2.45,3.5,3.19,2.36,3.33,2.98
2011,2012-03-21,Everton,Arsenal,3.0,3.4,2.3,,,,3.2,3.45,2.42,3.03,3.29,2.34
2011,2012-03-21,Manchester City,Chelsea,1.91,3.6,4.0,,,,1.94,3.72,4.4,1.89,3.48,4.13
2011,2012-03-21,Queens Park Rangers,Liverpool,5.0,3.6,1.73,,,,5.0,3.8,1.83,4.59,3.52,1.79
2011,2012-03-21,Tottenham Hotspur,Stoke City,1.4,4.5,8.5,,,,1.45,4.7,9.0,1.41,4.33,8.15
2011,2012-03-24,Arsenal,Aston Villa,1.33,5.0,10.0,,,,1.38,5.31,11.0,1.35,4.76,9.41
2011,2012-03-24,Bolton Wanderers,Blackburn Rovers,2.4,3.4,2.9,,,,2.51,3.52,3.0,2.4,3.34,2.91
2011,2012-03-24,Chelsea,Tottenham Hotspur,1.83,3.6,4.33,,,,1.95,3.72,4.5,1.88,3.49,4.14
2011,2012-03-24,Liverpool,Wigan Athletic,1.29,5.5,11.0,,,,1.35,5.58,13.24,1.29,5.16,11.29
2011,2012-03-24,Norwich City,Wolverhampton Wanderers,1.73,3.75,4.75,,,,1.8,3.93,5.2,1.75,3.6,4.67
2011,2012-03-24,Stoke City,Manchester City,6.0,3.75,1.62,,,,6.33,3.89,1.67,5.91,3.67,1.62
2011,2012-03-24,Sunderland,Queens Park Rangers,2.0,3.4,3.8,,,,2.1,3.5,4.0,2.01,3.33,3.79
2011,2012-03-24,Swansea City,Everton,2.2,3.25,3.4,,,,2.26,3.4,3.65,2.18,3.25,3.39
2011,2012-03-25,West Bromwich Albion,Newcastle United,2.3,3.4,3.1,,,,2.4,3.45,3.39,2.29,3.3,3.09
2011,2012-03-26,Manchester United,Fulham,1.22,6.0,15.0,,,,1.27,6.2,16.19,1.24,5.62,13.1
2011,2012-03-31,Aston Villa,Chelsea,4.5,3.5,1.83,,,,5.0,3.67,1.9,4.49,3.46,1.83
2011,2012-03-31,Everton,West Bromwich Albion,1.83,3.5,4.5,,,,1.88,3.66,4.8,1.82,3.48,4.48
2011,2012-03-31,Fulham,Norwich City,1.7,3.75,5.0,,,,1.75,3.95,5.5,1.7,3.65,5.05
2011,2012-03-31,Manchester City,Sunderland,1.22,6.5,12.0,,,,1.25,6.9,16.1,1.22,5.95,13.95
2011,2012-03-31,Queens Park Rangers,Arsenal,5.5,4.2,1.57,,,,6.1,4.23,1.63,5.62,3.88,1.6
2011,2012-03-31,Wigan Athletic,Stoke City,2.63,3.25,2.75,,,,2.7,3.36,2.9,2.6,3.22,2.74
2011,2012-03-31,Wolverhampton Wanderers,Bolton Wanderers,2.3,3.4,3.1,,,,2.4,3.58,3.25,2.31,3.35,3.03
2011,2012-04-01,Newcastle United,Liverpool,2.88,3.4,2.4,,,,3.2,3.54,2.5,2.95,3.35,2.37
2011,2012-04-01,Tottenham Hotspur,Swansea City,1.4,4.5,8.5,,,,1.44,4.95,9.5,1.4,4.39,8.46
2011,2012-04-02,Blackburn Rovers,Manchester United,9.0,4.75,1.36,,,,9.6,5.11,1.41,8.56,4.53,1.38
2011,2012-04-06,Swansea City,Newcastle United,2.4,3.4,2.88,,,,2.41,3.49,3.27,2.37,3.31,2.96
2011,2012-04-07,Bolton Wanderers,Fulham,2.6,3.3,2.75,,,,2.66,3.46,2.86,2.57,3.3,2.71
2011,2012-04-07,Chelsea,Wigan Athletic,1.25,6.0,12.0,,,,1.31,6.2,14.0,1.27,5.42,11.57
2011,2012-04-07,Liverpool,Aston Villa,1.44,4.33,7.5,,,,1.5,4.69,8.9,1.44,4.26,7.78
2011,2012-04-07,Norwich City,Everton,3.0,3.3,2.4,,,,3.1,3.41,2.5,2.9,3.27,2.43
2011,2012-04-07,Stoke City,Wolverhampton Wanderers,1.57,4.0,6.0,,,,1.67,4.09,6.5,1.61,3.77,5.74
2011,2012-04-07,Sunderland,Tottenham Hotspur,3.3,3.4,2.2,,,,3.55,3.55,2.3,3.26,3.38,2.19
2011,2012-04-07,West Bromwich Albion,Blackburn Rovers,1.91,3.6,4.0,,,,2.0,3.64,4.2,1.95,3.44,3.89
2011,2012-04-08,Arsenal,Manchester City,2.4,3.4,2.88,,,,2.63,3.51,3.0,2.47,3.36,2.81
2011,2012-04-08,Manchester United,Queens Park Rangers,1.17,7.5,15.0,,,,1.2,8.5,19.0,1.17,7.01,15.71
2011,2012-04-09,Aston Villa,Stoke City,2.2,3.3,3.4,,,,2.3,3.35,3.64,2.21,3.25,3.38
2011,2012-04-09,Everton,Sunderland,1.83,3.5,4.5,,,,2.0,3.61,4.32,1.94,3.38,4.04
2011,2012-04-09,Fulham,Chelsea,3.5,3.4,2.1,,,,3.61,3.5,2.25,3.46,3.33,2.15
2011,2012-04-09,Newcastle United,Bolton Wanderers,1.53,4.2,6.0,,,,1.62,4.34,6.52,1.57,4.02,5.87
2011,2012-04-09,Tottenham Hotspur,Norwich City,1.29,5.5,11.0,,,,1.35,5.84,12.33,1.31,5.27,9.84
2011,2012-04-10,Blackburn Rovers,Liverpool,3.5,3.4,2.1,,,,3.8,3.53,2.2,3.49,3.37,2.09
2011,2012-04-11,Manchester City,West Bromwich Albion,1.25,5.5,13.0,,,,1.29,6.5,15.0,1.24,5.75,12.17
2011,2012-04-11,Queens Park Rangers,Swansea City,2.1,3.4,3.5,,,,2.2,3.51,3.72,2.13,3.31,3.42
2011,2012-04-11,Wigan Athletic,Manchester United,9.0,4.75,1.36,,,,10.0,5.0,1.41,8.85,4.7,1.36
2011,2012-04-11,Wolverhampton Wanderers,Arsenal,7.0,4.5,1.44,,,,7.9,4.73,1.5,6.73,4.37,1.46
2011,2012-04-14,Norwich City,Manchester City,6.0,4.2,1.53,,,,7.0,4.36,1.57,6.18,4.06,1.53
2011,2012-04-14,Sunderland,Wolverhampton Wanderers,1.5,4.2,6.5,,,,1.55,4.55,7.4,1.5,4.14,6.57
2011,2012-04-14,Swansea City,Blackburn Rovers,1.91,3.5,4.0,,,,2.1,3.64,4.1,1.99,3.42,3.8
2011,2012-04-14,West Bromwich Albion,Queens Park Rangers,2.1,3.4,3.5,,,,2.25,3.5,3.7,2.12,3.33,3.46
2011,2012-04-15,Manchester United,Aston Villa,1.22,6.5,13.0,,,,1.25,6.84,16.58,1.22,6.01,13.57
2011,2012-04-16,Arsenal,Wigan Athletic,1.25,6.0,12.0,,,,1.3,6.37,13.0,1.26,5.62,11.32
2011,2012-04-21,Arsenal,Chelsea,2.0,3.6,3.6,,,,2.05,3.7,3.95,1.99,3.48,3.7
2011,2012-04-21,Aston Villa,Sunderland,2.3,3.3,3.2,,,,2.4,3.4,3.39,2.32,3.27,3.09
2011,2012-04-21,Blackburn Rovers,Norwich City,2.1,3.4,3.5,,,,2.15,3.76,3.8,2.07,3.43,3.5
2011,2012-04-21,Bolton Wanderers,Swansea City,2.2,3.3,3.4,,,,2.3,3.45,3.7,2.18,3.32,3.35
2011,2012-04-21,Fulham,Wigan Athletic,1.91,3.6,4.0,,,,1.95,3.73,4.5,1.87,3.49,4.2
2011,2012-04-21,Newcastle United,Stoke City,1.67,3.75,5.5,,,,1.73,3.86,5.8,1.68,3.63,5.32
2011,2012-04-21,Queens Park Rangers,Tottenham Hotspur,4.0,3.6,1.91,,,,4.24,3.78,2.0,3.97,3.51,1.92
2011,2012-04-22,Liverpool,West Bromwich Albion,1.44,4.33,7.5,,,,1.5,4.88,8.74,1.43,4.4,7.52
2011,2012-04-22,Manchester United,Everton,1.3,5.0,11.0,,,,1.36,5.5,11.22,1.31,5.1,9.85
2011,2012-04-22,Wolverhampton Wanderers,Manchester City,12.0,6.5,1.22,,,,14.6,7.0,1.3,11.78,6.1,1.23
2011,2012-04-24,Aston Villa,Bolton Wanderers,1.91,3.5,4.0,,,,2.0,3.65,4.23,1.95,3.45,3.93
2011,2012-04-28,Everton,Fulham,1.83,3.5,4.5,,,,1.88,3.65,5.0,1.83,3.46,4.4
2011,2012-04-28,Norwich City,Liverpool,3.8,3.4,2.0,,,,4.05,3.69,2.1,3.7,3.45,1.99
2011,2012-04-28,Stoke City,Arsenal,4.33,3.6,1.83,,,,4.55,3.71,1.92,4.23,3.48,1.86
2011,2012-04-28,Sunderland,Bolton Wanderers,2.0,3.5,3.75,,,,2.05,3.62,4.1,1.95,3.42,3.87
2011,2012-04-28,Swansea City,Wolverhampton Wanderers,1.53,4.0,6.5,,,,1.6,4.34,6.98,1.54,3.95,6.24
2011,2012-04-28,West Bromwich Albion,Aston Villa,2.1,3.4,3.5,,,,2.2,3.52,3.8,2.11,3.34,3.46
2011,2012-04-28,Wigan Athletic,Newcastle United,2.8,3.4,2.5,,,,2.92,3.51,2.62,2.78,3.33,2.49
2011,2012-04-29,Chelsea,Queens Park Rangers,1.4,4.5,8.5,,,,1.44,5.0,9.5,1.39,4.59,8.07
2011,2012-04-29,Tottenham Hotspur,Blackburn Rovers,1.36,5.0,8.0,,,,1.42,5.32,8.92,1.38,4.73,7.85
2011,2012-04-30,Manchester City,Manchester United,2.1,3.5,3.4,,,,2.25,3.63,3.55,2.14,3.39,3.36
2011,2012-05-01,Liverpool,Fulham,1.62,4.0,5.5,,,,1.64,4.15,6.28,1.6,3.88,5.83
2011,2012-05-01,Stoke City,Everton,2.75,3.25,2.6,,,,3.23,3.38,2.62,2.95,3.25,2.45
2011,2012-05-02,Bolton Wanderers,Tottenham Hotspur,4.0,3.6,1.91,,,,4.21,3.79,2.0,3.92,3.51,1.93
2011,2012-05-02,Chelsea,Newcastle United,1.5,4.33,6.5,,,,1.55,4.6,7.03,1.5,4.18,6.41
2011,2012-05-05,Arsenal,Norwich City,1.22,6.5,12.0,,,,1.25,7.16,16.0,1.21,6.22,13.29
2011,2012-05-06,Aston Villa,Tottenham Hotspur,4.2,3.75,1.83,,,,4.33,3.75,1.91,4.08,3.54,1.86
2011,2012-05-06,Bolton Wanderers,West Bromwich Albion,2.0,3.5,3.75,,,,2.1,3.7,3.8,2.0,3.44,3.65
2011,2012-05-06,Fulham,Sunderland,1.83,3.6,4.33,,,,1.91,3.6,4.65,1.86,3.48,4.17
2011,2012-05-06,Manchester United,Swansea City,1.17,7.0,17.0,,,,1.2,7.68,19.0,1.17,6.84,15.06
2011,2012-05-06,Newcastle United,Manchester City,5.0,4.0,1.67,,,,5.2,4.2,1.73,4.82,3.93,1.66
2011,2012-05-06,Queens Park Rangers,Stoke City,1.83,3.75,4.2,,,,1.91,3.75,4.5,1.85,3.52,4.15
2011,2012-05-06,Wolverhampton Wanderers,Everton,5.0,3.75,1.7,,,,5.2,4.0,1.75,4.8,3.71,1.71
2011,2012-05-07,Blackburn Rovers,Wigan Athletic,2.4,3.5,2.88,,,,2.5,3.6,2.95,2.44,3.35,2.79
2011,2012-05-08,Liverpool,Chelsea,2.1,3.5,3.4,,,,2.38,3.6,3.52,2.15,3.46,3.33
2011,2012-05-13,Chelsea,Blackburn Rovers,1.3,5.5,10.0,,,,1.35,6.0,11.0,1.3,5.36,9.52
2011,2012-05-13,Everton,Newcastle United,2.2,3.5,3.2,,,,2.3,3.7,3.47,2.19,3.45,3.18
2011,2012-05-13,Manchester City,Queens Park Rangers,1.13,9.0,19.0,,,,1.14,10.66,23.0,1.13,8.54,18.12
2011,2012-05-13,Norwich City,Aston Villa,2.2,3.4,3.25,,,,2.26,3.63,3.4,2.18,3.38,3.25
2011,2012-05-13,Stoke City,Bolton Wanderers,2.38,3.5,2.88,,,,2.5,3.67,3.04,2.41,3.47,2.79
2011,2012-05-13,Sunderland,Manchester United,7.0,4.5,1.44,,,,8.3,4.9,1.47,7.23,4.51,1.43
2011,2012-05-13,Swansea City,Liverpool,3.4,3.5,2.1,,,,3.66,3.72,2.2,3.38,3.45,2.1
2011,2012-05-13,Tottenham Hotspur,Fulham,1.4,4.5,8.5,,,,1.41,5.07,9.1,1.4,4.55,8.04
2011,2012-05-13,West Bromwich Albion,Arsenal,5.0,4.0,1.67,,,,5.6,4.28,1.7,5.02,3.93,1.65
2011,2012-05-13,Wigan Athletic,Wolverhampton Wanderers,1.57,4.0,6.0,,,,1.62,4.35,6.4,1.57,3.95,5.8
2012,2012-08-18,Arsenal,Sunderland,1.4,4.5,8.5,,,,1.44,4.89,9.5,1.4,4.47,8.37
2012,2012-08-18,Fulham,Norwich City,1.8,3.6,4.5,,,,1.85,3.82,4.8,1.8,3.59,4.44
2012,2012-08-18,Newcastle United,Tottenham Hotspur,2.5,3.4,2.75,,,,2.7,3.47,2.85,2.55,3.32,2.73
2012,2012-08-18,Queens Park Rangers,Swansea City,2.0,3.4,3.8,,,,2.1,3.55,4.2,2.01,3.37,3.76
2012,2012-08-18,Reading,Stoke City,2.38,3.25,3.1,,,,2.45,3.4,3.26,2.36,3.27,3.03
2012,2012-08-18,West Bromwich Albion,Liverpool,4.2,3.5,1.91,,,,4.38,3.61,2.0,4.01,3.44,1.93
2012,2012-08-18,West Ham United,Aston Villa,2.2,3.3,3.4,,,,2.3,3.46,3.51,2.23,3.32,3.23
2012,2012-08-19,Manchester City,Southampton,1.17,7.0,17.0,,,,1.21,7.55,19.38,1.18,6.78,15.6
2012,2012-08-19,Wigan Athletic,Chelsea,6.0,3.75,1.62,,,,6.75,4.0,1.67,6.09,3.84,1.58
2012,2012-08-20,Everton,Manchester United,4.33,3.6,1.83,,,,4.45,3.71,1.91,4.18,3.47,1.88
2012,2012-08-22,Chelsea,Reading,1.25,5.5,13.0,,,,1.29,6.2,14.0,1.25,5.56,11.84
2012,2012-08-25,Aston Villa,Everton,2.9,3.4,2.4,,,,3.25,3.4,2.6,2.93,3.29,2.42
2012,2012-08-25,Chelsea,Newcastle United,1.5,4.33,6.5,,,,1.53,4.55,7.0,1.5,4.16,6.55
2012,2012-08-25,Manchester United,Fulham,1.29,5.5,11.0,,,,1.33,5.52,12.0,1.3,5.17,10.39
2012,2012-08-25,Norwich City,Queens Park Rangers,2.25,3.4,3.2,,,,2.38,3.52,3.25,2.29,3.33,3.11
2012,2012-08-25,Southampton,Wigan Athletic,2.1,3.4,3.5,,,,2.2,3.53,3.65,2.12,3.36,3.46
2012,2012-08-25,Swansea City,West Ham United,2.1,3.3,3.6,,,,2.15,3.47,3.85,2.09,3.31,3.6
2012,2012-08-25,Tottenham Hotspur,West Bromwich Albion,1.5,4.33,6.5,,,,1.54,4.53,7.5,1.5,4.13,6.67
2012,2012-08-26,Liverpool,Manchester City,3.1,3.4,2.3,,,,3.15,3.45,2.48,2.98,3.33,2.36
2012,2012-08-26,Stoke City,Arsenal,3.5,3.4,2.1,,,,3.65,3.44,2.24,3.44,3.32,2.14
2012,2012-09-01,Manchester City,Queens Park Rangers,1.18,7.0,15.0,,,,1.22,7.7,18.0,1.2,6.75,13.62
2012,2012-09-01,Swansea City,Sunderland,2.2,3.3,3.4,,,,2.25,3.47,3.67,2.17,3.31,3.38
2012,2012-09-01,Tottenham Hotspur,Norwich City,1.36,5.0,8.5,,,,1.4,5.35,9.25,1.37,4.85,8.33
2012,2012-09-01,West Bromwich Albion,Everton,3.0,3.3,2.38,,,,3.12,3.4,2.55,2.89,3.29,2.45
2012,2012-09-01,West Ham United,Fulham,2.5,3.25,2.88,,,,2.63,3.46,3.01,2.49,3.34,2.8
2012,2012-09-01,Wigan Athletic,Stoke City,2.25,3.25,3.3,,,,2.3,3.4,3.57,2.24,3.25,3.3
2012,2012-09-02,Liverpool,Arsenal,2.0,3.5,3.75,,,,2.11,3.54,4.0,2.06,3.38,3.63
2012,2012-09-02,Newcastle United,Aston Villa,1.62,3.75,6.0,,,,1.67,4.08,6.21,1.62,3.8,5.63
2012,2012-09-02,Southampton,Manchester United,6.0,4.2,1.53,,,,6.6,4.48,1.6,6.07,4.11,1.54
2012,2012-09-15,Arsenal,Southampton,1.36,5.0,8.5,,,,1.4,5.4,10.0,1.35,4.86,8.96
2012,2012-09-15,Aston Villa,Swansea City,2.38,3.25,3.1,,,,2.5,3.37,3.33,2.34,3.27,3.08
2012,2012-09-15,Fulham,West Bromwich Albion,2.1,3.4,3.5,,,,2.15,3.5,4.0,2.05,3.32,3.72
2012,2012-09-15,Manchester United,Wigan Athletic,1.25,6.0,12.0,,,,1.3,6.25,15.0,1.25,5.68,12.01
2012,2012-09-15,Norwich City,West Ham United,2.38,3.4,3.0,,,,2.5,3.5,3.2,2.36,3.29,3.02
2012,2012-09-15,Queens Park Rangers,Chelsea,4.5,3.5,1.83,,,,5.0,3.75,1.91,4.48,3.49,1.83
2012,2012-09-15,Stoke City,Manchester City,5.0,3.6,1.73,,,,5.5,3.82,1.76,5.11,3.56,1.72
2012,2012-09-15,Sunderland,Liverpool,3.4,3.3,2.2,,,,3.6,3.53,2.3,3.3,3.33,2.2
2012,2012-09-16,Reading,Tottenham Hotspur,3.75,3.5,2.0,,,,3.87,3.66,2.1,3.68,3.4,2.04
2012,2012-09-17,Everton,Newcastle United,1.73,3.6,5.0,,,,1.85,3.82,5.2,1.78,3.5,4.68
2012,2012-09-22,Chelsea,Stoke City,1.36,4.75,9.0,,,,1.4,5.1,10.5,1.36,4.71,9.13
2012,2012-09-22,Southampton,Aston Villa,2.4,3.3,3.0,,,,2.55,3.45,3.2,2.42,3.3,2.92
2012,2012-09-22,Swansea City,Everton,3.0,3.3,2.4,,,,3.25,3.4,2.5,2.98,3.29,2.39
2012,2012-09-22,West Bromwich Albion,Reading,1.73,3.75,4.75,,,,1.85,3.83,4.85,1.8,3.55,4.54
2012,2012-09-22,West Ham United,Sunderland,2.1,3.3,3.6,,,,2.25,3.4,3.68,2.17,3.29,3.39
2012,2012-09-22,Wigan Athletic,Fulham,2.4,3.3,3.0,,,,2.5,3.4,3.25,2.39,3.29,2.97
2012,2012-09-23,Liverpool,Manchester United,2.7,3.3,2.63,,,,2.88,3.4,2.8,2.69,3.26,2.63
2012,2012-09-23,Manchester City,Arsenal,1.75,3.6,4.75,,,,1.8,4.0,5.0,1.75,3.68,4.7
2012,2012-09-23,Newcastle United,Norwich City,1.8,3.6,4.5,,,,1.85,4.0,5.0,1.76,3.61,4.67
2012,2012-09-23,Tottenham Hotspur,Queens Park Rangers,1.44,4.33,7.5,,,,1.53,4.52,7.8,1.48,4.16,7.02
2012,2012-09-29,Arsenal,Chelsea,2.1,3.4,3.5,,,,2.25,3.53,3.6,2.17,3.35,3.34
2012,2012-09-29,Everton,Southampton,1.4,4.75,8.0,,,,1.45,5.01,9.0,1.41,4.55,7.74
2012,2012-09-29,Fulham,Manchester City,4.33,3.6,1.83,,,,4.65,3.75,1.91,4.34,3.54,1.83
2012,2012-09-29,Manchester United,Tottenham Hotspur,1.57,4.0,6.0,,,,1.62,4.34,6.5,1.57,3.97,5.93
2012,2012-09-29,Norwich City,Liverpool,4.75,3.75,1.73,,,,5.0,3.88,1.85,4.61,3.63,1.77
2012,2012-09-29,Reading,Newcastle United,2.88,3.3,2.5,,,,3.07,3.41,2.55,2.89,3.29,2.44
2012,2012-09-29,Stoke City,Swansea City,1.91,3.4,4.2,,,,1.95,3.6,4.65,1.9,3.4,4.22
2012,2012-09-29,Sunderland,Wigan Athletic,2.0,3.4,3.8,,,,2.1,3.5,4.15,2.0,3.37,3.84
2012,2012-09-30,Aston Villa,West Bromwich Albion,2.4,3.3,3.0,,,,2.6,3.4,3.25,2.42,3.27,2.96
2012,2012-10-01,Queens Park Rangers,West Ham United,2.05,3.4,3.75,,,,2.2,3.5,3.75,2.08,3.33,3.59
2012,2012-10-06,Chelsea,Norwich City,1.22,6.5,12.0,,,,1.25,7.1,15.9,1.22,6.12,13.15
2012,2012-10-06,Manchester City,Sunderland,1.29,5.5,11.0,,,,1.31,6.2,14.0,1.27,5.49,11.77
2012,2012-10-06,Swansea City,Reading,1.91,3.6,4.0,,,,2.05,3.61,4.25,1.95,3.43,3.95
2012,2012-10-06,West Bromwich Albion,Queens Park Rangers,1.83,3.75,4.2,,,,1.91,3.8,4.5,1.85,3.57,4.2
2012,2012-10-06,West Ham United,Arsenal,4.0,3.6,1.91,,,,4.2,3.65,2.08,3.77,3.44,2.0
2012,2012-10-06,Wigan Athletic,Everton,4.2,3.4,1.91,,,,4.29,3.64,2.05,3.91,3.4,1.97
2012,2012-10-07,Liverpool,Stoke City,1.44,4.33,7.5,,,,1.53,4.48,8.3,1.48,4.15,7.19
2012,2012-10-07,Newcastle United,Manchester United,4.2,3.75,1.83,,,,4.33,3.88,1.95,3.97,3.59,1.9
2012,2012-10-07,Southampton,Fulham,2.75,3.3,2.6,,,,2.8,3.45,2.75,2.66,3.34,2.61
2012,2012-10-07,Tottenham Hotspur,Aston Villa,1.44,4.33,7.5,,,,1.5,4.71,8.5,1.45,4.28,7.4
2012,2012-10-20,Fulham,Aston Villa,1.8,3.6,4.5,,,,1.87,3.81,4.76,1.81,3.53,4.49
2012,2012-10-20,Liverpool,Reading,1.33,5.0,10.0,,,,1.4,5.4,10.0,1.35,4.92,9.02
2012,2012-10-20,Manchester United,Stoke City,1.29,5.5,11.0,,,,1.33,5.8,13.0,1.29,5.35,10.92
2012,2012-10-20,Norwich City,Arsenal,6.0,4.2,1.53,,,,6.5,4.55,1.6,5.96,4.14,1.54
2012,2012-10-20,Swansea City,Wigan Athletic,2.1,3.4,3.5,,,,2.15,3.58,3.85,2.05,3.39,3.64
2012,2012-10-20,Tottenham Hotspur,Chelsea,2.5,3.4,2.75,,,,2.7,3.4,2.94,2.54,3.3,2.76
2012,2012-10-20,West Bromwich Albion,Manchester City,5.0,3.75,1.7,,,,5.52,3.96,1.75,4.99,3.68,1.71
2012,2012-10-20,West Ham United,Southampton,1.83,3.75,4.2,,,,1.91,3.85,4.51,1.85,3.61,4.18
2012,2012-10-21,Queens Park Rangers,Everton,3.25,3.4,2.2,,,,3.6,3.55,2.3,3.27,3.37,2.2
2012,2012-10-21,Sunderland,Newcastle United,2.5,3.3,2.88,,,,2.62,3.35,3.06,2.5,3.26,2.86
2012,2012-10-27,Arsenal,Queens Park Rangers,1.36,5.0,8.5,,,,1.42,5.25,9.2,1.37,4.82,8.38
2012,2012-10-27,Aston Villa,Norwich City,2.0,3.5,3.75,,,,2.02,3.75,4.11,1.96,3.41,3.93
2012,2012-10-27,Manchester City,Swansea City,1.22,6.0,15.0,,,,1.25,6.9,15.0,1.23,6.09,12.79
2012,2012-10-27,Reading,Fulham,2.75,3.4,2.5,,,,2.9,3.53,2.62,2.79,3.34,2.5
2012,2012-10-27,Stoke City,Sunderland,1.95,3.3,4.2,,,,2.1,3.4,4.63,1.96,3.32,4.07
2012,2012-10-27,Wigan Athletic,West Ham United,2.25,3.4,3.2,,,,2.31,3.55,3.38,2.25,3.35,3.19
2012,2012-10-28,Chelsea,Manchester United,2.4,3.4,2.9,,,,2.5,3.5,3.1,2.4,3.32,2.95
2012,2012-10-28,Everton,Liverpool,2.6,3.3,2.75,,,,2.7,3.37,2.9,2.61,3.24,2.74
2012,2012-10-28,Newcastle United,West Bromwich Albion,2.0,3.5,3.75,,,,2.05,3.68,4.05,1.98,3.42,3.84
2012,2012-10-28,Southampton,Tottenham Hotspur,4.2,3.75,1.83,,,,4.5,4.03,1.9,4.23,3.66,1.83
2012,2012-11-03,Fulham,Everton,2.75,3.4,2.5,,,,2.82,3.5,2.7,2.68,3.33,2.6
2012,2012-11-03,Manchester United,Arsenal,1.7,3.8,5.0,,,,1.74,4.1,5.2,1.69,3.86,4.9
2012,2012-11-03,Norwich City,Stoke City,2.6,3.3,2.75,,,,2.7,3.36,2.91,2.61,3.24,2.74
2012,2012-11-03,Sunderland,Aston Villa,2.1,3.3,3.6,,,,2.16,3.41,4.0,2.08,3.28,3.68
2012,2012-11-03,Swansea City,Chelsea,4.5,3.6,1.8,,,,5.0,3.8,1.88,4.45,3.64,1.8
2012,2012-11-03,Tottenham Hotspur,Wigan Athletic,1.5,4.33,6.5,,,,1.52,4.56,7.6,1.47,4.31,6.96
2012,2012-11-03,West Ham United,Manchester City,5.0,3.8,1.7,,,,5.3,4.0,1.75,4.98,3.76,1.7
2012,2012-11-04,Liverpool,Newcastle United,1.57,4.0,6.0,,,,1.62,4.39,6.89,1.55,4.05,6.11
2012,2012-11-04,Queens Park Rangers,Reading,1.8,3.6,4.5,,,,1.95,3.86,4.68,1.82,3.61,4.3
2012,2012-11-05,West Bromwich Albion,Southampton,1.73,3.75,4.75,,,,1.76,4.07,5.1,1.72,3.7,4.8
2012,2012-11-10,Arsenal,Fulham,1.53,4.2,6.0,,,,1.57,4.45,7.0,1.53,4.06,6.24
2012,2012-11-10,Aston Villa,Manchester United,7.0,4.5,1.44,,,,7.2,4.75,1.53,6.54,4.25,1.49
2012,2012-11-10,Everton,Sunderland,1.44,4.2,8.0,,,,1.55,4.5,8.4,1.46,4.15,7.36
2012,2012-11-10,Reading,Norwich City,2.25,3.4,3.2,,,,2.32,3.59,3.35,2.23,3.35,3.21
2012,2012-11-10,Southampton,Swansea City,2.38,3.5,2.88,,,,2.5,3.64,3.05,2.39,3.43,2.87
2012,2012-11-10,Stoke City,Queens Park Rangers,1.91,3.4,4.2,,,,2.0,3.55,4.55,1.9,3.4,4.18
2012,2012-11-10,Wigan Athletic,West Bromwich Albion,2.3,3.4,3.1,,,,2.4,3.5,3.35,2.31,3.35,3.07
2012,2012-11-11,Chelsea,Liverpool,1.95,3.5,4.0,,,,2.01,3.77,4.05,1.94,3.5,3.85
2012,2012-11-11,Manchester City,Tottenham Hotspur,1.57,4.0,6.0,,,,1.62,4.4,6.2,1.58,3.99,5.7
2012,2012-11-11,Newcastle United,West Ham United,1.95,3.6,3.8,,,,2.05,3.66,4.05,1.99,3.4,3.81
2012,2012-11-17,Arsenal,Tottenham Hotspur,1.91,3.75,3.8,,,,2.0,3.8,4.14,1.94,3.62,3.79
2012,2012-11-17,Liverpool,Wigan Athletic,1.44,4.33,7.5,,,,1.5,4.75,8.0,1.46,4.33,6.95
2012,2012-11-17,Manchester City,Aston Villa,1.2,6.5,15.0,,,,1.23,7.5,15.92,1.21,6.51,12.96
2012,2012-11-17,Newcastle United,Swansea City,1.91,3.6,4.0,,,,2.0,3.65,4.33,1.93,3.48,4.0
2012,2012-11-17,Norwich City,Manchester United,7.0,4.5,1.44,,,,8.0,4.95,1.49,6.96,4.41,1.45
2012,2012-11-17,Queens Park Rangers,Southampton,1.91,3.6,4.0,,,,2.0,3.7,4.2,1.93,3.53,3.93
2012,2012-11-17,Reading,Everton,4.33,3.6,1.83,,,,4.6,3.95,1.9,4.27,3.64,1.83
2012,2012-11-17,West Bromwich Albion,Chelsea,3.75,3.5,2.0,,,,4.0,3.81,2.04,3.78,3.52,1.97
2012,2012-11-18,Fulham,Sunderland,1.67,3.75,5.25,,,,1.75,3.91,5.51,1.71,3.68,4.95
2012,2012-11-19,West Ham United,Stoke City,2.0,3.4,3.8,,,,2.1,3.45,4.08,2.03,3.34,3.74
2012,2012-11-24,Aston Villa,Arsenal,4.75,3.75,1.73,,,,5.41,4.09,1.75,4.86,3.75,1.71
2012,2012-11-24,Everton,Norwich City,1.44,4.33,7.5,,,,1.54,4.61,7.3,1.48,4.18,6.92
2012,2012-11-24,Manchester United,Queens Park Rangers,1.17,7.5,15.0,,,,1.2,8.2,18.25,1.18,7.25,14.75
2012,2012-11-24,Stoke City,Fulham,2.2,3.3,3.4,,,,2.25,3.46,3.75,2.14,3.32,3.45
2012,2012-11-24,Sunderland,West Bromwich Albion,2.5,3.3,2.88,,,,2.52,3.4,3.1,2.43,3.3,2.91
2012,2012-11-24,Wigan Athletic,Reading,1.83,3.6,4.33,,,,1.95,3.75,4.48,1.89,3.54,4.08
2012,2012-11-25,Chelsea,Manchester City,2.5,3.5,2.7,,,,2.62,3.6,2.83,2.54,3.38,2.72
2012,2012-11-25,Southampton,Newcastle United,2.3,3.5,3.0,,,,2.5,3.62,3.23,2.3,3.44,3.02
2012,2012-11-25,Swansea City,Liverpool,3.4,3.5,2.1,,,,3.64,3.71,2.15,3.43,3.43,2.11
2012,2012-11-25,Tottenham Hotspur,West Ham United,1.67,3.75,5.5,,,,1.7,4.14,6.0,1.65,3.76,5.47
2012,2012-11-27,Aston Villa,Reading,1.95,3.4,4.0,,,,2.0,3.67,4.15,1.96,3.47,3.89
2012,2012-11-27,Sunderland,Queens Park Rangers,2.25,3.25,3.3,,,,2.28,3.45,3.6,2.22,3.31,3.31
2012,2012-11-28,Chelsea,Fulham,1.44,4.5,7.0,,,,1.5,4.82,8.0,1.45,4.37,7.03
2012,2012-11-28,Everton,Arsenal,2.5,3.4,2.75,,,,2.5,3.6,3.04,2.45,3.37,2.83
2012,2012-11-28,Manchester United,West Ham United,1.22,6.5,12.0,,,,1.26,7.0,15.0,1.24,6.1,11.7
2012,2012-11-28,Southampton,Norwich City,2.0,3.4,3.8,,,,2.15,3.74,3.8,2.07,3.44,3.51
2012,2012-11-28,Stoke City,Newcastle United,1.91,3.4,4.2,,,,2.0,3.55,4.43,1.96,3.36,3.99
2012,2012-11-28,Swansea City,West Bromwich Albion,2.3,3.4,3.1,,,,2.4,3.58,3.26,2.31,3.38,3.04
2012,2012-11-28,Tottenham Hotspur,Liverpool,2.4,3.4,2.88,,,,2.5,3.51,3.2,2.38,3.38,2.93
2012,2012-11-28,Wigan Athletic,Manchester City,6.0,4.2,1.53,,,,6.8,4.57,1.6,6.12,4.17,1.52
2012,2012-12-01,Arsenal,Swansea City,1.44,4.5,7.0,,,,1.5,4.75,8.0,1.46,4.25,7.05
2012,2012-12-01,Fulham,Tottenham Hotspur,2.88,3.3,2.5,,,,3.05,3.5,2.5,2.88,3.34,2.41
2012,2012-12-01,Liverpool,Southampton,1.4,4.5,8.5,,,,1.44,5.11,9.0,1.4,4.59,7.86
2012,2012-12-01,Manchester City,Everton,1.5,4.0,7.0,,,,1.55,4.46,7.0,1.53,4.06,6.31
2012,2012-12-01,Queens Park Rangers,Aston Villa,1.95,3.5,4.0,,,,2.05,3.6,4.19,1.98,3.4,3.8
2012,2012-12-01,Reading,Manchester United,7.5,4.75,1.4,,,,8.5,5.0,1.47,7.46,4.49,1.42
2012,2012-12-01,West Bromwich Albion,Stoke City,2.1,3.25,3.75,,,,2.14,3.45,3.9,2.06,3.31,3.64
2012,2012-12-01,West Ham United,Chelsea,4.0,3.5,1.91,,,,4.3,3.6,2.04,3.92,3.38,1.96
2012,2012-12-02,Norwich City,Sunderland,2.1,3.3,3.6,,,,2.2,3.45,3.98,2.09,3.31,3.57
2012,2012-12-03,Newcastle United,Wigan Athletic,2.0,3.4,3.75,,,,2.09,3.5,4.0,1.99,3.37,3.8
2012,2012-12-08,Arsenal,West Bromwich Albion,1.5,4.33,6.5,,,,1.57,4.5,7.0,1.51,4.2,6.45
2012,2012-12-08,Aston Villa,Stoke City,2.4,3.2,3.1,,,,2.6,3.3,3.26,2.45,3.19,2.97
2012,2012-12-08,Southampton,Reading,1.91,3.6,4.0,,,,2.0,3.78,4.25,1.91,3.56,3.94
2012,2012-12-08,Sunderland,Chelsea,4.75,3.5,1.8,,,,5.1,3.9,1.83,4.59,3.6,1.78
2012,2012-12-08,Swansea City,Norwich City,1.8,3.6,4.5,,,,1.86,3.75,4.85,1.82,3.59,4.34
2012,2012-12-08,Wigan Athletic,Queens Park Rangers,2.3,3.4,3.1,,,,2.45,3.55,3.15,2.35,3.37,2.98
2012,2012-12-09,Everton,Tottenham Hotspur,2.0,3.5,3.75,,,,2.1,3.66,4.16,1.99,3.45,3.74
2012,2012-12-09,Manchester City,Manchester United,2.2,3.5,3.2,,,,2.3,3.61,3.4,2.22,3.41,3.19
2012,2012-12-09,West Ham United,Liverpool,3.0,3.3,2.38,,,,3.23,3.35,2.55,2.96,3.23,2.43
2012,2012-12-10,Fulham,Newcastle United,1.91,3.6,4.0,,,,1.98,3.75,4.25,1.92,3.54,3.92
2012,2012-12-11,Sunderland,Reading,2.0,3.5,3.75,,,,2.08,3.57,4.1,1.99,3.39,3.89
2012,2012-12-15,Liverpool,Aston Villa,1.36,4.75,9.0,,,,1.4,5.13,10.05,1.37,4.61,9.04
2012,2012-12-15,Manchester United,Sunderland,1.2,6.5,15.0,,,,1.22,7.53,17.0,1.2,6.57,14.16
2012,2012-12-15,Newcastle United,Manchester City,5.5,3.75,1.67,,,,5.8,4.1,1.73,5.18,3.83,1.66
2012,2012-12-15,Norwich City,Wigan Athletic,2.2,3.4,3.25,,,,2.25,3.55,3.54,2.18,3.39,3.28
2012,2012-12-15,Queens Park Rangers,Fulham,2.4,3.4,2.88,,,,2.5,3.56,3.1,2.38,3.39,2.91
2012,2012-12-15,Stoke City,Everton,3.1,3.2,2.4,,,,3.29,3.3,2.55,3.0,3.2,2.42
2012,2012-12-16,Tottenham Hotspur,Swansea City,1.62,4.0,5.5,,,,1.67,4.16,6.1,1.62,3.91,5.42
2012,2012-12-16,West Bromwich Albion,West Ham United,2.0,3.5,3.75,,,,2.05,3.65,4.02,2.0,3.41,3.76
2012,2012-12-17,Reading,Arsenal,5.5,4.0,1.62,,,,5.6,4.15,1.7,5.07,3.86,1.65
2012,2012-12-22,Liverpool,Fulham,1.53,4.0,6.5,,,,1.57,4.36,7.38,1.53,4.0,6.37
2012,2012-12-22,Manchester City,Reading,1.14,8.0,19.0,,,,1.17,10.0,26.0,1.14,8.28,16.79
2012,2012-12-22,Newcastle United,Queens Park Rangers,2.1,3.4,3.5,,,,2.15,3.55,3.91,2.07,3.36,3.57
2012,2012-12-22,Southampton,Sunderland,2.0,3.5,3.75,,,,2.11,3.6,3.85,2.04,3.4,3.6
2012,2012-12-22,Tottenham Hotspur,Stoke City,1.62,3.75,6.0,,,,1.67,3.95,6.8,1.61,3.72,5.89
2012,2012-12-22,West Bromwich Albion,Norwich City,1.91,3.6,4.0,,,,2.05,3.6,4.25,1.95,3.43,3.87
2012,2012-12-22,West Ham United,Everton,2.88,3.25,2.5,,,,3.14,3.4,2.56,2.89,3.24,2.46
2012,2012-12-22,Wigan Athletic,Arsenal,4.75,3.75,1.73,,,,5.1,4.14,1.8,4.63,3.71,1.73
2012,2012-12-23,Chelsea,Aston Villa,1.33,5.5,8.5,,,,1.36,5.7,10.36,1.33,5.1,8.97
2012,2012-12-23,Swansea City,Manchester United,5.0,4.0,1.67,,,,5.7,4.2,1.7,5.2,3.81,1.65
2012,2012-12-26,Aston Villa,Tottenham Hotspur,3.75,3.5,2.0,,,,4.01,3.63,2.1,3.72,3.44,2.01
2012,2012-12-26,Everton,Wigan Athletic,1.44,4.5,7.0,,,,1.53,4.6,8.1,1.47,4.28,6.95
2012,2012-12-26,Fulham,Southampton,1.85,3.6,4.2,,,,2.02,3.8,4.33,1.9,3.56,4.02
2012,2012-12-26,Manchester United,Newcastle United,1.22,6.5,13.0,,,,1.27,6.8,14.0,1.24,6.13,11.58
2012,2012-12-26,Norwich City,Chelsea,6.0,3.75,1.62,,,,6.6,4.15,1.63,5.73,3.9,1.6
2012,2012-12-26,Queens Park Rangers,West Bromwich Albion,2.2,3.4,3.25,,,,2.36,3.5,3.4,2.25,3.35,3.19
2012,2012-12-26,Reading,Swansea City,2.9,3.4,2.38,,,,3.1,3.55,2.5,2.88,3.36,2.42
2012,2012-12-26,Stoke City,Liverpool,3.4,3.2,2.25,,,,3.6,3.3,2.4,3.34,3.19,2.26
2012,2012-12-26,Sunderland,Manchester City,6.5,4.0,1.53,,,,7.5,4.45,1.57,6.64,3.99,1.52
2012,2012-12-29,Arsenal,Newcastle United,1.44,4.5,7.0,,,,1.5,4.85,8.45,1.42,4.49,7.57
2012,2012-12-29,Aston Villa,Wigan Athletic,2.4,3.25,3.0,,,,2.47,3.37,3.25,2.37,3.24,3.07
2012,2012-12-29,Fulham,Swansea City,2.1,3.4,3.5,,,,2.2,3.62,3.75,2.09,3.37,3.53
2012,2012-12-29,Manchester United,West Bromwich Albion,1.3,5.5,10.0,,,,1.34,6.0,11.0,1.29,5.49,9.97
2012,2012-12-29,Norwich City,Manchester City,6.0,4.0,1.57,,,,6.6,4.36,1.6,6.09,4.06,1.55
2012,2012-12-29,Reading,West Ham United,2.88,3.25,2.5,,,,2.95,3.56,2.63,2.77,3.3,2.54
2012,2012-12-29,Stoke City,Southampton,1.8,3.5,4.75,,,,1.9,3.6,5.0,1.83,3.43,4.58
2012,2012-12-29,Sunderland,Tottenham Hotspur,3.5,3.4,2.1,,,,3.9,3.55,2.15,3.62,3.36,2.07
2012,2012-12-30,Everton,Chelsea,2.88,3.3,2.5,,,,3.0,3.4,2.61,2.86,3.29,2.48
2012,2012-12-30,Queens Park Rangers,Liverpool,4.0,3.5,1.91,,,,4.25,3.78,1.96,4.0,3.47,1.92
2012,2013-01-01,Manchester City,Stoke City,1.29,5.5,11.0,,,,1.33,5.82,13.0,1.29,5.38,10.96
2012,2013-01-01,Southampton,Arsenal,5.0,3.75,1.7,,,,5.2,4.05,1.73,4.85,3.82,1.7
2012,2013-01-01,Swansea City,Aston Villa,1.57,4.0,6.0,,,,1.62,4.17,6.3,1.59,3.95,5.77
2012,2013-01-01,Tottenham Hotspur,Reading,1.33,5.0,10.0,,,,1.36,5.41,10.92,1.34,4.94,9.49
2012,2013-01-01,West Bromwich Albion,Fulham,2.0,3.5,3.75,,,,2.02,3.65,4.01,2.0,3.48,3.73
2012,2013-01-01,West Ham United,Norwich City,2.1,3.4,3.5,,,,2.2,3.55,3.89,2.09,3.39,3.51
2012,2013-01-01,Wigan Athletic,Manchester United,6.0,4.2,1.53,,,,6.8,4.35,1.6,5.96,4.08,1.55
2012,2013-01-02,Chelsea,Queens Park Rangers,1.2,6.5,15.0,,,,1.22,7.2,17.1,1.21,6.44,13.66
2012,2013-01-02,Liverpool,Sunderland,1.4,4.5,8.5,,,,1.45,5.05,10.25,1.38,4.63,8.51
2012,2013-01-02,Newcastle United,Everton,3.0,3.4,2.38,,,,3.35,3.5,2.45,3.01,3.38,2.33
2012,2013-01-12,Aston Villa,Southampton,2.55,3.5,2.9,,,,2.6,3.48,3.05,2.45,3.37,2.84
2012,2013-01-12,Everton,Swansea City,1.57,4.2,6.5,,,,1.62,4.41,6.77,1.56,4.05,5.84
2012,2013-01-12,Fulham,Wigan Athletic,2.05,3.5,4.0,,,,2.08,3.6,4.1,1.97,3.47,3.83
2012,2013-01-12,Norwich City,Newcastle United,2.2,3.6,3.4,,,,2.25,3.6,3.45,2.18,3.39,3.3
2012,2013-01-12,Queens Park Rangers,Tottenham Hotspur,4.5,3.8,1.85,,,,4.65,3.92,1.9,4.27,3.64,1.83
2012,2013-01-12,Reading,West Bromwich Albion,3.0,3.4,2.5,,,,3.05,3.46,2.6,2.86,3.34,2.45
2012,2013-01-12,Stoke City,Chelsea,4.33,3.5,1.95,,,,4.4,3.55,2.0,4.04,3.4,1.94
2012,2013-01-12,Sunderland,West Ham United,2.38,3.3,3.3,,,,2.41,3.4,3.34,2.31,3.25,3.17
2012,2013-01-13,Arsenal,Manchester City,2.63,3.5,2.8,,,,2.75,3.5,2.83,2.59,3.37,2.69
2012,2013-01-13,Manchester United,Liverpool,1.91,3.8,4.2,,,,1.95,3.8,4.5,1.87,3.64,4.06
2012,2013-01-16,Chelsea,Southampton,1.25,6.5,15.0,,,,1.26,7.0,15.0,1.23,6.15,12.61
2012,2013-01-19,Liverpool,Norwich City,1.33,5.5,10.5,,,,1.36,5.75,11.0,1.31,5.25,9.66
2012,2013-01-19,Manchester City,Fulham,1.25,6.5,14.0,,,,1.29,6.66,14.0,1.24,5.96,12.12
2012,2013-01-19,Newcastle United,Reading,1.75,4.0,5.0,,,,1.8,4.0,5.1,1.74,3.72,4.7
2012,2013-01-19,Swansea City,Stoke City,2.2,3.4,3.6,,,,2.25,3.4,3.8,2.17,3.27,3.46
2012,2013-01-19,West Bromwich Albion,Aston Villa,1.75,4.0,5.0,,,,1.8,4.0,5.3,1.73,3.67,4.84
2012,2013-01-19,West Ham United,Queens Park Rangers,2.1,3.5,3.75,,,,2.1,3.62,3.95,2.05,3.36,3.69
2012,2013-01-19,Wigan Athletic,Sunderland,2.15,3.4,3.8,,,,2.16,3.52,3.85,2.11,3.34,3.53
2012,2013-01-20,Chelsea,Arsenal,1.91,3.6,4.0,,,,1.98,3.8,4.33,1.9,3.58,3.99
2012,2013-01-20,Tottenham Hotspur,Manchester United,2.9,3.6,2.5,,,,3.1,3.65,2.55,2.86,3.41,2.42
2012,2013-01-21,Southampton,Everton,3.6,3.5,2.05,,,,4.11,3.6,2.1,3.7,3.42,2.02
2012,2013-01-23,Arsenal,West Ham United,1.44,4.75,8.0,,,,1.48,4.8,8.0,1.44,4.38,7.34
2012,2013-01-29,Aston Villa,Newcastle United,2.9,3.4,2.6,,,,2.9,3.41,2.75,2.75,3.3,2.6
2012,2013-01-29,Queens Park Rangers,Manchester City,7.5,4.5,1.5,,,,8.1,4.82,1.55,7.3,4.41,1.45
2012,2013-01-29,Stoke City,Wigan Athletic,2.2,3.3,3.75,,,,2.23,3.4,4.0,2.12,3.26,3.65
2012,2013-01-29,Sunderland,Swansea City,2.5,3.4,3.0,,,,2.6,3.4,3.1,2.45,3.26,2.96
2012,2013-01-30,Arsenal,Liverpool,2.4,3.5,3.1,,,,2.41,3.57,3.25,2.33,3.36,3.02
2012,2013-01-30,Everton,West Bromwich Albion,1.6,4.1,6.5,,,,1.62,4.28,6.74,1.58,3.95,5.84
2012,2013-01-30,Fulham,West Ham United,2.2,3.5,3.5,,,,2.22,3.6,3.6,2.16,3.38,3.34
2012,2013-01-30,Manchester United,Southampton,1.25,6.5,14.0,,,,1.25,7.1,15.0,1.22,6.41,12.12
2012,2013-01-30,Norwich City,Tottenham Hotspur,4.75,3.75,1.83,,,,4.75,3.8,1.85,4.38,3.57,1.82
2012,2013-01-30,Reading,Chelsea,7.5,4.5,1.5,,,,7.54,4.75,1.5,6.73,4.33,1.48
2012,2013-02-02,Arsenal,Stoke City,1.44,4.5,9.0,,,,1.45,4.87,9.91,1.4,4.45,8.43
2012,2013-02-02,Everton,Aston Villa,1.4,5.0,9.0,,,,1.42,5.05,10.0,1.38,4.63,8.7
2012,2013-02-02,Fulham,Manchester United,5.5,4.2,1.65,,,,6.25,4.35,1.65,5.52,3.99,1.6
2012,2013-02-02,Newcastle United,Chelsea,4.0,3.6,2.0,,,,4.25,3.6,2.14,3.79,3.37,2.02
2012,2013-02-02,Queens Park Rangers,Norwich City,1.95,3.6,4.33,,,,2.03,3.6,4.25,1.97,3.41,3.92
2012,2013-02-02,Reading,Sunderland,2.5,3.4,3.0,,,,2.5,3.4,3.12,2.42,3.28,2.95
2012,2013-02-02,West Ham United,Swansea City,2.4,3.4,3.2,,,,2.45,3.41,3.25,2.34,3.29,3.08
2012,2013-02-02,Wigan Athletic,Southampton,2.2,3.5,3.5,,,,2.25,3.59,3.6,2.16,3.37,3.38
2012,2013-02-03,Manchester City,Liverpool,1.83,3.9,4.5,,,,1.85,3.91,4.6,1.82,3.61,4.36
2012,2013-02-03,West Bromwich Albion,Tottenham Hotspur,3.6,3.4,2.2,,,,3.7,3.51,2.2,3.47,3.35,2.13
2012,2013-02-09,Chelsea,Wigan Athletic,1.36,5.5,9.5,,,,1.36,5.6,10.5,1.32,5.27,9.13
2012,2013-02-09,Norwich City,Fulham,2.3,3.4,3.4,,,,2.31,3.47,3.45,2.26,3.34,3.18
2012,2013-02-09,Southampton,Manchester City,5.75,4.0,1.67,,,,6.0,4.2,1.67,5.43,3.94,1.62
2012,2013-02-09,Stoke City,Reading,1.91,3.5,4.6,,,,1.95,3.62,4.7,1.88,3.45,4.3
2012,2013-02-09,Sunderland,Arsenal,4.5,3.6,1.91,,,,4.62,3.75,1.91,4.22,3.55,1.86
2012,2013-02-09,Swansea City,Queens Park Rangers,1.83,3.75,4.75,,,,1.91,3.75,5.04,1.82,3.52,4.51
2012,2013-02-09,Tottenham Hotspur,Newcastle United,1.67,4.0,5.75,,,,1.7,4.19,5.7,1.65,3.87,5.24
2012,2013-02-10,Aston Villa,West Ham United,2.63,3.4,2.88,,,,2.7,3.45,2.9,2.56,3.29,2.76
2012,2013-02-10,Manchester United,Everton,1.75,3.9,5.0,,,,1.8,4.0,5.1,1.72,3.82,4.69
2012,2013-02-11,Liverpool,West Bromwich Albion,1.4,5.0,9.0,,,,1.4,5.28,9.5,1.37,4.77,8.54
2012,2013-02-17,Liverpool,Swansea City,1.57,4.4,6.0,,,,1.6,4.47,6.5,1.55,4.14,5.84
2012,2013-02-23,Arsenal,Aston Villa,1.33,5.5,11.0,,,,1.36,5.8,11.0,1.31,5.27,9.83
2012,2013-02-23,Fulham,Stoke City,2.2,3.3,3.75,,,,2.25,3.4,3.8,2.13,3.26,3.56
2012,2013-02-23,Norwich City,Everton,3.8,3.5,2.1,,,,3.9,3.5,2.15,3.62,3.35,2.08
2012,2013-02-23,Queens Park Rangers,Manchester United,7.0,4.33,1.53,,,,7.0,4.4,1.59,6.47,4.03,1.53
2012,2013-02-23,Reading,Wigan Athletic,2.63,3.4,2.88,,,,2.66,3.48,3.1,2.52,3.33,2.8
2012,2013-02-23,West Bromwich Albion,Sunderland,2.05,3.5,4.0,,,,2.05,3.56,4.3,2.0,3.41,3.8
2012,2013-02-24,Manchester City,Chelsea,1.95,3.6,4.33,,,,2.0,3.82,4.33,1.92,3.54,3.98
2012,2013-02-24,Newcastle United,Southampton,2.2,3.5,3.2,,,,2.2,3.6,3.75,2.11,3.39,3.48
2012,2013-02-25,West Ham United,Tottenham Hotspur,3.6,3.5,2.15,,,,3.65,3.5,2.22,3.39,3.34,2.16
2012,2013-03-02,Chelsea,West Bromwich Albion,1.4,5.0,9.0,,,,1.44,5.0,9.0,1.41,4.57,7.91
2012,2013-03-02,Everton,Reading,1.38,5.0,10.0,,,,1.42,5.2,10.0,1.38,4.68,8.63
2012,2013-03-02,Manchester United,Norwich City,1.33,5.5,11.0,,,,1.37,5.55,12.0,1.33,5.08,9.53
2012,2013-03-02,Southampton,Queens Park Rangers,1.85,3.8,4.5,,,,1.91,3.8,4.7,1.84,3.57,4.29
2012,2013-03-02,Stoke City,West Ham United,2.15,3.25,4.0,,,,2.15,3.35,4.05,2.09,3.26,3.66
2012,2013-03-02,Sunderland,Fulham,2.4,3.3,3.3,,,,2.4,3.35,3.5,2.31,3.25,3.17
2012,2013-03-02,Swansea City,Newcastle United,2.1,3.6,3.75,,,,2.15,3.6,3.8,2.08,3.41,3.54
2012,2013-03-02,Wigan Athletic,Liverpool,4.5,3.75,1.85,,,,4.7,3.85,1.88,4.3,3.64,1.82
2012,2013-03-03,Tottenham Hotspur,Arsenal,2.3,3.6,3.25,,,,2.35,3.65,3.25,2.29,3.4,3.09
2012,2013-03-04,Aston Villa,Manchester City,7.5,4.5,1.44,,,,7.72,4.6,1.55,6.96,4.29,1.47
2012,2013-03-09,Norwich City,Southampton,2.5,3.4,3.0,,,,2.52,3.5,3.1,2.4,3.32,2.96
2012,2013-03-09,Queens Park Rangers,Sunderland,2.25,3.4,3.5,,,,2.3,3.4,3.63,2.22,3.29,3.32
2012,2013-03-09,Reading,Aston Villa,2.45,3.4,3.1,,,,2.5,3.5,3.2,2.37,3.34,3.0
2012,2013-03-09,West Bromwich Albion,Swansea City,2.45,3.3,3.2,,,,2.47,3.5,3.32,2.35,3.33,3.04
2012,2013-03-10,Liverpool,Tottenham Hotspur,1.95,3.8,4.0,,,,2.0,4.05,4.24,1.88,3.67,3.94
2012,2013-03-10,Newcastle United,Stoke City,1.83,3.7,4.8,,,,1.9,3.7,5.16,1.82,3.46,4.5
2012,2013-03-16,Aston Villa,Queens Park Rangers,2.3,3.4,3.4,,,,2.33,3.45,3.46,2.23,3.29,3.29
2012,2013-03-16,Everton,Manchester City,3.9,3.6,2.05,,,,3.87,3.7,2.1,3.66,3.43,2.03
2012,2013-03-16,Manchester United,Reading,1.17,9.0,19.0,,,,1.18,9.12,21.0,1.15,8.18,16.23
2012,2013-03-16,Southampton,Liverpool,4.2,3.8,1.91,,,,4.5,3.87,1.98,3.94,3.59,1.9
2012,2013-03-16,Stoke City,West Bromwich Albion,2.5,3.3,3.1,,,,2.5,3.3,3.19,2.42,3.22,2.98
2012,2013-03-16,Swansea City,Arsenal,3.4,3.5,2.25,,,,3.41,3.53,2.3,3.24,3.35,2.22
2012,2013-03-17,Chelsea,West Ham United,1.4,5.0,9.0,,,,1.41,5.18,10.0,1.37,4.76,8.43
2012,2013-03-17,Sunderland,Norwich City,2.05,3.5,4.0,,,,2.1,3.5,4.0,2.04,3.37,3.68
2012,2013-03-17,Tottenham Hotspur,Fulham,1.5,4.5,7.5,,,,1.55,4.62,7.5,1.48,4.24,6.75
2012,2013-03-17,Wigan Athletic,Newcastle United,2.3,3.4,3.4,,,,2.38,3.53,3.4,2.24,3.34,3.22
2012,2013-03-30,Arsenal,Reading,1.25,6.5,15.0,,,,1.25,6.7,15.03,1.23,6.08,12.13
2012,2013-03-30,Everton,Stoke City,1.57,3.9,7.5,,,,1.59,4.0,8.0,1.54,3.85,6.83
2012,2013-03-30,Manchester City,Newcastle United,1.33,5.5,11.0,,,,1.33,5.75,12.35,1.29,5.35,10.57
2012,2013-03-30,Southampton,Chelsea,3.5,3.5,2.2,,,,3.8,3.6,2.22,3.41,3.43,2.12
2012,2013-03-30,Sunderland,Manchester United,6.0,4.0,1.65,,,,6.31,4.0,1.67,5.76,3.7,1.63
2012,2013-03-30,Swansea City,Tottenham Hotspur,3.4,3.4,2.3,,,,3.45,3.45,2.38,3.19,3.32,2.26
2012,2013-03-30,West Ham United,West Bromwich Albion,2.3,3.4,3.4,,,,2.3,3.5,3.63,2.23,3.3,3.28
2012,2013-03-30,Wigan Athletic,Norwich City,1.95,3.6,4.33,,,,2.0,3.65,4.5,1.91,3.45,4.09
2012,2013-03-31,Aston Villa,Liverpool,5.0,4.0,1.75,,,,5.03,4.0,1.8,4.72,3.71,1.74
2012,2013-04-01,Fulham,Queens Park Rangers,2.0,3.6,4.0,,,,2.05,3.6,4.1,1.98,3.42,3.82
2012,2013-04-06,Norwich City,Swansea City,2.63,3.3,2.9,,,,2.7,3.4,2.91,2.56,3.25,2.78
2012,2013-04-06,Reading,Southampton,3.3,3.6,2.25,,,,3.43,3.6,2.26,3.19,3.45,2.21
2012,2013-04-06,Stoke City,Aston Villa,2.1,3.4,4.0,,,,2.14,3.5,4.05,2.06,3.28,3.74
2012,2013-04-06,West Bromwich Albion,Arsenal,4.1,3.7,1.95,,,,4.33,3.75,2.0,3.93,3.51,1.93
2012,2013-04-07,Chelsea,Sunderland,1.36,5.0,11.0,,,,1.36,5.41,11.0,1.33,4.86,9.82
2012,2013-04-07,Liverpool,West Ham United,1.36,5.5,9.0,,,,1.37,5.5,10.0,1.34,5.01,8.99
2012,2013-04-07,Newcastle United,Fulham,2.1,3.5,3.8,,,,2.1,3.55,4.19,2.01,3.4,3.73
2012,2013-04-07,Queens Park Rangers,Wigan Athletic,2.38,3.4,3.25,,,,2.42,3.45,3.25,2.34,3.34,3.03
2012,2013-04-07,Tottenham Hotspur,Everton,2.2,3.4,3.6,,,,2.25,3.4,3.65,2.18,3.26,3.42
2012,2013-04-08,Manchester United,Manchester City,2.3,3.5,3.3,,,,2.3,3.52,3.6,2.2,3.32,3.33
2012,2013-04-13,Arsenal,Norwich City,1.25,6.5,14.0,,,,1.26,6.6,14.0,1.24,5.94,12.09
2012,2013-04-13,Aston Villa,Fulham,2.3,3.3,3.5,,,,2.31,3.42,3.5,2.25,3.3,3.21
2012,2013-04-13,Everton,Queens Park Rangers,1.44,4.75,8.0,,,,1.47,4.85,8.0,1.43,4.4,7.49
2012,2013-04-13,Reading,Liverpool,8.0,4.75,1.45,,,,8.0,4.75,1.5,7.01,4.38,1.46
2012,2013-04-13,Southampton,West Ham United,1.91,3.75,4.2,,,,1.95,3.75,4.5,1.87,3.51,4.15
2012,2013-04-14,Newcastle United,Sunderland,1.95,3.5,4.5,,,,1.95,3.58,4.56,1.91,3.39,4.17
2012,2013-04-14,Stoke City,Manchester United,7.0,3.9,1.6,,,,7.0,4.12,1.65,6.35,3.75,1.58
2012,2013-04-16,Arsenal,Everton,1.75,3.9,5.0,,,,1.8,4.05,5.15,1.72,3.82,4.8
2012,2013-04-17,Fulham,Chelsea,4.75,3.8,1.8,,,,4.9,3.9,1.91,4.49,3.59,1.8
2012,2013-04-17,Manchester City,Wigan Athletic,1.25,6.5,14.0,,,,1.28,6.5,15.0,1.25,5.94,11.36
2012,2013-04-17,West Ham United,Manchester United,5.5,3.9,1.7,,,,5.8,4.12,1.7,5.38,3.72,1.66
2012,2013-04-20,Fulham,Arsenal,5.0,4.0,1.75,,,,5.1,4.0,1.8,4.74,3.72,1.74
2012,2013-04-20,Norwich City,Reading,1.75,3.8,5.25,,,,1.76,3.95,5.43,1.72,3.65,4.98
2012,2013-04-20,Queens Park Rangers,Stoke City,2.25,3.4,3.5,,,,2.3,3.4,3.64,2.21,3.27,3.34
2012,2013-04-20,Sunderland,Everton,3.4,3.4,2.3,,,,3.55,3.4,2.31,3.3,3.29,2.23
2012,2013-04-20,Swansea City,Southampton,2.38,3.5,3.1,,,,2.4,3.55,3.22,2.32,3.36,3.04
2012,2013-04-20,West Bromwich Albion,Newcastle United,2.25,3.5,3.4,,,,2.3,3.55,3.5,2.22,3.35,3.25
2012,2013-04-20,West Ham United,Wigan Athletic,2.3,3.5,3.3,,,,2.33,3.55,3.35,2.24,3.35,3.2
2012,2013-04-21,Liverpool,Chelsea,2.15,3.6,3.6,,,,2.2,3.61,3.77,2.11,3.41,3.46
2012,2013-04-21,Tottenham Hotspur,Manchester City,3.25,3.6,2.3,,,,3.28,3.6,2.35,3.14,3.36,2.27
2012,2013-04-22,Manchester United,Aston Villa,1.25,6.75,13.0,,,,1.29,6.75,13.0,1.25,6.05,10.88
2012,2013-04-27,Everton,Fulham,1.5,4.5,7.5,,,,1.55,4.61,8.1,1.48,4.19,7.12
2012,2013-04-27,Manchester City,West Ham United,1.29,6.0,12.0,,,,1.29,6.4,14.0,1.26,5.75,11.15
2012,2013-04-27,Newcastle United,Liverpool,2.88,3.6,2.5,,,,3.09,3.6,2.5,2.93,3.34,2.41
2012,2013-04-27,Southampton,West Bromwich Albion,1.85,3.75,4.6,,,,1.91,3.75,4.75,1.85,3.55,4.29
2012,2013-04-27,Stoke City,Norwich City,2.25,3.3,3.6,,,,2.3,3.3,3.75,2.19,3.18,3.51
2012,2013-04-27,Wigan Athletic,Tottenham Hotspur,3.8,3.6,2.05,,,,3.85,3.7,2.1,3.63,3.46,2.03
2012,2013-04-28,Arsenal,Manchester United,2.25,3.6,3.3,,,,2.3,3.63,3.5,2.18,3.44,3.23
2012,2013-04-28,Chelsea,Swansea City,1.36,5.5,9.0,,,,1.37,5.5,11.0,1.34,4.97,8.89
2012,2013-04-28,Reading,Queens Park Rangers,2.55,3.5,2.88,,,,2.63,3.53,2.98,2.52,3.34,2.78
2012,2013-04-29,Aston Villa,Sunderland,2.3,3.4,3.4,,,,2.3,3.45,3.7,2.23,3.28,3.28
2012,2013-05-04,Fulham,Reading,1.73,3.9,5.25,,,,1.74,3.91,5.61,1.7,3.68,5.07
2012,2013-05-04,Norwich City,Aston Villa,2.55,3.3,3.0,,,,2.6,3.4,3.07,2.47,3.24,2.91
2012,2013-05-04,Queens Park Rangers,Arsenal,8.0,4.75,1.44,,,,8.7,5.02,1.44,7.77,4.53,1.41
2012,2013-05-04,Swansea City,Manchester City,5.25,3.8,1.75,,,,5.26,3.85,1.8,4.94,3.6,1.74
2012,2013-05-04,Tottenham Hotspur,Southampton,1.44,4.75,8.0,,,,1.5,4.85,8.1,1.45,4.37,7.22
2012,2013-05-04,West Bromwich Albion,Wigan Athletic,2.45,3.5,3.0,,,,2.46,3.52,3.2,2.37,3.36,2.97
2012,2013-05-04,West Ham United,Newcastle United,2.38,3.4,3.25,,,,2.4,3.53,3.3,2.32,3.35,3.06
2012,2013-05-05,Liverpool,Everton,1.95,3.6,4.2,,,,2.0,3.77,4.4,1.92,3.47,4.02
2012,2013-05-05,Manchester United,Chelsea,2.2,3.5,3.5,,,,2.25,3.63,3.5,2.16,3.4,3.31
2012,2013-05-06,Sunderland,Stoke City,2.1,3.3,4.0,,,,2.15,3.45,4.25,2.06,3.21,3.79
2012,2013-05-07,Manchester City,West Bromwich Albion,1.4,5.0,9.0,,,,1.42,5.26,10.0,1.37,4.89,8.68
2012,2013-05-07,Wigan Athletic,Swansea City,1.83,3.75,4.75,,,,1.85,3.85,4.9,1.79,3.63,4.51
2012,2013-05-08,Chelsea,Tottenham Hotspur,1.95,3.75,4.0,,,,2.0,3.75,4.2,1.94,3.52,3.88
2012,2013-05-11,Aston Villa,Chelsea,4.5,3.8,1.85,,,,4.85,3.84,1.86,4.33,3.6,1.82
2012,2013-05-12,Everton,West Ham United,1.5,4.5,7.5,,,,1.53,4.6,7.9,1.48,4.16,7.02
2012,2013-05-12,Fulham,Liverpool,3.9,3.6,2.05,,,,4.15,3.65,2.15,3.73,3.43,2.01
2012,2013-05-12,Manchester United,Swansea City,1.3,5.75,12.0,,,,1.33,6.0,12.14,1.28,5.44,10.6
2012,2013-05-12,Norwich City,West Bromwich Albion,2.2,3.4,3.6,,,,2.25,3.5,3.7,2.13,3.37,3.44
2012,2013-05-12,Queens Park Rangers,Newcastle United,3.4,3.4,2.3,,,,3.4,3.45,2.38,3.16,3.34,2.25
2012,2013-05-12,Stoke City,Tottenham Hotspur,4.5,3.6,1.91,,,,4.7,3.6,1.94,4.22,3.43,1.89
2012,2013-05-12,Sunderland,Southampton,2.8,3.2,2.8,,,,2.88,3.25,2.9,2.68,3.14,2.73
2012,2013-05-14,Arsenal,Wigan Athletic,1.4,5.5,8.0,,,,1.4,5.7,8.7,1.36,5.15,8.01
2012,2013-05-14,Reading,Manchester City,6.0,4.33,1.6,,,,6.5,4.5,1.62,5.78,4.21,1.55
2012,2013-05-19,Chelsea,Everton,1.7,4.0,5.5,,,,1.73,4.1,6.1,1.66,3.8,5.12
2012,2013-05-19,Liverpool,Queens Park Rangers,1.25,7.0,12.0,,,,1.26,7.0,15.09,1.23,6.1,11.86
2012,2013-05-19,Manchester City,Norwich City,1.33,5.5,11.0,,,,1.33,5.7,12.0,1.3,5.29,9.86
2012,2013-05-19,Newcastle United,Arsenal,6.0,4.6,1.55,,,,6.5,4.7,1.57,5.9,4.3,1.52
2012,2013-05-19,Southampton,Stoke City,1.75,3.8,5.25,,,,1.81,3.8,5.36,1.76,3.53,4.8
2012,2013-05-19,Swansea City,Fulham,1.8,3.8,4.75,,,,1.83,3.85,5.15,1.77,3.68,4.5
2012,2013-05-19,Tottenham Hotspur,Sunderland,1.29,6.0,12.0,,,,1.3,6.2,13.0,1.27,5.49,10.9
2012,2013-05-19,West Bromwich Albion,Manchester United,4.5,3.9,1.83,,,,4.6,3.95,1.86,4.29,3.62,1.81
2012,2013-05-19,West Ham United,Reading,1.67,4.0,5.75,,,,1.7,4.1,5.88,1.64,3.77,5.4
2012,2013-05-19,Wigan Athletic,Aston Villa,2.15,3.6,3.6,,,,2.15,3.66,3.7,2.08,3.42,3.48
2013,2013-08-17,Arsenal,Aston Villa,1.44,4.75,8.0,,,,1.44,5.2,9.7,1.4,4.68,7.87
2013,2013-08-17,Liverpool,Stoke City,1.4,5.0,9.5,,,,1.44,4.95,10.0,1.38,4.54,8.88
2013,2013-08-17,Norwich City,Everton,3.2,3.4,2.4,,,,3.35,3.41,2.4,3.12,3.27,2.31
2013,2013-08-17,Sunderland,Fulham,2.3,3.4,3.4,,,,2.3,3.45,3.58,2.22,3.3,3.29
2013,2013-08-17,Swansea City,Manchester United,4.2,3.5,2.0,,,,4.33,3.6,2.1,3.84,3.4,1.99
2013,2013-08-17,West Bromwich Albion,Southampton,2.4,3.4,3.2,,,,2.43,3.45,3.3,2.31,3.33,3.07
2013,2013-08-17,West Ham United,Cardiff City,2.0,3.6,4.0,,,,2.0,3.65,4.4,1.94,3.47,3.94
2013,2013-08-18,Chelsea,Hull City,1.2,7.0,21.0,,,,1.22,7.7,21.0,1.19,6.68,15.53
2013,2013-08-18,Crystal Palace,Tottenham Hotspur,4.75,3.75,1.83,,,,5.2,3.95,1.85,4.66,3.61,1.77
2013,2013-08-19,Manchester City,Newcastle United,1.33,5.5,11.0,,,,1.33,5.86,12.0,1.3,5.27,10.35
2013,2013-08-21,Chelsea,Aston Villa,1.29,5.5,10.0,,,,1.33,6.4,14.0,1.29,5.42,10.17
2013,2013-08-24,Aston Villa,Liverpool,4.0,3.75,1.95,,,,4.2,3.83,2.0,3.93,3.55,1.91
2013,2013-08-24,Everton,West Bromwich Albion,1.57,4.33,6.5,,,,1.6,4.35,7.1,1.55,3.94,6.27
2013,2013-08-24,Fulham,Arsenal,3.8,3.5,2.1,,,,3.8,3.58,2.15,3.51,3.38,2.1
2013,2013-08-24,Hull City,Norwich City,2.45,3.4,3.1,,,,2.5,3.4,3.33,2.39,3.25,3.01
2013,2013-08-24,Newcastle United,West Ham United,2.3,3.4,3.4,,,,2.32,3.4,3.55,2.22,3.29,3.29
2013,2013-08-24,Southampton,Sunderland,1.73,3.8,5.5,,,,1.85,4.1,5.63,1.69,3.66,5.16
2013,2013-08-24,Stoke City,Crystal Palace,1.83,3.6,5.0,,,,1.91,3.65,5.1,1.83,3.42,4.54
2013,2013-08-25,Cardiff City,Manchester City,8.5,4.75,1.44,,,,8.5,4.9,1.47,7.32,4.39,1.44
2013,2013-08-25,Tottenham Hotspur,Swansea City,1.62,4.0,6.5,,,,1.66,4.0,6.58,1.6,3.78,5.95
2013,2013-08-26,Manchester United,Chelsea,2.45,3.4,3.1,,,,2.5,3.51,3.2,2.38,3.33,2.94
2013,2013-08-31,Cardiff City,Everton,3.25,3.4,2.38,,,,3.33,3.45,2.41,3.13,3.31,2.29
2013,2013-08-31,Crystal Palace,Sunderland,2.6,3.3,3.0,,,,2.6,3.35,3.1,2.49,3.22,2.89
2013,2013-08-31,Manchester City,Hull City,1.17,8.5,19.0,,,,1.2,8.52,20.56,1.16,7.53,15.78
2013,2013-08-31,Newcastle United,Fulham,2.15,3.4,3.75,,,,2.18,3.5,3.75,2.11,3.36,3.49
2013,2013-08-31,Norwich City,Southampton,3.0,3.3,2.55,,,,3.06,3.4,2.62,2.84,3.27,2.5
2013,2013-08-31,West Ham United,Stoke City,2.0,3.4,4.33,,,,2.02,3.54,4.35,1.98,3.37,3.92
2013,2013-09-01,Arsenal,Tottenham Hotspur,2.1,3.7,3.6,,,,2.17,3.7,3.7,2.08,3.46,3.47
2013,2013-09-01,Liverpool,Manchester United,2.63,3.4,2.88,,,,2.64,3.4,2.98,2.52,3.28,2.81
2013,2013-09-01,West Bromwich Albion,Swansea City,2.7,3.4,2.8,,,,2.7,3.47,2.9,2.55,3.34,2.73
2013,2013-09-14,Aston Villa,Newcastle United,2.15,3.4,3.8,,,,2.2,3.45,3.87,2.11,3.33,3.54
2013,2013-09-14,Everton,Chelsea,3.4,3.3,2.35,,,,3.6,3.41,2.38,3.22,3.28,2.27
2013,2013-09-14,Fulham,West Bromwich Albion,2.15,3.5,3.6,,,,2.2,3.5,3.77,2.11,3.33,3.53
2013,2013-09-14,Hull City,Cardiff City,2.45,3.25,3.25,,,,2.5,3.35,3.3,2.38,3.19,3.1
2013,2013-09-14,Manchester United,Crystal Palace,1.22,7.0,16.0,,,,1.25,7.6,18.0,1.21,6.61,13.66
2013,2013-09-14,Stoke City,Manchester City,6.0,4.0,1.65,,,,6.3,4.0,1.7,5.69,3.73,1.63
2013,2013-09-14,Sunderland,Arsenal,6.0,3.9,1.67,,,,6.1,3.95,1.7,5.43,3.69,1.66
2013,2013-09-14,Tottenham Hotspur,Norwich City,1.45,4.75,8.0,,,,1.47,4.75,9.0,1.44,4.33,7.63
2013,2013-09-15,Southampton,West Ham United,1.85,3.6,4.75,,,,1.9,3.65,5.0,1.82,3.5,4.55
2013,2013-09-16,Swansea City,Liverpool,3.5,3.5,2.2,,,,3.6,3.5,2.26,3.37,3.34,2.17
2013,2013-09-21,Chelsea,Fulham,1.3,5.75,12.0,,,,1.33,5.9,13.0,1.29,5.41,10.74
2013,2013-09-21,Liverpool,Southampton,1.6,4.0,6.5,,,,1.62,4.15,7.0,1.58,3.82,6.18
2013,2013-09-21,Newcastle United,Hull City,1.85,3.5,5.0,,,,1.85,3.7,5.28,1.8,3.47,4.72
2013,2013-09-21,Norwich City,Aston Villa,2.4,3.4,3.2,,,,2.47,3.4,3.3,2.37,3.3,3.01
2013,2013-09-21,West Bromwich Albion,Sunderland,2.05,3.4,4.2,,,,2.1,3.5,4.2,2.03,3.33,3.75
2013,2013-09-21,West Ham United,Everton,3.3,3.3,2.4,,,,3.4,3.4,2.45,3.12,3.25,2.33
2013,2013-09-22,Arsenal,Stoke City,1.36,5.25,10.0,,,,1.4,5.4,11.0,1.35,4.88,9.25
2013,2013-09-22,Cardiff City,Tottenham Hotspur,4.5,3.6,1.91,,,,4.76,3.65,1.92,4.32,3.43,1.88
2013,2013-09-22,Crystal Palace,Swansea City,3.5,3.4,2.25,,,,3.5,3.45,2.45,3.2,3.27,2.25
2013,2013-09-22,Manchester City,Manchester United,2.2,3.4,3.6,,,,2.25,3.55,3.65,2.16,3.32,3.42
2013,2013-09-28,Aston Villa,Manchester City,6.5,4.2,1.57,,,,7.5,4.3,1.57,6.6,3.97,1.53
2013,2013-09-28,Fulham,Cardiff City,2.1,3.4,3.9,,,,2.15,3.45,3.98,2.07,3.32,3.66
2013,2013-09-28,Hull City,West Ham United,2.38,3.3,3.3,,,,2.42,3.3,3.4,2.34,3.2,3.16
2013,2013-09-28,Manchester United,West Bromwich Albion,1.3,5.75,12.0,,,,1.31,6.2,12.65,1.29,5.44,10.38
2013,2013-09-28,Southampton,Crystal Palace,1.45,4.5,8.5,,,,1.5,4.55,9.0,1.45,4.21,7.7
2013,2013-09-28,Swansea City,Arsenal,3.2,3.4,2.38,,,,3.4,3.45,2.42,3.11,3.32,2.31
2013,2013-09-28,Tottenham Hotspur,Chelsea,2.7,3.3,2.88,,,,2.8,3.38,2.91,2.61,3.19,2.77
2013,2013-09-29,Stoke City,Norwich City,1.95,3.4,4.5,,,,2.05,3.47,4.51,1.96,3.32,4.09
2013,2013-09-29,Sunderland,Liverpool,5.5,3.9,1.7,,,,5.7,4.0,1.75,5.3,3.71,1.67
2013,2013-09-30,Everton,Newcastle United,1.65,4.0,6.0,,,,1.67,4.1,6.5,1.61,3.76,5.74
2013,2013-10-05,Cardiff City,Newcastle United,2.45,3.4,3.1,,,,2.45,3.4,3.25,2.36,3.29,3.05
2013,2013-10-05,Fulham,Stoke City,2.4,3.3,3.3,,,,2.44,3.3,3.4,2.36,3.2,3.12
2013,2013-10-05,Hull City,Aston Villa,2.45,3.3,3.2,,,,2.5,3.4,3.35,2.36,3.26,3.07
2013,2013-10-05,Liverpool,Crystal Palace,1.2,7.5,17.0,,,,1.23,7.6,17.0,1.21,6.48,14.01
2013,2013-10-05,Manchester City,Everton,1.67,4.2,5.5,,,,1.68,4.2,5.8,1.64,3.88,5.29
2013,2013-10-05,Sunderland,Manchester United,6.0,4.0,1.65,,,,6.2,4.1,1.68,5.58,3.8,1.63
2013,2013-10-06,Norwich City,Chelsea,6.5,4.0,1.62,,,,6.5,4.2,1.63,6.02,3.9,1.58
2013,2013-10-06,Southampton,Swansea City,2.1,3.5,3.8,,,,2.1,3.5,4.11,2.04,3.36,3.72
2013,2013-10-06,Tottenham Hotspur,West Ham United,1.44,4.75,8.5,,,,1.45,4.9,9.0,1.42,4.43,7.96
2013,2013-10-06,West Bromwich Albion,Arsenal,4.9,4.0,1.75,,,,5.0,4.0,1.82,4.54,3.73,1.76
2013,2013-10-19,Arsenal,Norwich City,1.29,6.0,12.0,,,,1.33,6.0,13.0,1.29,5.39,10.72
2013,2013-10-19,Chelsea,Cardiff City,1.25,6.5,15.0,,,,1.26,7.0,16.0,1.24,6.03,12.82
2013,2013-10-19,Everton,Hull City,1.45,4.5,9.0,,,,1.5,4.57,9.0,1.44,4.2,8.07
2013,2013-10-19,Manchester United,Southampton,1.57,4.33,6.5,,,,1.6,4.4,7.0,1.55,4.02,6.2
2013,2013-10-19,Newcastle United,Liverpool,4.5,3.9,1.83,,,,4.58,3.93,1.87,4.31,3.65,1.82
2013,2013-10-19,Stoke City,West Bromwich Albion,2.3,3.3,3.5,,,,2.4,3.36,3.57,2.26,3.21,3.31
2013,2013-10-19,Swansea City,Sunderland,1.62,4.0,6.5,,,,1.62,4.16,6.91,1.57,3.89,6.19
2013,2013-10-19,West Ham United,Manchester City,5.5,3.8,1.73,,,,5.8,3.9,1.73,5.32,3.65,1.68
2013,2013-10-20,Aston Villa,Tottenham Hotspur,4.0,3.5,2.05,,,,4.2,3.6,2.05,3.86,3.4,1.98
2013,2013-10-21,Crystal Palace,Fulham,2.75,3.3,2.8,,,,2.75,3.37,2.86,2.65,3.21,2.69
2013,2013-10-26,Aston Villa,Everton,3.4,3.4,2.3,,,,3.47,3.52,2.3,3.3,3.3,2.22
2013,2013-10-26,Crystal Palace,Arsenal,11.0,5.0,1.36,,,,11.0,5.25,1.4,8.85,4.82,1.36
2013,2013-10-26,Liverpool,West Bromwich Albion,1.44,4.75,8.0,,,,1.45,5.04,8.5,1.41,4.66,7.61
2013,2013-10-26,Manchester United,Stoke City,1.33,5.5,11.0,,,,1.36,5.5,12.0,1.32,5.02,9.83
2013,2013-10-26,Norwich City,Cardiff City,2.2,3.4,3.6,,,,2.25,3.4,3.81,2.16,3.28,3.45
2013,2013-10-26,Southampton,Fulham,1.62,4.0,6.5,,,,1.65,4.18,6.5,1.59,3.78,6.12
2013,2013-10-27,Chelsea,Manchester City,2.38,3.4,3.2,,,,2.44,3.5,3.25,2.36,3.31,3.03
2013,2013-10-27,Sunderland,Newcastle United,2.9,3.3,2.63,,,,2.94,3.42,2.65,2.78,3.27,2.56
2013,2013-10-27,Swansea City,West Ham United,1.75,3.8,5.25,,,,1.75,3.98,5.5,1.71,3.65,4.98
2013,2013-10-27,Tottenham Hotspur,Hull City,1.44,4.75,8.0,,,,1.44,4.77,9.15,1.41,4.37,8.03
2013,2013-11-02,Arsenal,Liverpool,2.3,3.5,3.3,,,,2.34,3.5,3.4,2.26,3.35,3.18
2013,2013-11-02,Fulham,Manchester United,6.5,4.2,1.57,,,,6.79,4.28,1.62,6.03,3.91,1.58
2013,2013-11-02,Hull City,Sunderland,2.15,3.4,3.8,,,,2.2,3.4,3.89,2.12,3.28,3.58
2013,2013-11-02,Manchester City,Norwich City,1.2,7.5,18.0,,,,1.22,8.05,21.56,1.19,6.83,14.48
2013,2013-11-02,Newcastle United,Chelsea,6.0,4.2,1.62,,,,6.2,4.2,1.67,5.62,3.89,1.61
2013,2013-11-02,Stoke City,Southampton,3.3,3.3,2.4,,,,3.4,3.4,2.45,3.11,3.17,2.36
2013,2013-11-02,West Bromwich Albion,Crystal Palace,1.55,4.2,7.0,,,,1.6,4.34,7.35,1.54,4.02,6.32
2013,2013-11-02,West Ham United,Aston Villa,2.25,3.5,3.4,,,,2.25,3.5,3.68,2.16,3.29,3.38
2013,2013-11-03,Cardiff City,Swansea City,3.4,3.4,2.3,,,,3.55,3.4,2.31,3.24,3.29,2.25
2013,2013-11-03,Everton,Tottenham Hotspur,2.5,3.4,3.0,,,,2.54,3.43,3.06,2.44,3.27,2.92
2013,2013-11-09,Aston Villa,Cardiff City,2.0,3.5,4.2,,,,2.05,3.5,4.27,1.98,3.33,3.96
2013,2013-11-09,Chelsea,West Bromwich Albion,1.29,6.0,12.0,,,,1.32,6.0,12.15,1.29,5.4,10.49
2013,2013-11-09,Crystal Palace,Everton,6.5,4.0,1.62,,,,6.5,4.1,1.63,5.97,3.82,1.59
2013,2013-11-09,Liverpool,Fulham,1.25,6.5,15.0,,,,1.27,6.5,15.0,1.24,5.93,12.64
2013,2013-11-09,Norwich City,West Ham United,2.63,3.3,2.9,,,,2.63,3.3,3.1,2.51,3.22,2.87
2013,2013-11-09,Southampton,Hull City,1.62,3.8,7.0,,,,1.6,4.0,7.5,1.56,3.73,6.8
2013,2013-11-10,Manchester United,Arsenal,2.35,3.5,3.2,,,,2.4,3.52,3.6,2.26,3.35,3.16
2013,2013-11-10,Sunderland,Manchester City,9.0,5.0,1.4,,,,9.0,5.0,1.42,8.0,4.7,1.39
2013,2013-11-10,Swansea City,Stoke City,2.0,3.4,4.33,,,,2.05,3.5,4.5,1.94,3.31,4.15
2013,2013-11-10,Tottenham Hotspur,Newcastle United,1.57,4.33,6.5,,,,1.57,4.36,7.12,1.53,4.02,6.49
2013,2013-11-23,Arsenal,Southampton,1.62,4.2,6.0,,,,1.67,4.21,6.25,1.6,3.88,5.82
2013,2013-11-23,Everton,Liverpool,3.0,3.4,2.5,,,,3.02,3.4,2.63,2.85,3.27,2.5
2013,2013-11-23,Fulham,Swansea City,3.3,3.3,2.38,,,,3.56,3.4,2.4,3.2,3.25,2.3
2013,2013-11-23,Hull City,Crystal Palace,1.85,3.5,5.0,,,,1.88,3.53,5.2,1.83,3.39,4.64
2013,2013-11-23,Newcastle United,Norwich City,1.8,3.8,4.75,,,,1.81,3.85,5.0,1.77,3.63,4.6
2013,2013-11-23,Stoke City,Sunderland,2.15,3.3,3.9,,,,2.15,3.45,4.17,2.08,3.21,3.79
2013,2013-11-23,West Ham United,Chelsea,6.0,4.2,1.62,,,,6.35,4.25,1.67,5.79,3.86,1.6
2013,2013-11-24,Cardiff City,Manchester United,6.0,4.0,1.65,,,,6.0,4.01,1.69,5.54,3.8,1.63
2013,2013-11-24,Manchester City,Tottenham Hotspur,1.7,4.0,5.5,,,,1.75,4.0,5.9,1.67,3.72,5.36
2013,2013-11-25,West Bromwich Albion,Aston Villa,2.15,3.4,3.8,,,,2.17,3.5,3.8,2.08,3.31,3.62
2013,2013-11-30,Aston Villa,Sunderland,2.0,3.4,4.33,,,,2.04,3.5,4.33,1.97,3.35,3.99
2013,2013-11-30,Cardiff City,Arsenal,6.5,4.0,1.62,,,,6.5,4.12,1.67,5.67,3.92,1.6
2013,2013-11-30,Everton,Stoke City,1.62,4.0,6.25,,,,1.63,4.06,7.0,1.59,3.82,5.99
2013,2013-11-30,Newcastle United,West Bromwich Albion,2.05,3.5,4.0,,,,2.1,3.57,4.0,2.02,3.39,3.72
2013,2013-11-30,Norwich City,Crystal Palace,2.0,3.4,4.33,,,,2.01,3.5,4.5,1.93,3.36,4.18
2013,2013-11-30,West Ham United,Fulham,1.91,3.5,4.6,,,,1.95,3.56,4.81,1.88,3.43,4.28
2013,2013-12-01,Chelsea,Southampton,1.57,4.2,6.5,,,,1.58,4.4,7.3,1.54,4.05,6.27
2013,2013-12-01,Hull City,Liverpool,6.5,4.0,1.62,,,,7.05,4.13,1.63,6.06,3.79,1.59
2013,2013-12-01,Manchester City,Swansea City,1.29,6.0,13.0,,,,1.3,6.0,13.33,1.28,5.46,10.88
2013,2013-12-01,Tottenham Hotspur,Manchester United,2.8,3.5,2.63,,,,2.84,3.5,2.7,2.7,3.28,2.62
2013,2013-12-03,Crystal Palace,West Ham United,3.25,3.3,2.4,,,,3.36,3.35,2.6,3.07,3.25,2.39
2013,2013-12-04,Arsenal,Hull City,1.2,7.5,17.0,,,,1.23,7.5,17.0,1.2,6.62,14.26
2013,2013-12-04,Fulham,Tottenham Hotspur,5.8,3.9,1.67,,,,6.42,3.94,1.71,5.53,3.73,1.65
2013,2013-12-04,Liverpool,Norwich City,1.29,6.0,12.0,,,,1.3,6.35,12.56,1.26,5.81,11.08
2013,2013-12-04,Manchester United,Everton,1.73,3.75,5.5,,,,1.77,3.93,5.5,1.71,3.71,4.98
2013,2013-12-04,Southampton,Aston Villa,1.7,3.8,5.75,,,,1.73,3.85,6.0,1.67,3.72,5.35
2013,2013-12-04,Stoke City,Cardiff City,2.1,3.4,4.0,,,,2.12,3.4,4.0,2.06,3.31,3.75
2013,2013-12-04,Sunderland,Chelsea,6.5,4.33,1.55,,,,6.76,4.38,1.57,6.24,4.1,1.53
2013,2013-12-04,Swansea City,Newcastle United,2.2,3.5,3.5,,,,2.2,3.55,3.63,2.13,3.41,3.42
2013,2013-12-04,West Bromwich Albion,Manchester City,6.0,4.2,1.62,,,,6.09,4.2,1.65,5.61,3.9,1.61
2013,2013-12-07,Crystal Palace,Cardiff City,2.8,3.3,2.75,,,,2.82,3.3,2.82,2.69,3.15,2.72
2013,2013-12-07,Liverpool,West Ham United,1.29,6.0,12.0,,,,1.32,6.04,12.1,1.29,5.58,10.36
2013,2013-12-07,Manchester United,Newcastle United,1.53,4.33,7.0,,,,1.55,4.5,7.5,1.51,4.16,6.38
2013,2013-12-07,Southampton,Manchester City,5.25,3.8,1.75,,,,5.41,3.85,1.78,4.92,3.65,1.73
2013,2013-12-07,Stoke City,Chelsea,6.5,4.2,1.57,,,,6.62,4.2,1.65,6.12,3.81,1.59
2013,2013-12-07,Sunderland,Tottenham Hotspur,4.5,3.6,1.91,,,,4.6,3.6,1.97,4.24,3.43,1.89
2013,2013-12-07,West Bromwich Albion,Norwich City,1.8,3.75,5.0,,,,1.85,3.77,5.04,1.79,3.53,4.72
2013,2013-12-08,Arsenal,Everton,1.7,3.8,5.75,,,,1.74,4.01,5.75,1.69,3.7,5.18
2013,2013-12-08,Fulham,Aston Villa,2.75,3.3,2.8,,,,2.75,3.39,2.82,2.66,3.25,2.69
2013,2013-12-09,Swansea City,Hull City,1.75,3.75,5.5,,,,1.79,3.75,5.5,1.74,3.53,5.07
2013,2013-12-14,Cardiff City,West Bromwich Albion,2.63,3.4,2.88,,,,2.75,3.4,2.9,2.55,3.26,2.81
2013,2013-12-14,Chelsea,Crystal Palace,1.18,8.0,19.0,,,,1.21,8.0,21.0,1.18,6.87,16.07
2013,2013-12-14,Everton,Fulham,1.36,5.0,10.5,,,,1.42,5.16,10.5,1.37,4.68,8.99
2013,2013-12-14,Hull City,Stoke City,2.3,3.3,3.5,,,,2.34,3.3,3.66,2.27,3.15,3.37
2013,2013-12-14,Manchester City,Arsenal,1.83,3.75,4.75,,,,1.85,3.9,4.81,1.79,3.65,4.49
2013,2013-12-14,Newcastle United,Southampton,2.4,3.4,3.2,,,,2.44,3.41,3.23,2.36,3.3,3.05
2013,2013-12-14,West Ham United,Sunderland,1.95,3.6,4.33,,,,2.04,3.6,4.33,1.97,3.37,4.0
2013,2013-12-15,Aston Villa,Manchester United,5.25,3.8,1.75,,,,5.5,3.83,1.8,5.01,3.6,1.73
2013,2013-12-15,Norwich City,Swansea City,2.88,3.3,2.7,,,,2.88,3.4,2.7,2.76,3.26,2.6
2013,2013-12-15,Tottenham Hotspur,Liverpool,2.5,3.4,3.0,,,,2.54,3.5,3.02,2.45,3.33,2.88
2013,2013-12-21,Crystal Palace,Newcastle United,3.25,3.4,2.38,,,,3.35,3.4,2.4,3.13,3.26,2.34
2013,2013-12-21,Fulham,Manchester City,9.5,5.25,1.36,,,,9.5,5.32,1.41,8.44,4.97,1.36
2013,2013-12-21,Liverpool,Cardiff City,1.2,7.5,16.0,,,,1.22,7.8,18.0,1.2,6.83,14.55
2013,2013-12-21,Manchester United,West Ham United,1.36,5.25,10.0,,,,1.4,5.25,10.0,1.36,4.84,8.91
2013,2013-12-21,Stoke City,Aston Villa,2.3,3.25,3.5,,,,2.32,3.35,3.65,2.24,3.21,3.38
2013,2013-12-21,Sunderland,Norwich City,2.05,3.5,4.0,,,,2.1,3.5,4.05,2.04,3.33,3.77
2013,2013-12-21,West Bromwich Albion,Hull City,1.95,3.5,4.5,,,,1.95,3.51,4.73,1.9,3.35,4.33
2013,2013-12-22,Southampton,Tottenham Hotspur,2.55,3.3,3.0,,,,2.6,3.37,3.04,2.51,3.23,2.89
2013,2013-12-22,Swansea City,Everton,3.0,3.4,2.5,,,,3.1,3.46,2.5,2.97,3.3,2.41
2013,2013-12-23,Arsenal,Chelsea,2.38,3.4,3.25,,,,2.5,3.47,3.3,2.33,3.31,3.12
2013,2013-12-26,Aston Villa,Crystal Palace,1.91,3.5,4.5,,,,1.94,3.55,4.77,1.89,3.37,4.4
2013,2013-12-26,Cardiff City,Southampton,3.3,3.3,2.38,,,,3.39,3.45,2.4,3.19,3.28,2.3
2013,2013-12-26,Chelsea,Swansea City,1.33,5.5,10.0,,,,1.36,5.5,10.96,1.33,5.04,9.53
2013,2013-12-26,Everton,Sunderland,1.36,5.25,9.5,,,,1.4,5.25,11.08,1.36,4.79,8.99
2013,2013-12-26,Hull City,Manchester United,7.0,4.2,1.55,,,,7.0,4.29,1.6,6.31,3.9,1.56
2013,2013-12-26,Manchester City,Liverpool,1.75,4.2,4.6,,,,1.8,4.2,4.84,1.75,3.82,4.52
2013,2013-12-26,Newcastle United,Stoke City,1.75,3.8,5.25,,,,1.8,3.8,5.5,1.75,3.56,4.98
2013,2013-12-26,Norwich City,Fulham,2.05,3.5,4.0,,,,2.1,3.5,4.02,2.04,3.37,3.71
2013,2013-12-26,Tottenham Hotspur,West Bromwich Albion,1.53,4.33,7.0,,,,1.56,4.5,7.25,1.52,4.14,6.43
2013,2013-12-26,West Ham United,Arsenal,6.5,4.0,1.62,,,,6.5,4.14,1.65,5.79,3.88,1.6
2013,2013-12-28,Aston Villa,Swansea City,3.0,3.3,2.55,,,,3.0,3.34,2.66,2.8,3.22,2.58
2013,2013-12-28,Cardiff City,Sunderland,2.38,3.25,3.4,,,,2.38,3.35,3.47,2.27,3.25,3.24
2013,2013-12-28,Hull City,Fulham,2.05,3.4,4.1,,,,2.1,3.41,4.22,2.04,3.32,3.8
2013,2013-12-28,Manchester City,Crystal Palace,1.13,9.5,29.0,,,,1.14,10.44,29.0,1.12,9.05,21.18
2013,2013-12-28,Norwich City,Manchester United,6.5,4.2,1.57,,,,6.6,4.28,1.6,6.12,3.97,1.57
2013,2013-12-28,West Ham United,West Bromwich Albion,2.38,3.4,3.25,,,,2.44,3.4,3.25,2.35,3.27,3.09
2013,2013-12-29,Chelsea,Liverpool,2.2,3.5,3.5,,,,2.22,3.6,3.6,2.14,3.39,3.41
2013,2013-12-29,Everton,Southampton,1.83,3.7,4.75,,,,1.87,3.75,5.0,1.81,3.56,4.48
2013,2013-12-29,Newcastle United,Arsenal,4.0,3.7,2.0,,,,4.1,3.74,2.05,3.89,3.48,1.96
2013,2013-12-29,Tottenham Hotspur,Stoke City,1.44,4.33,8.0,,,,1.5,4.4,8.5,1.46,4.16,7.54
2013,2014-01-01,Arsenal,Cardiff City,1.29,6.0,13.0,,,,1.29,6.32,13.53,1.26,5.88,11.7
2013,2014-01-01,Crystal Palace,Norwich City,2.38,3.3,3.3,,,,2.42,3.3,3.42,2.35,3.21,3.16
2013,2014-01-01,Fulham,West Ham United,2.5,3.3,3.1,,,,2.5,3.4,3.26,2.39,3.32,3.0
2013,2014-01-01,Liverpool,Hull City,1.3,6.0,11.0,,,,1.32,6.42,12.0,1.28,5.74,10.49
2013,2014-01-01,Manchester United,Tottenham Hotspur,1.8,3.8,4.75,,,,1.83,3.85,4.9,1.78,3.65,4.62
2013,2014-01-01,Southampton,Chelsea,4.0,3.5,2.05,,,,4.0,3.6,2.1,3.8,3.39,2.02
2013,2014-01-01,Stoke City,Everton,4.0,3.3,2.1,,,,4.18,3.4,2.1,3.82,3.31,2.04
2013,2014-01-01,Sunderland,Aston Villa,2.15,3.4,3.75,,,,2.2,3.5,3.77,2.12,3.32,3.57
2013,2014-01-01,Swansea City,Manchester City,5.75,4.25,1.62,,,,5.8,4.26,1.7,5.36,4.0,1.62
2013,2014-01-01,West Bromwich Albion,Newcastle United,2.6,3.4,2.88,,,,2.6,3.45,3.02,2.48,3.32,2.86
2013,2014-01-11,Cardiff City,West Ham United,2.0,3.5,4.1,,,,2.02,3.6,4.5,1.96,3.44,3.92
2013,2014-01-11,Everton,Norwich City,1.4,5.0,9.0,,,,1.42,5.1,10.0,1.38,4.6,8.95
2013,2014-01-11,Fulham,Sunderland,2.2,3.3,3.75,,,,2.24,3.4,3.78,2.16,3.3,3.49
2013,2014-01-11,Hull City,Chelsea,6.5,4.0,1.6,,,,6.83,4.05,1.65,6.15,3.79,1.6
2013,2014-01-11,Manchester United,Swansea City,1.57,4.0,7.0,,,,1.62,4.33,7.1,1.54,4.02,6.49
2013,2014-01-11,Southampton,West Bromwich Albion,1.83,3.7,4.75,,,,1.88,3.75,4.88,1.81,3.58,4.51
2013,2014-01-11,Tottenham Hotspur,Crystal Palace,1.36,5.0,10.0,,,,1.4,5.1,11.0,1.37,4.72,9.13
2013,2014-01-12,Newcastle United,Manchester City,5.25,4.0,1.7,,,,5.7,4.22,1.73,5.18,3.83,1.67
2013,2014-01-12,Stoke City,Liverpool,5.75,4.0,1.67,,,,6.2,4.25,1.7,5.66,3.83,1.63
2013,2014-01-13,Aston Villa,Arsenal,6.0,4.2,1.62,,,,6.26,4.3,1.62,5.96,3.92,1.58
2013,2014-01-18,Arsenal,Fulham,1.22,7.0,15.0,,,,1.25,7.1,16.14,1.22,6.45,13.12
2013,2014-01-18,Crystal Palace,Stoke City,2.35,3.2,3.5,,,,2.38,3.3,3.7,2.26,3.2,3.36
2013,2014-01-18,Liverpool,Aston Villa,1.22,7.0,15.0,,,,1.24,7.4,16.62,1.21,6.76,13.01
2013,2014-01-18,Manchester City,Cardiff City,1.13,11.0,23.0,,,,1.15,11.0,26.0,1.12,9.0,19.89
2013,2014-01-18,Norwich City,Hull City,2.4,3.3,3.25,,,,2.45,3.4,3.35,2.36,3.2,3.15
2013,2014-01-18,Sunderland,Southampton,3.2,3.3,2.45,,,,3.25,3.4,2.55,3.01,3.25,2.42
2013,2014-01-18,West Ham United,Newcastle United,3.0,3.4,2.5,,,,3.1,3.4,2.55,2.94,3.3,2.44
2013,2014-01-19,Chelsea,Manchester United,1.73,3.8,5.5,,,,1.8,3.84,5.5,1.74,3.63,4.92
2013,2014-01-19,Swansea City,Tottenham Hotspur,3.25,3.4,2.38,,,,3.3,3.45,2.43,3.06,3.32,2.35
2013,2014-01-20,West Bromwich Albion,Everton,3.5,3.4,2.25,,,,3.5,3.5,2.3,3.24,3.34,2.23
2013,2014-01-28,Crystal Palace,Hull City,2.5,3.2,3.2,,,,2.6,3.25,3.25,2.47,3.1,3.1
2013,2014-01-28,Liverpool,Everton,1.83,3.9,4.5,,,,1.85,3.9,4.8,1.81,3.7,4.45
2013,2014-01-28,Manchester United,Cardiff City,1.25,6.5,15.0,,,,1.3,6.8,16.32,1.24,6.06,13.39
2013,2014-01-28,Norwich City,Newcastle United,2.7,3.4,2.8,,,,2.75,3.4,2.89,2.63,3.27,2.77
2013,2014-01-28,Southampton,Arsenal,4.33,3.5,1.95,,,,4.7,3.7,1.98,4.16,3.47,1.92
2013,2014-01-28,Swansea City,Fulham,1.75,3.75,5.25,,,,1.8,3.8,5.5,1.73,3.63,5.09
2013,2014-01-29,Aston Villa,West Bromwich Albion,2.6,3.3,3.0,,,,2.64,3.45,3.0,2.53,3.27,2.84
2013,2014-01-29,Chelsea,West Ham United,1.18,8.0,19.0,,,,1.21,8.0,20.0,1.19,6.91,15.47
2013,2014-01-29,Sunderland,Stoke City,2.1,3.4,3.9,,,,2.15,3.45,4.05,2.1,3.29,3.66
2013,2014-01-29,Tottenham Hotspur,Manchester City,3.75,3.75,2.05,,,,4.0,3.85,2.08,3.65,3.55,2.01
2013,2014-02-01,Cardiff City,Norwich City,2.3,3.4,3.4,,,,2.3,3.5,3.57,2.24,3.31,3.29
2013,2014-02-01,Everton,Aston Villa,1.53,4.33,7.0,,,,1.55,4.5,7.82,1.48,4.2,7.06
2013,2014-02-01,Fulham,Southampton,3.6,3.4,2.2,,,,3.63,3.5,2.25,3.35,3.35,2.18
2013,2014-02-01,Hull City,Tottenham Hotspur,4.0,3.5,2.05,,,,4.05,3.6,2.11,3.8,3.35,2.03
2013,2014-02-01,Newcastle United,Sunderland,1.95,3.5,4.33,,,,2.0,3.6,4.5,1.91,3.42,4.19
2013,2014-02-01,Stoke City,Manchester United,7.0,4.0,1.57,,,,7.5,4.15,1.6,6.49,3.86,1.56
2013,2014-02-01,West Ham United,Swansea City,2.9,3.4,2.6,,,,3.05,3.4,2.66,2.86,3.28,2.51
2013,2014-02-02,Arsenal,Crystal Palace,1.22,7.0,16.0,,,,1.23,8.0,18.0,1.21,6.22,13.93
2013,2014-02-02,West Bromwich Albion,Liverpool,5.75,4.33,1.62,,,,6.0,4.33,1.67,5.49,3.9,1.63
2013,2014-02-03,Manchester City,Chelsea,1.85,3.8,4.5,,,,1.89,3.8,4.72,1.84,3.52,4.38
2013,2014-02-08,Aston Villa,West Ham United,2.1,3.5,3.8,,,,2.15,3.6,4.0,2.08,3.34,3.64
2013,2014-02-08,Chelsea,Newcastle United,1.25,6.25,15.0,,,,1.3,6.7,15.8,1.24,5.94,13.55
2013,2014-02-08,Crystal Palace,West Bromwich Albion,2.6,3.3,3.0,,,,2.73,3.4,3.1,2.54,3.16,2.9
2013,2014-02-08,Liverpool,Arsenal,2.2,3.6,3.4,,,,2.25,3.7,3.61,2.15,3.46,3.35
2013,2014-02-08,Norwich City,Manchester City,9.0,5.5,1.36,,,,10.0,6.0,1.37,8.85,5.16,1.34
2013,2014-02-08,Southampton,Stoke City,1.55,4.0,7.5,,,,1.6,4.5,7.8,1.52,3.96,6.98
2013,2014-02-08,Sunderland,Hull City,2.15,3.4,3.8,,,,2.2,3.5,3.97,2.1,3.26,3.71
2013,2014-02-08,Swansea City,Cardiff City,1.85,3.6,4.75,,,,1.9,4.0,5.2,1.84,3.48,4.52
2013,2014-02-09,Manchester United,Fulham,1.2,7.0,19.0,,,,1.22,8.0,21.0,1.19,6.72,15.73
2013,2014-02-09,Tottenham Hotspur,Everton,2.1,3.5,3.75,,,,2.16,3.55,3.75,2.11,3.36,3.54
2013,2014-02-11,Cardiff City,Aston Villa,2.5,3.4,3.0,,,,2.6,3.45,3.1,2.46,3.29,2.95
2013,2014-02-11,Hull City,Southampton,3.0,3.25,2.6,,,,3.02,3.31,2.68,2.91,3.19,2.55
2013,2014-02-11,West Bromwich Albion,Chelsea,7.5,4.5,1.5,,,,8.0,5.0,1.55,7.17,4.21,1.49
2013,2014-02-11,West Ham United,Norwich City,2.05,3.5,4.0,,,,2.08,3.55,4.12,2.01,3.39,3.86
2013,2014-02-12,Arsenal,Manchester United,2.15,3.5,3.6,,,,2.2,3.61,4.0,2.11,3.37,3.54
2013,2014-02-12,Fulham,Liverpool,8.0,5.25,1.4,,,,8.5,5.4,1.45,7.5,4.75,1.41
2013,2014-02-12,Newcastle United,Tottenham Hotspur,3.3,3.5,2.3,,,,3.3,3.55,2.4,3.11,3.36,2.3
2013,2014-02-12,Stoke City,Swansea City,2.7,3.25,2.9,,,,2.75,3.37,3.0,2.61,3.18,2.81
2013,2014-02-22,Arsenal,Sunderland,1.33,5.5,11.0,,,,1.35,5.6,13.0,1.31,5.15,10.42
2013,2014-02-22,Cardiff City,Hull City,2.75,3.2,2.88,,,,2.8,3.3,2.93,2.64,3.13,2.82
2013,2014-02-22,Chelsea,Everton,1.57,4.0,7.0,,,,1.62,4.1,7.0,1.57,3.85,6.29
2013,2014-02-22,Crystal Palace,Manchester United,6.5,4.0,1.6,,,,7.0,4.12,1.65,6.18,3.87,1.58
2013,2014-02-22,Manchester City,Stoke City,1.18,8.0,19.0,,,,1.2,8.6,20.55,1.17,7.38,15.32
2013,2014-02-22,West Bromwich Albion,Fulham,1.8,3.9,4.75,,,,1.83,3.95,5.01,1.77,3.68,4.65
2013,2014-02-22,West Ham United,Southampton,3.2,3.4,2.4,,,,3.31,3.45,2.5,3.02,3.27,2.4
2013,2014-02-23,Liverpool,Swansea City,1.3,5.75,12.0,,,,1.31,6.2,12.02,1.29,5.51,10.2
2013,2014-02-23,Newcastle United,Aston Villa,2.1,3.4,3.9,,,,2.15,3.5,4.09,2.07,3.33,3.7
2013,2014-02-23,Norwich City,Tottenham Hotspur,3.8,3.5,2.1,,,,4.0,3.5,2.15,3.72,3.34,2.06
2013,2014-03-01,Everton,West Ham United,1.53,4.2,7.5,,,,1.57,4.4,8.0,1.51,4.06,6.85
2013,2014-03-01,Fulham,Chelsea,8.0,4.75,1.45,,,,8.0,4.75,1.5,7.43,4.34,1.45
2013,2014-03-01,Hull City,Newcastle United,2.45,3.2,3.3,,,,2.45,3.3,3.42,2.37,3.18,3.15
2013,2014-03-01,Southampton,Liverpool,3.75,3.75,2.05,,,,3.8,3.75,2.11,3.55,3.53,2.04
2013,2014-03-01,Stoke City,Arsenal,5.5,3.8,1.73,,,,6.1,3.85,1.73,5.48,3.64,1.68
2013,2014-03-02,Aston Villa,Norwich City,2.1,3.4,3.9,,,,2.15,3.5,4.01,2.08,3.31,3.69
2013,2014-03-02,Swansea City,Crystal Palace,1.85,3.5,5.0,,,,1.87,3.65,5.12,1.82,3.42,4.73
2013,2014-03-02,Tottenham Hotspur,Cardiff City,1.33,5.25,12.0,,,,1.36,5.4,13.0,1.33,4.89,10.09
2013,2014-03-08,Cardiff City,Fulham,2.35,3.5,3.2,,,,2.4,3.51,3.35,2.3,3.35,3.14
2013,2014-03-08,Chelsea,Tottenham Hotspur,1.57,4.0,7.0,,,,1.62,4.5,7.1,1.57,3.91,6.38
2013,2014-03-08,Crystal Palace,Southampton,3.9,3.3,2.15,,,,3.93,3.4,2.3,3.58,3.26,2.15
2013,2014-03-08,Norwich City,Stoke City,2.25,3.3,3.6,,,,2.3,3.4,3.73,2.22,3.22,3.44
2013,2014-03-08,West Bromwich Albion,Manchester United,5.0,3.6,1.83,,,,5.3,3.8,1.89,4.59,3.54,1.81
2013,2014-03-15,Aston Villa,Chelsea,7.0,4.33,1.53,,,,7.8,4.35,1.6,6.83,4.08,1.51
2013,2014-03-15,Everton,Cardiff City,1.36,5.0,11.0,,,,1.37,5.4,12.0,1.34,4.87,9.76
2013,2014-03-15,Fulham,Newcastle United,2.9,3.4,2.6,,,,3.0,3.5,2.62,2.86,3.33,2.48
2013,2014-03-15,Hull City,Manchester City,6.5,4.33,1.57,,,,6.9,4.5,1.6,6.14,4.13,1.55
2013,2014-03-15,Southampton,Norwich City,1.62,4.0,6.5,,,,1.65,4.2,7.26,1.58,3.89,6.18
2013,2014-03-15,Stoke City,West Ham United,2.25,3.3,3.6,,,,2.3,3.35,3.75,2.23,3.19,3.41
2013,2014-03-15,Sunderland,Crystal Palace,2.15,3.3,3.9,,,,2.16,3.4,4.1,2.09,3.24,3.73
2013,2014-03-15,Swansea City,West Bromwich Albion,1.95,3.6,4.33,,,,2.1,3.6,4.54,1.92,3.43,4.12
2013,2014-03-16,Manchester United,Liverpool,2.5,3.6,2.9,,,,2.56,3.6,3.0,2.46,3.36,2.86
2013,2014-03-16,Tottenham Hotspur,Arsenal,3.1,3.4,2.45,,,,3.2,3.44,2.5,2.97,3.32,2.4
2013,2014-03-22,Cardiff City,Liverpool,9.5,5.25,1.36,,,,10.0,5.4,1.45,8.5,4.93,1.37
2013,2014-03-22,Chelsea,Arsenal,1.85,3.6,4.75,,,,1.92,3.62,4.95,1.87,3.43,4.46
2013,2014-03-22,Everton,Swansea City,1.67,3.9,6.0,,,,1.7,3.95,6.5,1.64,3.73,5.76
2013,2014-03-22,Hull City,West Bromwich Albion,2.25,3.3,3.6,,,,2.28,3.4,3.88,2.2,3.23,3.47
2013,2014-03-22,Manchester City,Fulham,1.17,9.0,17.0,,,,1.17,11.0,20.63,1.15,8.28,15.77
2013,2014-03-22,Newcastle United,Crystal Palace,1.85,3.6,4.75,,,,1.91,3.62,5.1,1.85,3.43,4.54
2013,2014-03-22,Norwich City,Sunderland,2.2,3.3,3.75,,,,2.25,3.4,3.93,2.16,3.25,3.54
2013,2014-03-22,West Ham United,Manchester United,4.5,3.6,1.91,,,,4.54,3.65,1.95,4.33,3.45,1.88
2013,2014-03-23,Aston Villa,Stoke City,2.2,3.3,3.75,,,,2.22,3.4,3.9,2.14,3.25,3.57
2013,2014-03-23,Tottenham Hotspur,Southampton,2.25,3.4,3.5,,,,2.26,3.5,3.75,2.17,3.3,3.47
2013,2014-03-25,Arsenal,Swansea City,1.57,4.2,6.5,,,,1.6,4.5,7.3,1.56,4.08,6.23
2013,2014-03-25,Manchester United,Manchester City,3.5,3.6,2.15,,,,3.6,3.66,2.22,3.43,3.5,2.14
2013,2014-03-25,Newcastle United,Everton,3.5,3.4,2.25,,,,3.65,3.5,2.3,3.36,3.32,2.23
2013,2014-03-26,Liverpool,Sunderland,1.17,9.0,19.0,,,,1.2,9.0,21.02,1.16,7.9,15.81
2013,2014-03-26,West Ham United,Hull City,2.4,3.3,3.3,,,,2.45,3.4,3.4,2.33,3.21,3.22
2013,2014-03-29,Arsenal,Manchester City,3.6,3.5,2.15,,,,3.75,3.65,2.16,3.49,3.47,2.09
2013,2014-03-29,Crystal Palace,Chelsea,10.0,4.75,1.4,,,,10.5,4.77,1.45,8.8,4.32,1.41
2013,2014-03-29,Manchester United,Aston Villa,1.45,4.75,8.0,,,,1.48,4.85,9.0,1.44,4.43,7.73
2013,2014-03-29,Southampton,Newcastle United,1.75,3.8,5.25,,,,1.8,3.98,5.5,1.71,3.66,5.15
2013,2014-03-29,Stoke City,Hull City,2.15,3.3,3.9,,,,2.21,3.4,3.91,2.14,3.23,3.62
2013,2014-03-29,Swansea City,Norwich City,1.73,3.9,5.25,,,,1.8,3.92,5.6,1.72,3.65,5.06
2013,2014-03-29,West Bromwich Albion,Cardiff City,1.83,3.75,4.75,,,,1.86,3.82,4.96,1.8,3.59,4.57
2013,2014-03-30,Fulham,Everton,5.0,3.75,1.8,,,,5.1,3.8,1.9,4.76,3.6,1.77
2013,2014-03-30,Liverpool,Tottenham Hotspur,1.48,4.75,7.5,,,,1.5,5.1,7.51,1.45,4.65,6.76
2013,2014-03-31,Sunderland,West Ham United,2.3,3.3,3.5,,,,2.34,3.4,3.6,2.24,3.26,3.31
2013,2014-04-05,Aston Villa,Fulham,2.05,3.5,4.0,,,,2.06,3.6,4.1,1.99,3.44,3.86
2013,2014-04-05,Cardiff City,Crystal Palace,2.45,3.25,3.25,,,,2.46,3.4,3.4,2.37,3.18,3.16
2013,2014-04-05,Chelsea,Stoke City,1.29,6.0,13.0,,,,1.3,6.3,16.0,1.26,5.64,12.49
2013,2014-04-05,Hull City,Swansea City,2.75,3.3,2.8,,,,2.78,3.31,3.1,2.65,3.16,2.8
2013,2014-04-05,Manchester City,Southampton,1.33,5.75,10.0,,,,1.35,6.0,11.0,1.33,5.33,9.11
2013,2014-04-05,Newcastle United,Manchester United,4.2,3.7,1.95,,,,4.33,3.7,2.0,3.98,3.47,1.95
2013,2014-04-05,Norwich City,West Bromwich Albion,2.4,3.3,3.25,,,,2.47,3.4,3.3,2.39,3.25,3.08
2013,2014-04-06,Everton,Arsenal,2.5,3.4,3.0,,,,2.6,3.53,3.1,2.45,3.36,2.89
2013,2014-04-06,West Ham United,Liverpool,9.0,5.0,1.4,,,,9.37,5.3,1.44,8.27,4.86,1.38
2013,2014-04-07,Tottenham Hotspur,Sunderland,1.57,4.2,6.5,,,,1.6,4.5,7.0,1.56,3.98,6.29
2013,2014-04-12,Crystal Palace,Aston Villa,2.15,3.3,3.9,,,,2.2,3.4,4.15,2.1,3.22,3.77
2013,2014-04-12,Fulham,Norwich City,2.15,3.5,3.6,,,,2.2,3.6,3.85,2.12,3.39,3.51
2013,2014-04-12,Southampton,Cardiff City,1.45,4.75,8.0,,,,1.55,4.77,8.2,1.47,4.4,6.99
2013,2014-04-12,Stoke City,Newcastle United,2.1,3.4,3.9,,,,2.2,3.43,3.95,2.11,3.31,3.62
2013,2014-04-12,Sunderland,Everton,4.75,3.7,1.83,,,,5.27,3.82,1.85,4.73,3.55,1.79
2013,2014-04-12,West Bromwich Albion,Tottenham Hotspur,3.1,3.6,2.38,,,,3.25,3.6,2.4,3.07,3.37,2.33
2013,2014-04-13,Liverpool,Manchester City,2.45,3.7,2.9,,,,2.5,3.75,3.1,2.39,3.51,2.88
2013,2014-04-13,Swansea City,Chelsea,5.0,3.6,1.83,,,,5.2,3.8,1.85,4.82,3.53,1.79
2013,2014-04-15,Arsenal,West Ham United,1.4,5.0,9.0,,,,1.5,5.02,9.04,1.41,4.65,8.08
2013,2014-04-16,Everton,Crystal Palace,1.4,4.75,10.0,,,,1.44,4.9,10.04,1.4,4.51,8.59
2013,2014-04-16,Manchester City,Sunderland,1.17,9.0,17.0,,,,1.17,10.5,19.0,1.15,8.27,15.76
2013,2014-04-19,Aston Villa,Southampton,3.4,3.4,2.1,,,,3.65,3.46,2.3,3.37,3.33,2.17
2013,2014-04-19,Cardiff City,Stoke City,2.38,3.2,3.0,,,,2.53,3.4,3.13,2.43,3.25,2.95
2013,2014-04-19,Chelsea,Sunderland,1.18,7.0,13.0,,,,1.22,7.73,18.89,1.19,6.8,14.04
2013,2014-04-19,Newcastle United,Swansea City,2.63,3.3,2.6,,,,2.8,3.45,2.8,2.65,3.32,2.64
2013,2014-04-19,Tottenham Hotspur,Fulham,1.5,4.2,6.5,,,,1.55,4.56,7.2,1.51,4.24,6.31
2013,2014-04-19,West Ham United,Crystal Palace,2.2,3.2,3.4,,,,2.26,3.43,3.7,2.19,3.26,3.41
2013,2014-04-20,Everton,Manchester United,2.4,3.4,2.8,,,,2.48,3.5,3.14,2.37,3.35,2.95
2013,2014-04-20,Hull City,Arsenal,4.5,3.6,1.8,,,,5.1,3.75,1.85,4.6,3.53,1.79
2013,2014-04-20,Norwich City,Liverpool,8.5,5.0,1.33,,,,9.2,5.5,1.4,8.22,5.06,1.35
2013,2014-04-21,Manchester City,West Bromwich Albion,1.2,7.0,11.0,,,,1.21,8.1,18.0,1.19,7.06,12.79
2013,2014-04-26,Fulham,Hull City,2.3,3.4,3.4,,,,2.38,3.48,3.41,2.28,3.31,3.17
2013,2014-04-26,Manchester United,Norwich City,1.36,5.25,9.5,,,,1.4,5.4,9.55,1.36,4.94,8.44
2013,2014-04-26,Southampton,Everton,2.8,3.5,2.6,,,,2.9,3.59,2.65,2.76,3.38,2.52
2013,2014-04-26,Stoke City,Tottenham Hotspur,3.2,3.4,2.38,,,,3.33,3.45,2.4,3.1,3.33,2.32
2013,2014-04-26,Swansea City,Aston Villa,1.7,3.75,6.0,,,,1.7,3.86,6.25,1.66,3.68,5.5
2013,2014-04-26,West Bromwich Albion,West Ham United,1.91,3.75,4.33,,,,1.95,3.75,4.52,1.88,3.57,4.11
2013,2014-04-27,Crystal Palace,Manchester City,7.5,5.0,1.44,,,,9.1,5.1,1.45,7.49,4.61,1.42
2013,2014-04-27,Liverpool,Chelsea,1.67,4.2,5.25,,,,1.73,4.22,5.5,1.67,3.93,5.03
2013,2014-04-27,Sunderland,Cardiff City,1.91,3.75,4.33,,,,1.95,3.75,4.4,1.89,3.57,4.07
2013,2014-04-28,Arsenal,Newcastle United,1.29,6.0,12.0,,,,1.3,6.5,14.0,1.27,5.68,11.09
2013,2014-05-03,Aston Villa,Hull City,2.5,3.3,3.1,,,,2.52,3.4,3.3,2.43,3.18,3.04
2013,2014-05-03,Everton,Manchester City,5.0,4.0,1.75,,,,5.0,4.1,1.76,4.7,3.8,1.73
2013,2014-05-03,Manchester United,Sunderland,1.36,5.75,8.5,,,,1.4,5.77,10.5,1.35,5.16,8.21
2013,2014-05-03,Newcastle United,Cardiff City,2.05,3.6,3.8,,,,2.1,3.65,4.0,2.02,3.47,3.69
2013,2014-05-03,Stoke City,Fulham,2.3,3.6,3.25,,,,2.38,3.6,3.3,2.28,3.37,3.11
2013,2014-05-03,Swansea City,Southampton,2.5,3.4,3.0,,,,2.55,3.45,3.13,2.42,3.31,2.94
2013,2014-05-03,West Ham United,Tottenham Hotspur,4.33,3.75,1.91,,,,4.55,3.8,1.95,4.1,3.59,1.88
2013,2014-05-04,Arsenal,West Bromwich Albion,1.29,6.0,13.0,,,,1.3,6.5,13.0,1.27,5.73,11.0
2013,2014-05-04,Chelsea,Norwich City,1.2,7.5,17.0,,,,1.22,7.53,18.0,1.2,6.65,14.41
2013,2014-05-05,Crystal Palace,Liverpool,9.0,5.0,1.4,,,,9.8,5.3,1.41,8.29,4.76,1.38
2013,2014-05-06,Manchester United,Hull City,1.36,5.5,9.0,,,,1.41,5.6,9.0,1.37,5.05,8.25
2013,2014-05-07,Manchester City,Aston Villa,1.14,9.5,21.0,,,,1.17,11.0,25.0,1.13,9.06,18.19
2013,2014-05-07,Sunderland,West Bromwich Albion,2.1,3.2,4.2,,,,2.14,3.22,4.5,2.05,3.05,4.17
2013,2014-05-11,Cardiff City,Chelsea,8.0,4.75,1.44,,,,9.0,5.3,1.47,7.66,4.62,1.41
2013,2014-05-11,Fulham,Crystal Palace,2.63,3.5,2.8,,,,2.75,3.51,2.95,2.53,3.36,2.77
2013,2014-05-11,Hull City,Everton,4.0,3.6,2.0,,,,4.06,3.65,2.1,3.81,3.45,1.99
2013,2014-05-11,Liverpool,Newcastle United,1.22,7.5,13.0,,,,1.24,8.03,15.0,1.2,7.14,12.43
2013,2014-05-11,Manchester City,West Ham United,1.17,9.0,17.0,,,,1.19,9.4,19.0,1.15,8.41,15.0
2013,2014-05-11,Norwich City,Arsenal,4.5,3.8,1.85,,,,4.8,3.85,1.91,4.31,3.6,1.84
2013,2014-05-11,Southampton,Manchester United,2.63,3.5,2.8,,,,2.63,3.62,2.88,2.56,3.37,2.74
2013,2014-05-11,Sunderland,Swansea City,2.3,3.4,3.4,,,,2.4,3.41,3.6,2.29,3.28,3.22
2013,2014-05-11,Tottenham Hotspur,Aston Villa,1.5,4.5,7.5,,,,1.52,4.65,8.2,1.49,4.25,6.94
2013,2014-05-11,West Bromwich Albion,Stoke City,2.1,3.6,3.75,,,,2.1,3.66,3.9,2.04,3.43,3.67
2014,2014-08-16,Arsenal,Crystal Palace,1.25,6.5,15.0,,,,1.3,6.7,16.0,1.25,5.96,12.43
2014,2014-08-16,Leicester City,Everton,3.2,3.4,2.4,,,,3.3,3.45,2.42,3.06,3.32,2.36
2014,2014-08-16,Manchester United,Swansea City,1.36,5.0,11.0,,,,1.38,5.5,11.03,1.34,4.96,9.32
2014,2014-08-16,Queens Park Rangers,Hull City,2.5,3.3,3.1,,,,2.6,3.4,3.2,2.47,3.18,3.02
2014,2014-08-16,Stoke City,Aston Villa,1.95,3.5,4.5,,,,2.0,3.5,4.8,1.92,3.38,4.27
2014,2014-08-16,West Bromwich Albion,Sunderland,2.25,3.4,3.5,,,,2.3,3.5,3.7,2.23,3.31,3.34
2014,2014-08-16,West Ham United,Tottenham Hotspur,3.8,3.6,2.05,,,,4.05,3.62,2.2,3.74,3.43,2.03
2014,2014-08-17,Liverpool,Southampton,1.33,5.75,10.0,,,,1.38,5.8,11.0,1.34,5.16,9.0
2014,2014-08-17,Newcastle United,Manchester City,5.25,4.33,1.67,,,,5.97,4.33,1.67,5.24,4.0,1.64
2014,2014-08-18,Burnley,Chelsea,9.0,5.0,1.4,,,,11.0,5.1,1.42,8.72,4.63,1.39
2014,2014-08-23,Aston Villa,Newcastle United,2.5,3.4,3.0,,,,2.65,3.45,3.11,2.5,3.27,2.92
2014,2014-08-23,Chelsea,Leicester City,1.2,7.5,17.0,,,,1.24,7.8,18.48,1.2,6.79,14.59
2014,2014-08-23,Crystal Palace,West Ham United,2.5,3.3,3.1,,,,2.52,3.31,3.35,2.44,3.18,3.07
2014,2014-08-23,Everton,Arsenal,2.8,3.4,2.7,,,,2.82,3.5,2.78,2.71,3.3,2.65
2014,2014-08-23,Southampton,West Bromwich Albion,1.85,3.7,4.75,,,,1.95,3.8,4.8,1.86,3.52,4.43
2014,2014-08-23,Swansea City,Burnley,1.65,4.0,6.0,,,,1.7,4.11,6.25,1.64,3.83,5.65
2014,2014-08-24,Hull City,Stoke City,2.5,3.25,3.2,,,,2.6,3.3,3.31,2.44,3.16,3.1
2014,2014-08-24,Sunderland,Manchester United,5.0,4.0,1.75,,,,5.25,4.0,1.81,4.8,3.68,1.76
2014,2014-08-24,Tottenham Hotspur,Queens Park Rangers,1.45,4.75,8.0,,,,1.51,4.77,8.2,1.46,4.37,7.21
2014,2014-08-25,Manchester City,Liverpool,1.85,4.0,4.33,,,,1.88,4.1,4.5,1.83,3.72,4.26
2014,2014-08-30,Burnley,Manchester United,6.0,4.2,1.62,,,,6.54,4.27,1.67,5.97,3.89,1.6
2014,2014-08-30,Everton,Chelsea,3.75,3.3,2.2,,,,3.84,3.5,2.22,3.56,3.31,2.15
2014,2014-08-30,Manchester City,Stoke City,1.18,8.0,18.0,,,,1.21,8.0,21.0,1.19,7.04,15.58
2014,2014-08-30,Newcastle United,Crystal Palace,1.75,3.75,5.25,,,,1.77,3.8,5.8,1.72,3.6,5.22
2014,2014-08-30,Queens Park Rangers,Sunderland,2.4,3.25,3.3,,,,2.51,3.3,3.4,2.41,3.17,3.13
2014,2014-08-30,Swansea City,West Bromwich Albion,1.85,3.6,4.75,,,,1.91,3.7,4.9,1.85,3.51,4.47
2014,2014-08-30,West Ham United,Southampton,2.8,3.4,2.7,,,,2.9,3.5,2.76,2.73,3.26,2.65
2014,2014-08-31,Aston Villa,Hull City,2.3,3.3,3.5,,,,2.38,3.3,3.75,2.25,3.15,3.47
2014,2014-08-31,Leicester City,Arsenal,4.75,3.75,1.83,,,,4.75,3.9,1.89,4.48,3.6,1.82
2014,2014-08-31,Tottenham Hotspur,Liverpool,2.7,3.5,2.7,,,,2.74,3.6,2.8,2.63,3.38,2.68
2014,2014-09-13,Arsenal,Manchester City,3.0,3.4,2.5,,,,3.05,3.55,2.51,2.93,3.35,2.43
2014,2014-09-13,Chelsea,Swansea City,1.3,5.75,12.0,,,,1.33,6.0,12.5,1.3,5.41,10.78
2014,2014-09-13,Crystal Palace,Burnley,2.25,3.3,3.6,,,,2.3,3.35,3.8,2.19,3.24,3.5
2014,2014-09-13,Liverpool,Aston Villa,1.3,6.0,11.0,,,,1.33,6.0,12.0,1.29,5.58,10.79
2014,2014-09-13,Southampton,Newcastle United,1.8,3.75,5.0,,,,1.9,3.8,5.1,1.78,3.6,4.78
2014,2014-09-13,Stoke City,Leicester City,2.1,3.4,4.0,,,,2.16,3.4,4.07,2.09,3.24,3.8
2014,2014-09-13,Sunderland,Tottenham Hotspur,3.6,3.5,2.15,,,,3.84,3.55,2.2,3.59,3.37,2.11
2014,2014-09-13,West Bromwich Albion,Everton,3.5,3.5,2.2,,,,3.74,3.5,2.21,3.45,3.37,2.15
2014,2014-09-14,Manchester United,Queens Park Rangers,1.29,6.25,12.0,,,,1.33,6.33,13.29,1.27,5.72,11.51
2014,2014-09-15,Hull City,West Ham United,2.15,3.4,3.75,,,,2.31,3.4,4.0,2.13,3.28,3.63
2014,2014-09-20,Aston Villa,Arsenal,4.75,3.6,1.85,,,,5.0,3.8,1.88,4.6,3.53,1.82
2014,2014-09-20,Burnley,Sunderland,2.5,3.3,3.1,,,,2.61,3.36,3.2,2.5,3.2,2.96
2014,2014-09-20,Newcastle United,Hull City,2.2,3.3,3.75,,,,2.27,3.4,3.86,2.14,3.29,3.59
2014,2014-09-20,Queens Park Rangers,Stoke City,2.8,3.25,2.8,,,,2.88,3.25,2.88,2.74,3.11,2.76
2014,2014-09-20,Swansea City,Southampton,2.5,3.3,3.1,,,,2.61,3.4,3.18,2.45,3.29,2.97
2014,2014-09-20,West Ham United,Liverpool,4.5,3.8,1.85,,,,4.7,4.0,1.86,4.38,3.78,1.8
2014,2014-09-21,Everton,Crystal Palace,1.4,5.0,9.0,,,,1.45,5.2,9.52,1.39,4.68,8.48
2014,2014-09-21,Leicester City,Manchester United,5.5,4.2,1.67,,,,6.0,4.33,1.67,5.39,3.98,1.64
2014,2014-09-21,Manchester City,Chelsea,2.38,3.5,3.1,,,,2.46,3.55,3.16,2.37,3.39,2.99
2014,2014-09-21,Tottenham Hotspur,West Bromwich Albion,1.53,4.33,7.0,,,,1.54,4.6,7.4,1.5,4.2,6.84
2014,2014-09-27,Arsenal,Tottenham Hotspur,1.75,3.9,5.0,,,,1.81,4.0,5.1,1.77,3.72,4.65
2014,2014-09-27,Chelsea,Aston Villa,1.22,7.0,16.0,,,,1.26,7.2,17.0,1.21,6.5,14.22
2014,2014-09-27,Crystal Palace,Leicester City,2.63,3.4,2.88,,,,2.72,3.4,2.94,2.6,3.27,2.79
2014,2014-09-27,Hull City,Manchester City,6.5,4.2,1.57,,,,7.0,4.33,1.61,6.34,4.03,1.55
2014,2014-09-27,Liverpool,Everton,1.91,3.75,4.33,,,,2.01,3.8,4.33,1.91,3.63,4.0
2014,2014-09-27,Manchester United,West Ham United,1.4,5.5,8.0,,,,1.43,5.5,9.5,1.38,5.08,7.84
2014,2014-09-27,Southampton,Queens Park Rangers,1.44,4.6,8.5,,,,1.51,4.8,8.9,1.44,4.42,7.77
2014,2014-09-27,Sunderland,Swansea City,2.9,3.3,2.63,,,,3.0,3.3,2.77,2.79,3.21,2.62
2014,2014-09-28,West Bromwich Albion,Burnley,2.0,3.5,4.2,,,,2.04,3.5,4.35,1.98,3.37,4.02
2014,2014-09-29,Stoke City,Newcastle United,2.15,3.4,3.8,,,,2.16,3.45,3.9,2.1,3.32,3.64
2014,2014-10-04,Aston Villa,Manchester City,7.5,4.5,1.5,,,,8.05,4.57,1.55,7.25,4.2,1.48
2014,2014-10-04,Hull City,Crystal Palace,2.1,3.5,3.8,,,,2.2,3.52,4.0,2.07,3.34,3.72
2014,2014-10-04,Leicester City,Burnley,1.8,3.75,5.0,,,,1.82,3.75,5.19,1.78,3.57,4.8
2014,2014-10-04,Liverpool,West Bromwich Albion,1.44,5.0,7.5,,,,1.46,5.0,8.2,1.43,4.63,7.36
2014,2014-10-04,Sunderland,Stoke City,2.55,3.25,3.1,,,,2.6,3.3,3.2,2.5,3.17,2.97
2014,2014-10-04,Swansea City,Newcastle United,1.91,3.7,4.33,,,,1.93,3.75,4.7,1.87,3.52,4.31
2014,2014-10-05,Chelsea,Arsenal,1.67,4.2,5.25,,,,1.7,4.2,6.0,1.66,3.83,5.4
2014,2014-10-05,Manchester United,Everton,1.67,4.2,5.25,,,,1.7,4.3,5.8,1.65,3.9,5.26
2014,2014-10-05,Tottenham Hotspur,Southampton,2.2,3.5,3.5,,,,2.25,3.55,3.71,2.15,3.36,3.47
2014,2014-10-05,West Ham United,Queens Park Rangers,1.91,3.6,4.5,,,,1.95,3.61,4.56,1.9,3.48,4.23
2014,2014-10-18,Arsenal,Hull City,1.4,5.0,9.0,,,,1.45,5.0,9.2,1.41,4.67,8.03
2014,2014-10-18,Burnley,West Ham United,2.8,3.4,2.7,,,,2.88,3.45,2.75,2.75,3.29,2.63
2014,2014-10-18,Crystal Palace,Chelsea,8.5,4.75,1.44,,,,8.9,4.9,1.46,7.96,4.51,1.43
2014,2014-10-18,Everton,Aston Villa,1.6,4.0,6.5,,,,1.65,4.29,6.76,1.58,3.96,6.2
2014,2014-10-18,Manchester City,Tottenham Hotspur,1.45,4.75,8.0,,,,1.5,4.8,8.2,1.46,4.49,7.29
2014,2014-10-18,Newcastle United,Leicester City,2.25,3.6,3.3,,,,2.28,3.65,3.5,2.19,3.45,3.31
2014,2014-10-18,Southampton,Sunderland,1.57,4.0,7.0,,,,1.65,4.15,7.2,1.57,3.88,6.56
2014,2014-10-19,Queens Park Rangers,Liverpool,6.0,4.2,1.6,,,,6.5,4.35,1.65,5.98,4.03,1.58
2014,2014-10-19,Stoke City,Swansea City,2.5,3.3,3.1,,,,2.55,3.35,3.15,2.46,3.24,2.99
2014,2014-10-20,West Bromwich Albion,Manchester United,5.0,4.0,1.75,,,,5.2,4.1,1.78,4.83,3.83,1.73
2014,2014-10-25,Liverpool,Hull City,1.44,4.75,8.0,,,,1.47,5.0,9.0,1.43,4.55,7.75
2014,2014-10-25,Southampton,Stoke City,1.65,4.0,6.0,,,,1.65,4.18,6.5,1.6,3.88,5.99
2014,2014-10-25,Sunderland,Arsenal,5.5,3.8,1.73,,,,5.5,3.95,1.79,5.05,3.7,1.72
2014,2014-10-25,Swansea City,Leicester City,1.95,3.7,4.2,,,,1.95,3.75,4.4,1.9,3.53,4.13
2014,2014-10-25,West Bromwich Albion,Crystal Palace,1.91,3.6,4.5,,,,1.94,3.65,4.75,1.88,3.46,4.37
2014,2014-10-25,West Ham United,Manchester City,6.5,4.5,1.55,,,,6.7,4.75,1.57,6.07,4.34,1.53
2014,2014-10-26,Burnley,Everton,4.75,3.75,1.83,,,,4.8,3.81,1.88,4.46,3.56,1.83
2014,2014-10-26,Manchester United,Chelsea,2.88,3.6,2.5,,,,3.0,3.6,2.6,2.84,3.38,2.48
2014,2014-10-26,Tottenham Hotspur,Newcastle United,1.75,3.9,5.0,,,,1.8,3.95,5.2,1.74,3.74,4.78
2014,2014-10-27,Queens Park Rangers,Aston Villa,2.38,3.25,3.4,,,,2.4,3.32,3.45,2.33,3.2,3.23
2014,2014-11-01,Arsenal,Burnley,1.25,6.5,14.0,,,,1.3,6.5,14.0,1.27,5.81,11.61
2014,2014-11-01,Chelsea,Queens Park Rangers,1.17,8.5,21.0,,,,1.19,8.61,21.0,1.17,7.6,16.97
2014,2014-11-01,Everton,Swansea City,1.75,3.8,5.25,,,,1.76,3.9,5.5,1.72,3.64,5.15
2014,2014-11-01,Hull City,Southampton,3.8,3.6,2.05,,,,4.1,3.6,2.1,3.85,3.42,2.01
2014,2014-11-01,Leicester City,West Bromwich Albion,2.3,3.5,3.3,,,,2.38,3.5,3.4,2.27,3.37,3.2
2014,2014-11-01,Newcastle United,Liverpool,3.8,3.75,2.0,,,,3.85,3.75,2.08,3.72,3.54,2.01
2014,2014-11-01,Stoke City,West Ham United,2.38,3.4,3.25,,,,2.45,3.5,3.25,2.36,3.29,3.12
2014,2014-11-02,Aston Villa,Tottenham Hotspur,3.75,3.6,2.1,,,,3.9,3.6,2.1,3.72,3.4,2.05
2014,2014-11-02,Manchester City,Manchester United,1.91,3.75,4.33,,,,1.95,3.95,4.33,1.88,3.65,4.07
2014,2014-11-03,Crystal Palace,Sunderland,2.1,3.5,3.8,,,,2.15,3.5,4.0,2.07,3.35,3.73
2014,2014-11-08,Burnley,Hull City,2.5,3.4,3.0,,,,2.6,3.4,3.1,2.49,3.28,2.91
2014,2014-11-08,Liverpool,Chelsea,3.4,3.4,2.3,,,,3.5,3.5,2.34,3.27,3.32,2.26
2014,2014-11-08,Manchester United,Crystal Palace,1.3,6.0,11.0,,,,1.35,6.0,12.1,1.3,5.53,10.42
2014,2014-11-08,Queens Park Rangers,Manchester City,7.0,4.75,1.5,,,,7.6,4.9,1.53,6.74,4.5,1.47
2014,2014-11-08,Southampton,Leicester City,1.44,4.75,8.0,,,,1.5,4.9,9.0,1.43,4.5,7.92
2014,2014-11-08,West Ham United,Aston Villa,1.75,3.75,5.5,,,,1.76,3.88,5.6,1.72,3.64,5.19
2014,2014-11-09,Sunderland,Everton,4.0,3.5,2.05,,,,4.1,3.55,2.09,3.82,3.4,2.02
2014,2014-11-09,Swansea City,Arsenal,3.75,3.5,2.1,,,,3.75,3.55,2.22,3.5,3.36,2.14
2014,2014-11-09,Tottenham Hotspur,Stoke City,1.7,4.0,5.5,,,,1.73,4.0,6.0,1.67,3.72,5.48
2014,2014-11-09,West Bromwich Albion,Newcastle United,2.3,3.5,3.3,,,,2.4,3.5,3.5,2.26,3.34,3.26
2014,2014-11-22,Arsenal,Manchester United,2.15,3.6,3.5,,,,2.3,3.75,3.6,2.15,3.46,3.4
2014,2014-11-22,Chelsea,West Bromwich Albion,1.25,6.5,15.0,,,,1.26,7.0,17.0,1.23,6.22,13.88
2014,2014-11-22,Everton,West Ham United,1.85,3.8,4.5,,,,1.91,3.85,4.8,1.83,3.6,4.46
2014,2014-11-22,Leicester City,Sunderland,2.1,3.5,3.8,,,,2.25,3.6,4.0,2.1,3.34,3.69
2014,2014-11-22,Manchester City,Swansea City,1.4,5.25,8.5,,,,1.43,5.5,9.5,1.37,5.01,8.24
2014,2014-11-22,Newcastle United,Queens Park Rangers,1.83,3.75,4.75,,,,1.91,3.75,4.9,1.82,3.55,4.56
2014,2014-11-22,Stoke City,Burnley,1.7,3.8,5.75,,,,1.74,3.9,6.0,1.69,3.66,5.49
2014,2014-11-23,Crystal Palace,Liverpool,4.33,3.7,1.91,,,,4.7,3.74,1.95,4.41,3.5,1.86
2014,2014-11-23,Hull City,Tottenham Hotspur,3.6,3.4,2.2,,,,3.72,3.5,2.25,3.48,3.33,2.16
2014,2014-11-24,Aston Villa,Southampton,5.25,3.75,1.75,,,,5.54,3.8,1.8,5.02,3.59,1.74
2014,2014-11-29,Burnley,Aston Villa,2.15,3.4,3.75,,,,2.23,3.4,3.9,2.14,3.28,3.58
2014,2014-11-29,Liverpool,Stoke City,1.73,4.0,5.0,,,,1.77,4.0,5.5,1.69,3.77,5.11
2014,2014-11-29,Manchester United,Hull City,1.33,5.75,10.0,,,,1.36,6.0,11.0,1.31,5.36,9.7
2014,2014-11-29,Queens Park Rangers,Leicester City,2.38,3.4,3.25,,,,2.4,3.43,3.45,2.29,3.3,3.22
2014,2014-11-29,Sunderland,Chelsea,9.0,5.0,1.4,,,,10.2,5.12,1.43,8.91,4.69,1.38
2014,2014-11-29,Swansea City,Crystal Palace,1.8,3.75,5.0,,,,1.85,3.75,5.2,1.78,3.57,4.8
2014,2014-11-29,West Bromwich Albion,Arsenal,4.5,3.8,1.85,,,,4.8,3.8,1.9,4.46,3.56,1.83
2014,2014-11-29,West Ham United,Newcastle United,2.15,3.5,3.6,,,,2.25,3.55,3.76,2.12,3.34,3.56
2014,2014-11-30,Southampton,Manchester City,3.2,3.6,2.3,,,,3.25,3.6,2.44,3.1,3.35,2.33
2014,2014-11-30,Tottenham Hotspur,Everton,2.25,3.6,3.25,,,,2.38,3.65,3.39,2.26,3.39,3.21
2014,2014-12-02,Burnley,Newcastle United,2.8,3.3,2.75,,,,2.9,3.35,2.8,2.78,3.23,2.65
2014,2014-12-02,Crystal Palace,Aston Villa,2.1,3.4,4.0,,,,2.15,3.45,4.2,2.06,3.32,3.86
2014,2014-12-02,Leicester City,Liverpool,3.8,3.6,2.05,,,,3.85,3.65,2.1,3.71,3.47,2.05
2014,2014-12-02,Manchester United,Stoke City,1.45,4.5,8.5,,,,1.5,4.8,9.1,1.44,4.45,7.9
2014,2014-12-02,Swansea City,Queens Park Rangers,1.73,3.8,5.5,,,,1.8,3.95,5.9,1.71,3.7,5.18
2014,2014-12-02,West Bromwich Albion,West Ham United,2.5,3.4,3.0,,,,2.55,3.4,3.2,2.46,3.28,2.99
2014,2014-12-03,Arsenal,Southampton,1.8,3.75,5.0,,,,1.83,3.85,5.02,1.77,3.64,4.76
2014,2014-12-03,Chelsea,Tottenham Hotspur,1.4,5.0,9.0,,,,1.45,5.0,9.5,1.41,4.67,8.05
2014,2014-12-03,Everton,Hull City,1.53,4.33,7.0,,,,1.56,4.41,7.8,1.51,4.1,6.83
2014,2014-12-03,Sunderland,Manchester City,7.5,4.5,1.5,,,,7.7,4.67,1.53,6.8,4.33,1.49
2014,2014-12-06,Hull City,West Bromwich Albion,2.45,3.3,3.2,,,,2.5,3.3,3.33,2.39,3.22,3.1
2014,2014-12-06,Liverpool,Sunderland,1.5,4.5,7.5,,,,1.6,4.55,8.0,1.49,4.23,7.0
2014,2014-12-06,Manchester City,Everton,1.5,4.75,7.0,,,,1.57,4.9,7.3,1.5,4.44,6.46
2014,2014-12-06,Newcastle United,Chelsea,7.0,4.33,1.53,,,,7.5,4.33,1.59,6.64,4.08,1.53
2014,2014-12-06,Queens Park Rangers,Burnley,2.05,3.5,4.0,,,,2.12,3.55,4.2,2.04,3.37,3.81
2014,2014-12-06,Stoke City,Arsenal,4.0,3.6,2.0,,,,4.2,3.6,2.05,3.97,3.45,1.97
2014,2014-12-06,Tottenham Hotspur,Crystal Palace,1.6,4.2,6.0,,,,1.65,4.33,6.5,1.59,3.95,5.89
2014,2014-12-07,Aston Villa,Leicester City,2.4,3.4,3.2,,,,2.45,3.4,3.3,2.34,3.3,3.13
2014,2014-12-07,West Ham United,Swansea City,2.35,3.4,3.25,,,,2.45,3.5,3.25,2.35,3.32,3.09
2014,2014-12-08,Southampton,Manchester United,2.8,3.4,2.7,,,,2.9,3.5,2.7,2.73,3.33,2.61
2014,2014-12-13,Arsenal,Newcastle United,1.44,4.75,8.0,,,,1.48,4.95,8.5,1.43,4.56,7.62
2014,2014-12-13,Burnley,Southampton,5.5,3.75,1.73,,,,5.55,3.85,1.82,5.06,3.61,1.74
2014,2014-12-13,Chelsea,Hull City,1.18,8.0,18.0,,,,1.2,8.2,21.66,1.17,7.32,17.12
2014,2014-12-13,Crystal Palace,Stoke City,2.6,3.25,3.0,,,,2.65,3.3,3.06,2.53,3.18,2.93
2014,2014-12-13,Leicester City,Manchester City,7.0,4.75,1.5,,,,7.5,4.8,1.53,6.55,4.52,1.48
2014,2014-12-13,Sunderland,West Ham United,2.95,3.4,2.55,,,,3.0,3.45,2.63,2.87,3.29,2.52
2014,2014-12-13,West Bromwich Albion,Aston Villa,2.15,3.4,3.8,,,,2.3,3.4,3.96,2.11,3.27,3.71
2014,2014-12-14,Manchester United,Liverpool,1.8,3.8,4.75,,,,1.88,3.94,4.85,1.81,3.67,4.49
2014,2014-12-14,Swansea City,Tottenham Hotspur,2.5,3.4,3.0,,,,2.6,3.5,3.1,2.47,3.33,2.91
2014,2014-12-15,Everton,Queens Park Rangers,1.45,4.5,8.5,,,,1.5,4.75,8.5,1.45,4.41,7.54
2014,2014-12-20,Aston Villa,Manchester United,6.25,4.0,1.62,,,,6.6,4.2,1.65,6.11,3.9,1.59
2014,2014-12-20,Hull City,Swansea City,3.1,3.3,2.5,,,,3.2,3.35,2.6,2.95,3.23,2.5
2014,2014-12-20,Manchester City,Crystal Palace,1.29,6.0,12.0,,,,1.32,6.0,13.0,1.29,5.51,10.84
2014,2014-12-20,Queens Park Rangers,West Bromwich Albion,2.45,3.3,3.2,,,,2.5,3.4,3.3,2.4,3.26,3.06
2014,2014-12-20,Southampton,Everton,2.45,3.5,3.0,,,,2.5,3.5,3.13,2.41,3.33,2.98
2014,2014-12-20,Tottenham Hotspur,Burnley,1.5,4.5,7.5,,,,1.54,4.7,7.7,1.49,4.34,6.88
2014,2014-12-20,West Ham United,Leicester City,1.75,3.9,5.0,,,,1.77,4.1,5.5,1.7,3.82,5.05
2014,2014-12-21,Liverpool,Arsenal,2.8,3.5,2.6,,,,2.9,3.65,2.63,2.77,3.43,2.53
2014,2014-12-21,Newcastle United,Sunderland,2.05,3.5,4.0,,,,2.14,3.5,4.2,2.06,3.34,3.8
2014,2014-12-22,Stoke City,Chelsea,6.25,4.0,1.62,,,,6.6,4.1,1.67,5.93,3.83,1.61
2014,2014-12-26,Arsenal,Queens Park Rangers,1.29,6.0,13.0,,,,1.31,6.5,14.0,1.26,5.87,11.5
2014,2014-12-26,Burnley,Liverpool,4.75,3.8,1.8,,,,4.95,3.98,1.85,4.58,3.7,1.78
2014,2014-12-26,Chelsea,West Ham United,1.33,5.75,10.0,,,,1.36,5.8,11.0,1.33,5.26,9.54
2014,2014-12-26,Crystal Palace,Southampton,3.75,3.4,2.15,,,,3.9,3.4,2.23,3.59,3.27,2.15
2014,2014-12-26,Everton,Stoke City,1.83,3.6,5.0,,,,1.85,3.7,5.1,1.8,3.54,4.72
2014,2014-12-26,Leicester City,Tottenham Hotspur,3.8,3.6,2.05,,,,4.05,3.6,2.12,3.63,3.46,2.06
2014,2014-12-26,Manchester United,Newcastle United,1.4,5.0,9.0,,,,1.43,5.3,9.5,1.38,4.82,8.53
2014,2014-12-26,Sunderland,Hull City,2.05,3.4,4.2,,,,2.11,3.4,4.33,2.03,3.27,3.96
2014,2014-12-26,Swansea City,Aston Villa,1.75,3.75,5.25,,,,1.8,3.85,5.6,1.73,3.62,5.08
2014,2014-12-26,West Bromwich Albion,Manchester City,6.5,4.5,1.53,,,,7.0,4.51,1.57,6.31,4.23,1.53
2014,2014-12-28,Aston Villa,Sunderland,2.35,3.3,3.4,,,,2.4,3.3,3.5,2.3,3.19,3.28
2014,2014-12-28,Hull City,Leicester City,2.25,3.4,3.5,,,,2.31,3.4,3.57,2.23,3.27,3.33
2014,2014-12-28,Manchester City,Burnley,1.18,8.0,19.0,,,,1.19,8.7,25.0,1.16,7.74,17.78
2014,2014-12-28,Newcastle United,Everton,2.9,3.4,2.6,,,,3.0,3.45,2.62,2.84,3.33,2.49
2014,2014-12-28,Queens Park Rangers,Crystal Palace,2.38,3.4,3.25,,,,2.48,3.5,3.25,2.35,3.27,3.09
2014,2014-12-28,Southampton,Chelsea,4.75,3.75,1.83,,,,5.01,3.8,1.88,4.62,3.54,1.81
2014,2014-12-28,Stoke City,West Bromwich Albion,1.91,3.6,4.5,,,,1.95,3.6,4.8,1.88,3.41,4.38
2014,2014-12-28,Tottenham Hotspur,Manchester United,3.25,3.6,2.3,,,,3.4,3.62,2.32,3.18,3.43,2.23
2014,2014-12-28,West Ham United,Arsenal,3.5,3.5,2.2,,,,3.6,3.65,2.22,3.41,3.47,2.12
2014,2014-12-29,Liverpool,Swansea City,1.7,4.0,5.5,,,,1.73,4.0,5.8,1.67,3.72,5.31
2014,2015-01-01,Aston Villa,Crystal Palace,2.4,3.3,3.3,,,,2.45,3.35,3.4,2.37,3.19,3.19
2014,2015-01-01,Hull City,Everton,3.4,3.4,2.3,,,,3.5,3.4,2.36,3.28,3.28,2.28
2014,2015-01-01,Liverpool,Leicester City,1.4,5.0,9.0,,,,1.44,5.07,9.1,1.4,4.71,8.04
2014,2015-01-01,Manchester City,Sunderland,1.22,7.0,15.0,,,,1.27,7.1,17.0,1.23,6.39,13.1
2014,2015-01-01,Newcastle United,Burnley,1.83,3.75,4.75,,,,1.85,3.8,5.0,1.78,3.64,4.66
2014,2015-01-01,Queens Park Rangers,Swansea City,3.0,3.4,2.5,,,,3.1,3.44,2.6,2.93,3.28,2.48
2014,2015-01-01,Southampton,Arsenal,2.9,3.4,2.6,,,,3.0,3.44,2.62,2.87,3.29,2.52
2014,2015-01-01,Stoke City,Manchester United,4.2,3.5,2.0,,,,4.25,3.6,2.05,3.94,3.41,1.99
2014,2015-01-01,Tottenham Hotspur,Chelsea,5.0,3.75,1.8,,,,5.0,3.92,1.85,4.71,3.66,1.77
2014,2015-01-01,West Ham United,West Bromwich Albion,1.85,3.75,4.5,,,,1.91,3.75,4.75,1.84,3.57,4.38
2014,2015-01-10,Burnley,Queens Park Rangers,2.2,3.4,3.6,,,,2.25,3.5,3.77,2.14,3.36,3.48
2014,2015-01-10,Chelsea,Newcastle United,1.2,7.5,17.0,,,,1.24,7.7,18.38,1.19,6.84,15.17
2014,2015-01-10,Crystal Palace,Tottenham Hotspur,3.5,3.5,2.2,,,,3.75,3.5,2.23,3.48,3.35,2.15
2014,2015-01-10,Everton,Manchester City,4.5,3.75,1.85,,,,4.55,3.89,1.92,4.22,3.61,1.86
2014,2015-01-10,Leicester City,Aston Villa,2.2,3.4,3.6,,,,2.3,3.4,3.86,2.17,3.24,3.55
2014,2015-01-10,Sunderland,Liverpool,4.5,3.6,1.91,,,,4.55,3.65,1.97,4.21,3.46,1.91
2014,2015-01-10,Swansea City,West Ham United,2.25,3.5,3.4,,,,2.3,3.5,3.54,2.22,3.34,3.32
2014,2015-01-10,West Bromwich Albion,Hull City,2.05,3.4,4.2,,,,2.1,3.4,4.32,2.02,3.27,3.97
2014,2015-01-11,Arsenal,Stoke City,1.44,4.75,8.0,,,,1.5,4.9,8.17,1.46,4.37,7.37
2014,2015-01-11,Manchester United,Southampton,1.83,3.75,4.75,,,,1.88,3.77,4.95,1.81,3.59,4.54
2014,2015-01-17,Aston Villa,Liverpool,4.5,3.6,1.91,,,,5.0,3.6,1.94,4.48,3.44,1.87
2014,2015-01-17,Burnley,Crystal Palace,2.55,3.25,3.1,,,,2.6,3.3,3.25,2.48,3.17,3.02
2014,2015-01-17,Leicester City,Stoke City,2.63,3.3,2.9,,,,2.68,3.4,3.06,2.56,3.2,2.89
2014,2015-01-17,Newcastle United,Southampton,3.3,3.3,2.38,,,,3.4,3.45,2.45,3.17,3.26,2.34
2014,2015-01-17,Queens Park Rangers,Manchester United,6.0,4.2,1.62,,,,6.4,4.3,1.67,5.77,3.92,1.61
2014,2015-01-17,Swansea City,Chelsea,7.0,4.2,1.55,,,,7.3,4.24,1.59,6.64,3.96,1.55
2014,2015-01-17,Tottenham Hotspur,Sunderland,1.62,4.2,6.0,,,,1.65,4.3,6.4,1.59,3.99,5.86
2014,2015-01-18,Manchester City,Arsenal,1.8,4.0,4.5,,,,1.83,4.1,4.65,1.79,3.82,4.38
2014,2015-01-18,West Ham United,Hull City,1.75,3.75,5.25,,,,1.8,3.75,5.5,1.74,3.56,5.13
2014,2015-01-19,Everton,West Bromwich Albion,1.85,3.6,4.75,,,,1.88,3.75,5.0,1.83,3.52,4.58
2014,2015-01-31,Chelsea,Manchester City,2.15,3.5,3.6,,,,2.21,3.6,3.8,2.12,3.39,3.56
2014,2015-01-31,Crystal Palace,Everton,2.8,3.3,2.75,,,,2.85,3.4,2.82,2.73,3.18,2.7
2014,2015-01-31,Hull City,Newcastle United,2.7,3.25,2.88,,,,2.73,3.3,3.0,2.62,3.13,2.87
2014,2015-01-31,Liverpool,West Ham United,1.67,4.0,5.75,,,,1.7,4.2,6.0,1.65,3.91,5.38
2014,2015-01-31,Manchester United,Leicester City,1.36,5.5,9.5,,,,1.38,5.55,11.0,1.34,5.14,9.28
2014,2015-01-31,Stoke City,Queens Park Rangers,1.65,4.0,6.0,,,,1.7,4.0,6.5,1.64,3.76,5.71
2014,2015-01-31,Sunderland,Burnley,2.25,3.3,3.6,,,,2.28,3.4,3.75,2.2,3.25,3.49
2014,2015-01-31,West Bromwich Albion,Tottenham Hotspur,2.9,3.3,2.63,,,,3.0,3.35,2.73,2.84,3.21,2.59
2014,2015-02-01,Arsenal,Aston Villa,1.25,6.5,15.0,,,,1.29,6.5,15.0,1.26,5.82,12.66
2014,2015-02-01,Southampton,Swansea City,1.6,4.0,6.5,,,,1.65,4.0,7.0,1.59,3.82,6.29
2014,2015-02-07,Aston Villa,Chelsea,10.0,5.25,1.36,,,,11.0,5.25,1.42,9.83,4.67,1.36
2014,2015-02-07,Everton,Liverpool,3.4,3.4,2.3,,,,3.41,3.5,2.34,3.26,3.35,2.25
2014,2015-02-07,Leicester City,Crystal Palace,2.4,3.3,3.25,,,,2.45,3.4,3.4,2.35,3.24,3.17
2014,2015-02-07,Manchester City,Hull City,1.18,8.0,19.0,,,,1.22,8.0,19.0,1.18,7.07,15.69
2014,2015-02-07,Queens Park Rangers,Southampton,4.75,3.6,1.85,,,,4.75,3.7,1.92,4.46,3.51,1.85
2014,2015-02-07,Swansea City,Sunderland,1.91,3.5,4.6,,,,1.95,3.6,4.8,1.88,3.38,4.47
2014,2015-02-07,Tottenham Hotspur,Arsenal,3.25,3.5,2.3,,,,3.3,3.6,2.35,3.15,3.45,2.26
2014,2015-02-08,Burnley,West Bromwich Albion,2.6,3.25,3.0,,,,2.65,3.3,3.1,2.53,3.16,2.94
2014,2015-02-08,Newcastle United,Stoke City,2.3,3.4,3.4,,,,2.34,3.4,3.54,2.26,3.26,3.33
2014,2015-02-08,West Ham United,Manchester United,4.2,3.6,1.95,,,,4.33,3.7,2.03,3.94,3.51,1.96
2014,2015-02-10,Arsenal,Leicester City,1.29,6.0,12.0,,,,1.31,6.3,13.02,1.28,5.64,10.72
2014,2015-02-10,Hull City,Aston Villa,2.38,3.1,3.5,,,,2.39,3.25,3.75,2.3,3.1,3.46
2014,2015-02-10,Liverpool,Tottenham Hotspur,1.91,3.8,4.2,,,,1.95,3.9,4.5,1.88,3.66,4.13
2014,2015-02-10,Sunderland,Queens Park Rangers,1.91,3.6,4.5,,,,1.96,3.69,4.6,1.9,3.48,4.31
2014,2015-02-11,Chelsea,Everton,1.33,5.5,11.0,,,,1.36,5.7,12.0,1.32,5.18,9.92
2014,2015-02-11,Crystal Palace,Newcastle United,2.38,3.3,3.3,,,,2.4,3.35,3.4,2.33,3.23,3.22
2014,2015-02-11,Manchester United,Burnley,1.29,6.0,12.0,,,,1.33,6.06,13.0,1.29,5.57,10.48
2014,2015-02-11,Southampton,West Ham United,1.73,3.9,5.25,,,,1.77,3.95,5.57,1.7,3.75,5.15
2014,2015-02-11,Stoke City,Manchester City,5.75,3.8,1.7,,,,5.9,4.0,1.73,5.36,3.74,1.68
2014,2015-02-11,West Bromwich Albion,Swansea City,2.55,3.25,3.1,,,,2.55,3.3,3.3,2.46,3.17,3.05
2014,2015-02-21,Aston Villa,Stoke City,2.7,3.2,2.9,,,,2.75,3.25,3.05,2.61,3.14,2.88
2014,2015-02-21,Chelsea,Burnley,1.2,7.5,17.0,,,,1.22,8.0,19.0,1.2,6.84,15.35
2014,2015-02-21,Crystal Palace,Arsenal,4.75,3.75,1.83,,,,5.0,3.8,1.85,4.64,3.59,1.8
2014,2015-02-21,Hull City,Queens Park Rangers,2.05,3.3,4.2,,,,2.11,3.45,4.2,2.04,3.29,3.88
2014,2015-02-21,Manchester City,Newcastle United,1.3,6.0,11.0,,,,1.31,6.3,13.0,1.28,5.68,11.05
2014,2015-02-21,Sunderland,West Bromwich Albion,2.7,3.2,2.9,,,,2.75,3.3,3.02,2.61,3.09,2.9
2014,2015-02-21,Swansea City,Manchester United,4.2,3.5,2.0,,,,4.4,3.6,2.05,3.93,3.41,2.0
2014,2015-02-22,Everton,Leicester City,1.83,3.6,5.0,,,,1.88,4.0,5.2,1.81,3.53,4.73
2014,2015-02-22,Southampton,Liverpool,2.63,3.3,2.9,,,,2.63,3.45,3.1,2.49,3.27,2.92
2014,2015-02-22,Tottenham Hotspur,West Ham United,1.8,3.8,4.75,,,,1.85,4.05,4.8,1.78,3.75,4.51
2014,2015-02-28,Burnley,Swansea City,2.63,3.3,2.9,,,,2.7,3.45,3.0,2.59,3.25,2.83
2014,2015-02-28,Manchester United,Sunderland,1.36,5.25,10.0,,,,1.4,5.5,11.0,1.36,4.87,9.61
2014,2015-02-28,Newcastle United,Aston Villa,1.95,3.5,4.5,,,,2.0,3.6,4.56,1.94,3.37,4.24
2014,2015-02-28,Stoke City,Hull City,1.91,3.5,4.75,,,,2.03,3.5,4.6,1.95,3.32,4.27
2014,2015-02-28,West Bromwich Albion,Southampton,3.4,3.2,2.38,,,,3.52,3.3,2.4,3.33,3.16,2.32
2014,2015-02-28,West Ham United,Crystal Palace,2.15,3.4,3.75,,,,2.16,3.5,4.0,2.1,3.33,3.68
2014,2015-03-01,Arsenal,Everton,1.57,4.5,6.0,,,,1.59,4.6,6.8,1.54,4.19,6.27
2014,2015-03-01,Liverpool,Manchester City,3.1,3.6,2.38,,,,3.2,3.6,2.43,3.02,3.44,2.36
2014,2015-03-03,Aston Villa,West Bromwich Albion,2.88,3.1,2.88,,,,2.9,3.2,3.0,2.78,3.04,2.81
2014,2015-03-03,Hull City,Sunderland,2.15,3.3,3.9,,,,2.25,3.35,4.0,2.15,3.2,3.75
2014,2015-03-03,Southampton,Crystal Palace,1.7,3.8,5.75,,,,1.75,4.0,6.0,1.69,3.68,5.59
2014,2015-03-04,Liverpool,Burnley,1.36,5.25,10.0,,,,1.4,5.4,10.0,1.36,4.98,8.98
2014,2015-03-04,Manchester City,Leicester City,1.25,7.0,13.0,,,,1.29,7.0,15.0,1.25,6.24,11.73
2014,2015-03-04,Newcastle United,Manchester United,4.2,3.5,2.0,,,,4.2,3.6,2.05,3.98,3.42,1.99
2014,2015-03-04,Queens Park Rangers,Arsenal,7.0,4.33,1.53,,,,7.0,4.8,1.57,6.37,4.26,1.53
2014,2015-03-04,Stoke City,Everton,2.5,3.3,3.1,,,,2.55,3.36,3.2,2.46,3.23,3.03
2014,2015-03-04,Tottenham Hotspur,Swansea City,1.75,3.8,5.25,,,,1.8,4.0,5.5,1.73,3.74,4.98
2014,2015-03-04,West Ham United,Chelsea,6.25,4.0,1.62,,,,6.3,4.3,1.65,5.8,3.96,1.6
2014,2015-03-07,Queens Park Rangers,Tottenham Hotspur,4.75,3.9,1.8,,,,5.0,4.0,1.85,4.55,3.76,1.78
2014,2015-03-14,Arsenal,West Ham United,1.4,5.0,9.0,,,,1.44,5.5,9.5,1.38,4.92,8.2
2014,2015-03-14,Burnley,Manchester City,7.5,5.0,1.44,,,,8.0,5.0,1.5,7.31,4.6,1.44
2014,2015-03-14,Crystal Palace,Queens Park Rangers,1.83,3.75,4.75,,,,1.85,3.83,5.3,1.78,3.62,4.73
2014,2015-03-14,Leicester City,Hull City,2.2,3.3,3.75,,,,2.26,3.3,4.05,2.17,3.23,3.61
2014,2015-03-14,Sunderland,Aston Villa,2.38,3.25,3.4,,,,2.42,3.4,3.57,2.32,3.14,3.35
2014,2015-03-14,West Bromwich Albion,Stoke City,2.38,3.25,3.4,,,,2.4,3.3,3.55,2.33,3.14,3.33
2014,2015-03-15,Chelsea,Southampton,1.62,4.0,6.5,,,,1.63,4.2,6.8,1.59,3.87,6.26
2014,2015-03-15,Everton,Newcastle United,1.83,3.75,4.75,,,,1.88,3.75,5.05,1.81,3.56,4.61
2014,2015-03-15,Manchester United,Tottenham Hotspur,1.91,3.75,4.33,,,,1.95,3.8,4.45,1.89,3.63,4.14
2014,2015-03-16,Swansea City,Liverpool,4.0,3.6,2.0,,,,4.24,3.6,2.1,3.96,3.4,1.99
2014,2015-03-21,Aston Villa,Swansea City,2.5,3.25,2.8,,,,2.55,3.3,3.3,2.45,3.17,3.06
2014,2015-03-21,Manchester City,West Bromwich Albion,1.3,5.5,8.5,,,,1.34,6.5,12.0,1.31,5.5,10.01
2014,2015-03-21,Newcastle United,Arsenal,6.0,3.8,1.57,,,,6.25,4.34,1.75,5.71,4.04,1.59
2014,2015-03-21,Southampton,Burnley,1.4,4.5,7.5,,,,1.5,4.65,8.7,1.45,4.29,7.78
2014,2015-03-21,Stoke City,Crystal Palace,2.1,3.3,3.5,,,,2.2,3.4,3.95,2.13,3.25,3.65
2014,2015-03-21,Tottenham Hotspur,Leicester City,1.53,4.0,6.0,,,,1.62,4.5,7.0,1.56,4.16,5.91
2014,2015-03-21,West Ham United,Sunderland,1.8,3.5,4.5,,,,1.95,3.7,5.0,1.81,3.54,4.61
2014,2015-03-22,Hull City,Chelsea,7.0,4.33,1.44,,,,9.0,4.55,1.55,7.87,4.23,1.45
2014,2015-03-22,Liverpool,Manchester United,2.05,3.4,3.6,,,,2.3,3.55,3.8,2.11,3.37,3.57
2014,2015-03-22,Queens Park Rangers,Everton,3.3,3.4,2.15,,,,3.6,3.5,2.3,3.35,3.35,2.2
2014,2015-04-04,Arsenal,Liverpool,1.83,3.75,4.2,,,,1.9,3.89,4.6,1.83,3.68,4.35
2014,2015-04-04,Chelsea,Stoke City,1.29,5.5,11.0,,,,1.31,6.1,16.0,1.27,5.55,12.62
2014,2015-04-04,Everton,Southampton,2.63,3.2,2.8,,,,2.75,3.3,3.0,2.64,3.18,2.81
2014,2015-04-04,Leicester City,West Ham United,2.38,3.3,3.1,,,,2.4,3.54,3.25,2.32,3.38,3.11
2014,2015-04-04,Manchester United,Aston Villa,1.3,5.5,10.0,,,,1.4,5.8,13.0,1.3,5.29,10.76
2014,2015-04-04,Swansea City,Hull City,1.91,3.5,4.2,,,,2.0,3.7,4.75,1.94,3.34,4.3
2014,2015-04-04,West Bromwich Albion,Queens Park Rangers,1.8,3.5,4.5,,,,1.8,3.8,5.6,1.75,3.56,5.05
2014,2015-04-05,Burnley,Tottenham Hotspur,3.5,3.4,2.1,,,,3.65,3.65,2.2,3.44,3.45,2.13
2014,2015-04-05,Sunderland,Newcastle United,2.5,3.1,3.1,,,,2.62,3.4,3.1,2.51,3.19,2.97
2014,2015-04-06,Crystal Palace,Manchester City,5.0,4.0,1.67,,,,6.0,4.2,1.73,5.19,3.92,1.66
2014,2015-04-07,Aston Villa,Queens Park Rangers,2.15,3.4,3.8,,,,2.15,3.5,3.95,2.1,3.32,3.71
2014,2015-04-11,Burnley,Arsenal,6.5,4.33,1.57,,,,7.2,4.6,1.59,6.21,4.13,1.55
2014,2015-04-11,Southampton,Hull City,1.53,4.2,7.5,,,,1.55,4.4,8.5,1.51,3.98,7.25
2014,2015-04-11,Sunderland,Crystal Palace,2.9,3.2,2.7,,,,3.0,3.4,2.85,2.83,3.13,2.66
2014,2015-04-11,Swansea City,Everton,2.5,3.3,3.1,,,,2.52,3.35,3.17,2.45,3.23,3.02
2014,2015-04-11,Tottenham Hotspur,Aston Villa,1.62,4.2,6.0,,,,1.65,4.33,6.4,1.6,4.05,5.72
2014,2015-04-11,West Bromwich Albion,Leicester City,2.3,3.4,3.4,,,,2.33,3.4,3.6,2.27,3.29,3.3
2014,2015-04-11,West Ham United,Stoke City,2.3,3.4,3.4,,,,2.33,3.4,3.58,2.26,3.29,3.31
2014,2015-04-12,Manchester United,Manchester City,2.63,3.4,2.88,,,,2.74,3.6,2.9,2.61,3.34,2.72
2014,2015-04-12,Queens Park Rangers,Chelsea,9.0,5.0,1.4,,,,9.7,5.2,1.4,8.59,4.79,1.38
2014,2015-04-13,Liverpool,Newcastle United,1.4,5.0,9.0,,,,1.45,5.1,9.5,1.4,4.71,8.41
2014,2015-04-18,Chelsea,Manchester United,2.0,3.4,4.33,,,,2.2,3.56,4.33,2.0,3.37,4.0
2014,2015-04-18,Crystal Palace,West Bromwich Albion,1.95,3.5,4.5,,,,1.95,3.6,4.69,1.92,3.41,4.26
2014,2015-04-18,Everton,Burnley,1.73,3.8,5.5,,,,1.76,3.85,5.6,1.71,3.7,5.18
2014,2015-04-18,Leicester City,Swansea City,2.15,3.4,3.75,,,,2.2,3.55,3.83,2.11,3.4,3.55
2014,2015-04-18,Stoke City,Southampton,3.5,3.25,2.3,,,,3.58,3.32,2.38,3.36,3.21,2.27
2014,2015-04-19,Manchester City,West Ham United,1.25,6.5,11.0,,,,1.29,7.1,13.35,1.25,6.05,11.88
2014,2015-04-19,Newcastle United,Tottenham Hotspur,3.3,3.5,2.3,,,,3.42,3.52,2.5,3.19,3.36,2.28
2014,2015-04-25,Burnley,Leicester City,2.63,3.3,2.9,,,,2.63,3.48,3.1,2.49,3.27,2.93
2014,2015-04-25,Crystal Palace,Hull City,2.05,3.3,4.2,,,,2.1,3.5,4.3,2.04,3.28,3.96
2014,2015-04-25,Manchester City,Aston Villa,1.29,6.0,12.0,,,,1.3,6.6,14.0,1.26,5.91,11.44
2014,2015-04-25,Newcastle United,Swansea City,2.45,3.25,3.25,,,,2.5,3.4,3.34,2.39,3.22,3.13
2014,2015-04-25,Queens Park Rangers,West Ham United,2.38,3.4,3.25,,,,2.4,3.47,3.3,2.33,3.35,3.1
2014,2015-04-25,Southampton,Tottenham Hotspur,2.1,3.5,3.8,,,,2.15,3.6,4.06,2.06,3.4,3.73
2014,2015-04-25,Stoke City,Sunderland,1.91,3.5,4.75,,,,1.95,3.6,4.75,1.9,3.38,4.43
2014,2015-04-25,West Bromwich Albion,Liverpool,4.0,3.6,2.0,,,,4.33,3.62,2.05,3.94,3.44,1.99
2014,2015-04-26,Arsenal,Chelsea,2.4,3.3,3.3,,,,2.5,3.46,3.44,2.36,3.22,3.19
2014,2015-04-26,Everton,Manchester United,3.75,3.4,2.15,,,,3.8,3.58,2.21,3.54,3.33,2.16
2014,2015-04-28,Hull City,Liverpool,4.33,3.4,2.0,,,,4.55,3.54,2.05,4.08,3.36,1.99
2014,2015-04-29,Leicester City,Chelsea,5.75,3.8,1.7,,,,6.1,4.15,1.75,5.35,3.78,1.67
2014,2015-05-02,Aston Villa,Everton,2.75,3.3,2.8,,,,2.8,3.5,2.9,2.69,3.23,2.72
2014,2015-05-02,Leicester City,Newcastle United,1.91,3.7,4.33,,,,2.0,3.7,4.4,1.94,3.53,4.03
2014,2015-05-02,Liverpool,Queens Park Rangers,1.36,5.25,10.0,,,,1.4,5.3,10.0,1.37,4.97,8.69
2014,2015-05-02,Manchester United,West Bromwich Albion,1.36,5.25,10.0,,,,1.38,5.5,10.35,1.36,4.9,9.2
2014,2015-05-02,Sunderland,Southampton,4.2,3.4,2.05,,,,4.2,3.43,2.11,3.92,3.28,2.05
2014,2015-05-02,Swansea City,Stoke City,2.3,3.4,3.4,,,,2.38,3.43,3.6,2.25,3.27,3.35
2014,2015-05-02,West Ham United,Burnley,2.25,3.5,3.4,,,,2.29,3.5,3.6,2.22,3.34,3.36
2014,2015-05-03,Chelsea,Crystal Palace,1.36,5.25,10.0,,,,1.36,5.5,11.0,1.34,4.97,9.71
2014,2015-05-03,Tottenham Hotspur,Manchester City,3.75,3.75,2.05,,,,3.8,3.81,2.15,3.59,3.61,2.03
2014,2015-05-04,Hull City,Arsenal,5.5,4.0,1.7,,,,5.6,4.0,1.75,5.25,3.72,1.7
2014,2015-05-09,Aston Villa,West Ham United,1.91,3.7,4.33,,,,1.95,3.7,4.45,1.9,3.53,4.13
2014,2015-05-09,Crystal Palace,Manchester United,4.5,3.6,1.91,,,,4.75,3.78,1.95,4.36,3.51,1.85
2014,2015-05-09,Everton,Sunderland,1.8,3.75,5.0,,,,1.95,3.8,5.2,1.77,3.59,4.82
2014,2015-05-09,Hull City,Burnley,1.95,3.5,4.5,,,,1.95,3.64,4.75,1.91,3.43,4.27
2014,2015-05-09,Leicester City,Southampton,2.6,3.4,2.9,,,,2.63,3.4,2.95,2.55,3.28,2.82
2014,2015-05-09,Newcastle United,West Bromwich Albion,2.55,3.3,3.0,,,,2.62,3.4,3.1,2.48,3.24,2.95
2014,2015-05-09,Stoke City,Tottenham Hotspur,2.9,3.4,2.6,,,,2.97,3.45,2.63,2.84,3.3,2.52
2014,2015-05-10,Chelsea,Liverpool,2.1,3.5,3.8,,,,2.11,3.5,3.98,2.07,3.35,3.72
2014,2015-05-10,Manchester City,Queens Park Rangers,1.22,7.5,13.0,,,,1.23,7.8,15.0,1.21,6.86,12.56
2014,2015-05-11,Arsenal,Swansea City,1.3,6.0,11.0,,,,1.35,6.2,12.0,1.3,5.47,10.29
2014,2015-05-16,Burnley,Stoke City,2.7,3.3,2.88,,,,2.8,3.4,3.0,2.59,3.23,2.82
2014,2015-05-16,Liverpool,Crystal Palace,1.45,4.75,8.0,,,,1.5,4.8,8.2,1.45,4.48,7.27
2014,2015-05-16,Queens Park Rangers,Newcastle United,3.1,3.5,2.4,,,,3.1,3.65,2.5,2.93,3.45,2.38
2014,2015-05-16,Southampton,Aston Villa,1.75,3.8,5.25,,,,1.8,3.85,5.25,1.75,3.66,4.93
2014,2015-05-16,Sunderland,Leicester City,2.8,3.3,2.75,,,,2.83,3.36,2.85,2.71,3.22,2.7
2014,2015-05-16,Tottenham Hotspur,Hull City,1.8,3.8,4.75,,,,1.83,4.05,5.0,1.77,3.78,4.57
2014,2015-05-16,West Ham United,Everton,2.9,3.4,2.6,,,,3.0,3.5,2.62,2.86,3.33,2.49
2014,2015-05-17,Manchester United,Arsenal,2.45,3.5,3.0,,,,2.52,3.52,3.13,2.41,3.37,2.95
2014,2015-05-17,Swansea City,Manchester City,4.75,4.2,1.75,,,,5.03,4.23,1.8,4.79,3.92,1.71
2014,2015-05-18,West Bromwich Albion,Chelsea,4.1,3.5,2.0,,,,4.21,3.56,2.05,3.94,3.41,1.99
2014,2015-05-20,Arsenal,Sunderland,1.3,6.0,11.0,,,,1.35,6.2,13.0,1.29,5.5,10.83
2014,2015-05-24,Arsenal,West Bromwich Albion,1.4,5.25,8.5,,,,1.43,5.3,9.0,1.39,4.8,8.06
2014,2015-05-24,Aston Villa,Burnley,2.1,3.6,3.75,,,,2.13,3.66,3.8,2.07,3.44,3.58
2014,2015-05-24,Chelsea,Sunderland,1.36,5.25,9.5,,,,1.36,5.5,11.0,1.34,5.06,9.37
2014,2015-05-24,Crystal Palace,Swansea City,2.25,3.6,3.3,,,,2.3,3.7,3.42,2.19,3.45,3.27
2014,2015-05-24,Everton,Tottenham Hotspur,2.4,3.6,3.0,,,,2.4,3.73,3.13,2.32,3.48,2.99
2014,2015-05-24,Hull City,Manchester United,3.2,3.75,2.25,,,,3.28,3.8,2.4,3.14,3.55,2.21
2014,2015-05-24,Leicester City,Queens Park Rangers,1.6,4.33,6.0,,,,1.65,4.57,6.2,1.56,4.21,5.71
2014,2015-05-24,Manchester City,Southampton,1.57,4.5,6.0,,,,1.6,4.75,6.3,1.56,4.27,5.61
2014,2015-05-24,Newcastle United,West Ham United,1.83,4.0,4.33,,,,1.83,4.2,4.7,1.77,3.84,4.42
2014,2015-05-24,Stoke City,Liverpool,3.5,3.6,2.15,,,,3.64,3.71,2.2,3.42,3.48,2.12
2015,2015-08-08,Bournemouth,Aston Villa,2.0,3.6,4.0,,,,2.1,3.65,4.33,1.96,3.48,3.98
2015,2015-08-08,Chelsea,Swansea City,1.36,5.0,11.0,,,,1.43,5.0,11.26,1.37,4.66,9.57
2015,2015-08-08,Everton,Watford,1.7,3.9,5.5,,,,1.75,4.0,5.77,1.69,3.76,5.25
2015,2015-08-08,Leicester City,Sunderland,1.95,3.5,4.33,,,,2.03,3.5,4.52,1.96,3.37,4.06
2015,2015-08-08,Manchester United,Tottenham Hotspur,1.65,4.0,6.0,,,,1.71,4.2,6.5,1.63,3.9,5.65
2015,2015-08-08,Norwich City,Crystal Palace,2.55,3.3,3.0,,,,2.63,3.42,3.11,2.53,3.21,2.92
2015,2015-08-09,Arsenal,West Ham United,1.29,6.0,12.0,,,,1.33,6.16,12.0,1.29,5.53,10.75
2015,2015-08-09,Newcastle United,Southampton,2.88,3.3,2.7,,,,2.88,3.47,2.76,2.79,3.23,2.63
2015,2015-08-09,Stoke City,Liverpool,3.4,3.4,2.3,,,,3.51,3.51,2.35,3.33,3.33,2.24
2015,2015-08-10,West Bromwich Albion,Manchester City,5.75,4.0,1.67,,,,6.5,4.1,1.72,5.46,3.85,1.66
2015,2015-08-14,Aston Villa,Manchester United,5.5,3.8,1.73,,,,6.0,4.0,1.76,5.37,3.67,1.71
2015,2015-08-15,Southampton,Everton,1.95,3.6,4.33,,,,2.1,3.68,4.5,1.95,3.45,4.09
2015,2015-08-15,Sunderland,Norwich City,2.5,3.3,3.1,,,,2.6,3.4,3.2,2.47,3.2,3.01
2015,2015-08-15,Swansea City,Newcastle United,1.95,3.6,4.33,,,,2.01,3.7,4.33,1.92,3.51,4.11
2015,2015-08-15,Tottenham Hotspur,Stoke City,1.8,3.75,5.0,,,,1.84,3.93,5.1,1.77,3.66,4.8
2015,2015-08-15,Watford,West Bromwich Albion,2.3,3.4,3.4,,,,2.4,3.51,3.54,2.25,3.3,3.33
2015,2015-08-15,West Ham United,Leicester City,2.25,3.5,3.4,,,,2.35,3.52,3.5,2.25,3.36,3.27
2015,2015-08-16,Crystal Palace,Arsenal,5.25,3.9,1.73,,,,5.5,4.2,1.8,5.0,3.78,1.71
2015,2015-08-16,Manchester City,Chelsea,2.1,3.5,3.75,,,,2.17,3.56,3.9,2.09,3.4,3.66
2015,2015-08-17,Liverpool,Bournemouth,1.45,4.75,8.0,,,,1.5,5.0,8.6,1.44,4.46,7.71
2015,2015-08-22,Crystal Palace,Aston Villa,1.85,3.6,4.75,,,,1.9,3.7,4.89,1.83,3.52,4.52
2015,2015-08-22,Leicester City,Tottenham Hotspur,2.63,3.6,2.75,,,,2.8,3.6,2.8,2.63,3.38,2.67
2015,2015-08-22,Manchester United,Newcastle United,1.36,5.25,10.0,,,,1.4,5.25,10.5,1.36,4.91,8.9
2015,2015-08-22,Norwich City,Stoke City,2.3,3.3,3.5,,,,2.4,3.4,3.5,2.3,3.27,3.22
2015,2015-08-22,Sunderland,Swansea City,4.0,3.4,2.1,,,,4.1,3.6,2.14,3.74,3.33,2.07
2015,2015-08-22,West Ham United,Bournemouth,2.38,3.4,3.2,,,,2.41,3.5,3.3,2.34,3.35,3.09
2015,2015-08-23,Everton,Manchester City,5.0,4.0,1.73,,,,5.0,4.2,1.77,4.72,3.92,1.73
2015,2015-08-23,Watford,Southampton,2.8,3.3,2.75,,,,2.8,3.5,2.8,2.7,3.25,2.7
2015,2015-08-23,West Bromwich Albion,Chelsea,6.5,4.0,1.62,,,,6.5,4.2,1.67,5.93,3.79,1.62
2015,2015-08-24,Arsenal,Liverpool,1.75,4.0,5.0,,,,1.8,4.0,5.2,1.72,3.82,4.9
2015,2015-08-29,Aston Villa,Sunderland,1.91,3.5,4.75,,,,1.95,3.7,4.75,1.89,3.42,4.38
2015,2015-08-29,Bournemouth,Leicester City,2.2,3.6,3.4,,,,2.25,3.63,3.6,2.14,3.48,3.38
2015,2015-08-29,Chelsea,Crystal Palace,1.36,5.0,11.0,,,,1.4,5.26,11.0,1.35,4.94,9.38
2015,2015-08-29,Liverpool,West Ham United,1.36,5.5,9.0,,,,1.4,5.5,10.21,1.36,4.99,9.06
2015,2015-08-29,Manchester City,Watford,1.2,8.0,15.0,,,,1.25,8.0,17.75,1.19,7.15,14.45
2015,2015-08-29,Newcastle United,Arsenal,6.0,4.2,1.62,,,,6.25,4.21,1.7,5.7,3.99,1.61
2015,2015-08-29,Stoke City,West Bromwich Albion,1.95,3.4,4.5,,,,2.0,3.5,4.6,1.93,3.39,4.22
2015,2015-08-29,Tottenham Hotspur,Everton,2.0,3.5,4.2,,,,2.0,3.72,4.33,1.94,3.53,3.98
2015,2015-08-30,Southampton,Norwich City,2.05,3.5,4.0,,,,2.07,3.6,4.1,2.01,3.44,3.82
2015,2015-08-30,Swansea City,Manchester United,3.6,3.3,2.25,,,,3.7,3.5,2.27,3.42,3.31,2.19
2015,2015-09-12,Arsenal,Stoke City,1.29,6.0,12.0,,,,1.3,6.13,13.0,1.27,5.71,11.27
2015,2015-09-12,Crystal Palace,Manchester City,5.5,4.2,1.67,,,,6.0,4.25,1.67,5.44,4.05,1.62
2015,2015-09-12,Everton,Chelsea,4.0,3.6,2.0,,,,4.11,3.7,2.05,3.91,3.45,1.99
2015,2015-09-12,Manchester United,Liverpool,2.0,3.4,4.33,,,,2.0,3.55,4.59,1.93,3.41,4.27
2015,2015-09-12,Norwich City,Bournemouth,2.4,3.4,3.2,,,,2.41,3.51,3.23,2.33,3.36,3.11
2015,2015-09-12,Watford,Swansea City,2.75,3.4,2.75,,,,2.77,3.4,2.9,2.68,3.23,2.74
2015,2015-09-12,West Bromwich Albion,Southampton,3.2,3.2,2.5,,,,3.24,3.3,2.5,3.09,3.16,2.45
2015,2015-09-13,Leicester City,Aston Villa,1.91,3.75,4.33,,,,1.95,3.8,4.62,1.86,3.58,4.32
2015,2015-09-13,Sunderland,Tottenham Hotspur,4.33,3.6,1.95,,,,4.41,3.65,2.0,4.14,3.49,1.92
2015,2015-09-14,West Ham United,Newcastle United,2.25,3.5,3.4,,,,2.27,3.6,3.48,2.19,3.41,3.33
2015,2015-09-19,Aston Villa,West Bromwich Albion,2.3,3.25,3.5,,,,2.33,3.27,3.6,2.28,3.2,3.36
2015,2015-09-19,Bournemouth,Sunderland,1.7,4.0,5.5,,,,1.75,4.0,5.5,1.7,3.79,5.14
2015,2015-09-19,Chelsea,Arsenal,2.45,3.5,3.0,,,,2.5,3.52,3.24,2.41,3.38,2.97
2015,2015-09-19,Manchester City,West Ham United,1.29,6.5,11.0,,,,1.29,6.57,13.0,1.26,6.08,11.33
2015,2015-09-19,Newcastle United,Watford,2.5,3.3,3.1,,,,2.55,3.48,3.13,2.47,3.25,2.97
2015,2015-09-19,Stoke City,Leicester City,2.5,3.4,3.0,,,,2.5,3.42,3.13,2.43,3.3,2.98
2015,2015-09-19,Swansea City,Everton,2.3,3.4,3.4,,,,2.34,3.47,3.41,2.26,3.33,3.27
2015,2015-09-20,Liverpool,Norwich City,1.67,4.0,5.75,,,,1.68,4.1,6.0,1.64,3.86,5.54
2015,2015-09-20,Southampton,Manchester United,3.1,3.3,2.5,,,,3.25,3.32,2.5,3.06,3.19,2.44
2015,2015-09-20,Tottenham Hotspur,Crystal Palace,2.0,3.6,4.0,,,,2.02,3.72,4.33,1.97,3.48,3.95
2015,2015-09-26,Leicester City,Arsenal,4.5,4.0,1.8,,,,4.56,4.01,1.9,4.26,3.81,1.82
2015,2015-09-26,Liverpool,Aston Villa,1.53,4.33,7.0,,,,1.56,4.4,7.5,1.52,4.13,6.81
2015,2015-09-26,Manchester United,Sunderland,1.2,7.5,16.0,,,,1.24,7.5,16.7,1.21,6.57,13.85
2015,2015-09-26,Newcastle United,Chelsea,6.0,4.2,1.62,,,,6.1,4.2,1.67,5.62,3.94,1.62
2015,2015-09-26,Southampton,Swansea City,2.05,3.4,4.2,,,,2.2,3.51,4.2,2.03,3.37,3.86
2015,2015-09-26,Stoke City,Bournemouth,2.55,3.3,3.0,,,,2.6,3.53,3.06,2.48,3.31,2.9
2015,2015-09-26,Tottenham Hotspur,Manchester City,4.2,3.8,1.91,,,,4.3,3.82,2.0,3.94,3.62,1.93
2015,2015-09-26,West Ham United,Norwich City,2.25,3.5,3.4,,,,2.3,3.54,3.52,2.22,3.4,3.28
2015,2015-09-27,Watford,Crystal Palace,2.5,3.3,3.1,,,,2.7,3.4,3.12,2.48,3.25,2.96
2015,2015-09-28,West Bromwich Albion,Everton,3.1,3.3,2.5,,,,3.1,3.4,2.55,2.98,3.25,2.47
2015,2015-10-03,Aston Villa,Stoke City,2.5,3.3,3.1,,,,2.55,3.4,3.13,2.47,3.23,2.99
2015,2015-10-03,Bournemouth,Watford,2.1,3.5,3.8,,,,2.15,3.6,3.8,2.1,3.39,3.62
2015,2015-10-03,Chelsea,Southampton,1.83,3.7,4.8,,,,1.87,3.8,5.25,1.8,3.63,4.61
2015,2015-10-03,Crystal Palace,West Bromwich Albion,1.83,3.6,5.0,,,,1.87,3.7,5.05,1.81,3.49,4.74
2015,2015-10-03,Manchester City,Newcastle United,1.25,7.0,13.0,,,,1.26,7.25,15.0,1.23,6.59,12.3
2015,2015-10-03,Norwich City,Leicester City,2.3,3.5,3.3,,,,2.3,3.63,3.31,2.25,3.46,3.15
2015,2015-10-03,Sunderland,West Ham United,3.2,3.4,2.4,,,,3.2,3.5,2.45,3.05,3.34,2.37
2015,2015-10-04,Arsenal,Manchester United,2.0,3.8,3.8,,,,2.1,3.8,3.9,2.01,3.59,3.69
2015,2015-10-04,Everton,Liverpool,2.7,3.4,2.8,,,,2.8,3.47,2.9,2.66,3.27,2.74
2015,2015-10-04,Swansea City,Tottenham Hotspur,2.75,3.25,2.8,,,,2.88,3.4,2.85,2.66,3.28,2.7
2015,2015-10-17,Chelsea,Aston Villa,1.33,5.75,10.0,,,,1.37,5.75,11.0,1.34,5.13,9.41
2015,2015-10-17,Crystal Palace,West Ham United,2.0,3.6,4.0,,,,2.05,3.75,4.0,1.98,3.54,3.8
2015,2015-10-17,Everton,Manchester United,3.25,3.4,2.38,,,,3.3,3.44,2.45,3.15,3.29,2.35
2015,2015-10-17,Manchester City,Bournemouth,1.33,5.75,10.0,,,,1.36,5.75,11.0,1.33,5.23,9.31
2015,2015-10-17,Southampton,Leicester City,1.75,4.0,5.0,,,,1.8,4.0,5.12,1.75,3.75,4.71
2015,2015-10-17,Tottenham Hotspur,Liverpool,2.5,3.5,3.0,,,,2.5,3.58,3.1,2.43,3.4,2.91
2015,2015-10-17,Watford,Arsenal,6.0,4.2,1.62,,,,6.5,4.33,1.62,5.76,4.06,1.59
2015,2015-10-17,West Bromwich Albion,Sunderland,2.05,3.4,4.2,,,,2.1,3.45,4.2,2.03,3.28,3.95
2015,2015-10-18,Newcastle United,Norwich City,2.6,3.4,2.88,,,,2.62,3.51,2.93,2.54,3.33,2.8
2015,2015-10-19,Swansea City,Stoke City,2.05,3.4,4.2,,,,2.1,3.5,4.2,2.03,3.33,3.88
2015,2015-10-24,Arsenal,Everton,1.44,4.75,8.0,,,,1.45,5.2,8.2,1.42,4.75,7.55
2015,2015-10-24,Aston Villa,Swansea City,3.0,3.3,2.6,,,,3.11,3.3,2.65,2.94,3.15,2.56
2015,2015-10-24,Leicester City,Crystal Palace,2.2,3.6,3.4,,,,2.3,3.6,3.52,2.21,3.41,3.31
2015,2015-10-24,Norwich City,West Bromwich Albion,2.0,3.5,4.2,,,,2.1,3.5,4.31,2.0,3.39,3.97
2015,2015-10-24,Stoke City,Watford,2.1,3.3,4.0,,,,2.2,3.4,4.1,2.09,3.26,3.79
2015,2015-10-24,West Ham United,Chelsea,4.0,3.8,1.95,,,,4.01,3.8,2.05,3.81,3.61,1.97
2015,2015-10-25,Bournemouth,Tottenham Hotspur,3.4,3.5,2.25,,,,3.59,3.5,2.25,3.38,3.32,2.22
2015,2015-10-25,Liverpool,Southampton,2.05,3.6,3.8,,,,2.1,3.62,4.0,2.05,3.43,3.74
2015,2015-10-25,Manchester United,Manchester City,2.6,3.5,2.8,,,,2.7,3.55,2.96,2.57,3.35,2.8
2015,2015-10-25,Sunderland,Newcastle United,2.6,3.4,2.9,,,,2.63,3.45,3.0,2.53,3.31,2.86
2015,2015-10-31,Chelsea,Liverpool,2.1,3.5,3.75,,,,2.13,3.56,4.0,2.07,3.36,3.73
2015,2015-10-31,Crystal Palace,Manchester United,3.8,3.5,2.1,,,,4.07,3.5,2.1,3.77,3.35,2.06
2015,2015-10-31,Manchester City,Norwich City,1.29,6.0,12.0,,,,1.31,6.36,12.56,1.28,5.81,10.45
2015,2015-10-31,Newcastle United,Stoke City,2.4,3.4,3.2,,,,2.5,3.43,3.28,2.35,3.31,3.12
2015,2015-10-31,Swansea City,Arsenal,5.0,4.0,1.75,,,,5.3,4.0,1.77,4.8,3.82,1.73
2015,2015-10-31,Watford,West Ham United,2.6,3.4,2.9,,,,2.7,3.45,3.0,2.52,3.28,2.87
2015,2015-10-31,West Bromwich Albion,Leicester City,2.9,3.4,2.6,,,,2.9,3.4,2.7,2.82,3.25,2.58
2015,2015-11-01,Everton,Sunderland,1.5,4.5,7.5,,,,1.53,4.61,8.0,1.49,4.31,7.06
2015,2015-11-01,Southampton,Bournemouth,1.55,4.33,6.5,,,,1.58,4.38,7.0,1.54,4.17,6.29
2015,2015-11-02,Tottenham Hotspur,Aston Villa,1.44,4.75,8.0,,,,1.45,4.84,9.0,1.42,4.52,8.11
2015,2015-11-07,Bournemouth,Newcastle United,2.25,3.5,3.4,,,,2.25,3.6,3.57,2.2,3.44,3.3
2015,2015-11-07,Leicester City,Watford,1.85,3.8,4.5,,,,1.88,3.9,4.6,1.84,3.67,4.3
2015,2015-11-07,Manchester United,West Bromwich Albion,1.33,5.25,12.0,,,,1.36,5.3,12.05,1.33,4.91,10.69
2015,2015-11-07,Norwich City,Swansea City,2.45,3.4,3.1,,,,2.55,3.49,3.12,2.45,3.31,2.94
2015,2015-11-07,Stoke City,Chelsea,3.8,3.6,2.05,,,,4.0,3.6,2.1,3.74,3.38,2.06
2015,2015-11-07,Sunderland,Southampton,4.75,3.8,1.8,,,,5.05,3.85,1.85,4.63,3.66,1.78
2015,2015-11-07,West Ham United,Everton,2.6,3.5,2.8,,,,2.62,3.55,2.89,2.53,3.4,2.78
2015,2015-11-08,Arsenal,Tottenham Hotspur,1.73,4.0,5.0,,,,1.75,4.25,5.21,1.69,3.95,4.85
2015,2015-11-08,Aston Villa,Manchester City,7.5,5.0,1.44,,,,8.15,5.0,1.5,7.29,4.58,1.44
2015,2015-11-08,Liverpool,Crystal Palace,1.67,3.8,6.0,,,,1.7,4.0,6.0,1.66,3.8,5.39
2015,2015-11-21,Chelsea,Norwich City,1.4,5.0,9.0,,,,1.45,5.0,9.0,1.42,4.62,8.04
2015,2015-11-21,Everton,Aston Villa,1.57,4.2,6.5,,,,1.62,4.27,7.0,1.57,4.0,6.21
2015,2015-11-21,Manchester City,Liverpool,1.7,4.0,5.5,,,,1.7,4.2,5.75,1.66,3.94,5.28
2015,2015-11-21,Newcastle United,Leicester City,2.88,3.6,2.5,,,,2.9,3.65,2.6,2.79,3.44,2.51
2015,2015-11-21,Southampton,Stoke City,1.57,4.0,7.0,,,,1.65,4.1,7.0,1.59,3.88,6.23
2015,2015-11-21,Swansea City,Bournemouth,1.91,3.6,4.5,,,,1.95,3.8,4.6,1.89,3.47,4.34
2015,2015-11-21,Watford,Manchester United,4.33,3.4,2.0,,,,4.6,3.45,2.07,4.07,3.29,2.01
2015,2015-11-21,West Bromwich Albion,Arsenal,7.0,4.33,1.53,,,,7.0,4.4,1.59,6.4,4.18,1.54
2015,2015-11-22,Tottenham Hotspur,West Ham United,1.57,4.2,6.5,,,,1.6,4.5,6.8,1.55,4.15,6.22
2015,2015-11-23,Crystal Palace,Sunderland,1.57,4.0,7.0,,,,1.65,4.31,7.0,1.55,3.99,6.5
2015,2015-11-28,Aston Villa,Watford,2.75,3.3,2.8,,,,2.8,3.3,2.9,2.69,3.13,2.79
2015,2015-11-28,Bournemouth,Everton,2.9,3.6,2.5,,,,3.0,3.6,2.51,2.87,3.41,2.45
2015,2015-11-28,Crystal Palace,Newcastle United,1.7,3.9,5.5,,,,1.75,4.04,5.53,1.69,3.83,5.09
2015,2015-11-28,Leicester City,Manchester United,3.1,3.5,2.4,,,,3.3,3.53,2.4,3.13,3.35,2.34
2015,2015-11-28,Manchester City,Southampton,1.6,4.33,6.0,,,,1.6,4.4,6.58,1.57,4.19,5.9
2015,2015-11-28,Sunderland,Stoke City,3.2,3.3,2.45,,,,3.25,3.3,2.51,3.1,3.19,2.41
2015,2015-11-29,Liverpool,Swansea City,1.44,4.75,8.0,,,,1.5,4.75,8.0,1.46,4.37,7.36
2015,2015-11-29,Norwich City,Arsenal,6.0,4.2,1.62,,,,6.1,4.35,1.65,5.51,4.15,1.6
2015,2015-11-29,Tottenham Hotspur,Chelsea,2.6,3.4,2.9,,,,2.6,3.5,2.94,2.54,3.34,2.81
2015,2015-11-29,West Ham United,West Bromwich Albion,2.05,3.5,4.0,,,,2.1,3.5,4.05,2.05,3.33,3.83
2015,2015-12-05,Arsenal,Sunderland,1.29,6.0,13.0,,,,1.29,6.25,13.53,1.27,5.76,12.07
2015,2015-12-05,Chelsea,Bournemouth,1.36,5.25,9.5,,,,1.39,5.25,10.0,1.37,4.91,8.83
2015,2015-12-05,Manchester United,West Ham United,1.44,4.5,9.0,,,,1.46,4.8,9.23,1.43,4.38,8.4
2015,2015-12-05,Southampton,Aston Villa,1.5,4.5,7.5,,,,1.53,4.5,7.57,1.49,4.17,7.13
2015,2015-12-05,Stoke City,Manchester City,5.25,4.0,1.7,,,,5.5,4.1,1.75,5.07,3.87,1.69
2015,2015-12-05,Swansea City,Leicester City,2.7,3.4,2.75,,,,2.8,3.5,2.8,2.66,3.35,2.68
2015,2015-12-05,Watford,Norwich City,2.15,3.5,3.6,,,,2.21,3.5,3.75,2.13,3.36,3.52
2015,2015-12-05,West Bromwich Albion,Tottenham Hotspur,4.75,3.6,1.85,,,,4.8,3.69,1.91,4.45,3.5,1.86
2015,2015-12-06,Newcastle United,Liverpool,5.75,4.33,1.62,,,,6.0,4.43,1.65,5.58,4.1,1.6
2015,2015-12-07,Everton,Crystal Palace,2.1,3.6,3.75,,,,2.1,3.63,3.88,2.03,3.49,3.68
2015,2015-12-12,Bournemouth,Manchester United,3.4,3.4,2.3,,,,3.5,3.4,2.3,3.33,3.28,2.26
2015,2015-12-12,Crystal Palace,Southampton,2.6,3.3,3.0,,,,2.6,3.4,3.06,2.52,3.22,2.92
2015,2015-12-12,Manchester City,Swansea City,1.3,6.0,11.0,,,,1.33,6.0,11.5,1.3,5.56,10.18
2015,2015-12-12,Norwich City,Everton,2.9,3.5,2.55,,,,3.0,3.6,2.55,2.85,3.4,2.48
2015,2015-12-12,Sunderland,Watford,2.9,3.3,2.63,,,,2.9,3.31,2.75,2.8,3.2,2.64
2015,2015-12-12,West Ham United,Stoke City,2.63,3.3,2.9,,,,2.66,3.4,3.0,2.55,3.19,2.89
2015,2015-12-13,Aston Villa,Arsenal,6.5,4.2,1.57,,,,7.0,4.24,1.61,6.1,4.06,1.57
2015,2015-12-13,Liverpool,West Bromwich Albion,1.4,4.75,10.0,,,,1.45,4.8,10.0,1.41,4.42,8.84
2015,2015-12-13,Tottenham Hotspur,Newcastle United,1.36,5.5,9.0,,,,1.4,5.5,9.5,1.37,4.96,8.4
2015,2015-12-14,Leicester City,Chelsea,3.2,3.5,2.35,,,,3.4,3.6,2.43,3.07,3.4,2.33
2015,2015-12-19,Chelsea,Sunderland,1.33,5.25,12.0,,,,1.33,5.75,13.0,1.31,5.32,10.91
2015,2015-12-19,Everton,Leicester City,2.1,3.75,3.6,,,,2.1,3.8,3.7,2.05,3.61,3.51
2015,2015-12-19,Manchester United,Norwich City,1.45,4.5,8.5,,,,1.5,4.61,8.83,1.45,4.35,7.74
2015,2015-12-19,Newcastle United,Aston Villa,2.05,3.5,4.0,,,,2.05,3.6,4.1,2.0,3.41,3.91
2015,2015-12-19,Southampton,Tottenham Hotspur,2.7,3.4,2.8,,,,2.71,3.48,2.88,2.62,3.27,2.77
2015,2015-12-19,Stoke City,Crystal Palace,2.5,3.2,3.2,,,,2.51,3.32,3.2,2.44,3.19,3.07
2015,2015-12-19,West Bromwich Albion,Bournemouth,2.55,3.3,3.0,,,,2.64,3.36,3.09,2.53,3.22,2.91
2015,2015-12-20,Swansea City,West Ham United,2.1,3.4,3.9,,,,2.15,3.5,4.0,2.07,3.35,3.74
2015,2015-12-20,Watford,Liverpool,4.2,3.6,1.95,,,,4.3,3.6,2.01,4.02,3.43,1.96
2015,2015-12-21,Arsenal,Manchester City,2.45,3.5,3.0,,,,2.5,3.7,3.15,2.37,3.45,2.99
2015,2015-12-26,Aston Villa,West Ham United,2.63,3.25,2.75,,,,2.7,3.3,2.94,2.63,3.15,2.83
2015,2015-12-26,Bournemouth,Crystal Palace,2.4,3.3,3.0,,,,2.5,3.46,3.1,2.42,3.33,2.98
2015,2015-12-26,Chelsea,Watford,1.44,4.5,7.5,,,,1.54,4.6,8.0,1.49,4.29,7.03
2015,2015-12-26,Liverpool,Leicester City,1.91,3.8,3.8,,,,2.0,3.91,4.0,1.93,3.72,3.81
2015,2015-12-26,Manchester City,Sunderland,1.2,7.0,13.0,,,,1.23,7.65,17.0,1.21,6.91,13.59
2015,2015-12-26,Newcastle United,Everton,3.2,3.5,2.2,,,,3.4,3.65,2.3,3.24,3.45,2.22
2015,2015-12-26,Southampton,Arsenal,3.6,3.5,2.05,,,,3.8,3.57,2.2,3.51,3.41,2.11
2015,2015-12-26,Stoke City,Manchester United,3.25,3.2,2.3,,,,3.4,3.31,2.4,3.21,3.17,2.36
2015,2015-12-26,Swansea City,West Bromwich Albion,1.91,3.4,4.5,,,,2.05,3.42,4.58,1.96,3.3,4.23
2015,2015-12-26,Tottenham Hotspur,Norwich City,1.4,4.75,8.0,,,,1.48,4.86,8.5,1.43,4.55,7.7
2015,2015-12-28,Arsenal,Bournemouth,1.44,4.75,8.0,,,,1.47,4.89,8.75,1.43,4.58,7.76
2015,2015-12-28,Crystal Palace,Swansea City,2.1,3.4,4.0,,,,2.14,3.5,4.0,2.07,3.31,3.8
2015,2015-12-28,Everton,Stoke City,1.95,3.6,4.2,,,,2.0,3.63,4.33,1.93,3.51,4.11
2015,2015-12-28,Manchester United,Chelsea,2.6,3.3,3.0,,,,2.65,3.38,3.03,2.55,3.22,2.91
2015,2015-12-28,Norwich City,Aston Villa,2.05,3.6,3.8,,,,2.1,3.6,4.05,2.04,3.42,3.78
2015,2015-12-28,Watford,Tottenham Hotspur,3.75,3.5,2.1,,,,3.92,3.55,2.15,3.65,3.42,2.08
2015,2015-12-28,West Bromwich Albion,Newcastle United,2.2,3.25,3.75,,,,2.25,3.4,3.85,2.16,3.26,3.58
2015,2015-12-28,West Ham United,Southampton,3.6,3.4,2.2,,,,3.6,3.41,2.3,3.44,3.26,2.22
2015,2015-12-29,Leicester City,Manchester City,4.33,4.0,1.85,,,,4.4,4.1,1.91,4.12,3.87,1.83
2015,2015-12-30,Sunderland,Liverpool,5.5,3.9,1.7,,,,5.6,4.0,1.75,5.22,3.74,1.7
2015,2016-01-02,Arsenal,Newcastle United,1.29,6.5,11.0,,,,1.3,6.5,12.81,1.27,5.87,11.2
2015,2016-01-02,Leicester City,Bournemouth,1.91,3.75,4.33,,,,2.0,3.75,4.33,1.92,3.58,4.02
2015,2016-01-02,Manchester United,Swansea City,1.55,4.2,7.0,,,,1.57,4.27,7.55,1.53,4.0,6.89
2015,2016-01-02,Norwich City,Southampton,3.2,3.4,2.4,,,,3.25,3.49,2.45,3.07,3.34,2.36
2015,2016-01-02,Sunderland,Aston Villa,2.5,3.25,3.2,,,,2.51,3.34,3.23,2.45,3.18,3.04
2015,2016-01-02,Watford,Manchester City,5.0,4.0,1.75,,,,5.2,4.11,1.75,4.87,3.88,1.71
2015,2016-01-02,West Bromwich Albion,Stoke City,2.8,3.2,2.8,,,,2.85,3.2,2.88,2.74,3.09,2.77
2015,2016-01-02,West Ham United,Liverpool,4.0,3.5,2.05,,,,4.1,3.62,2.1,3.86,3.42,2.01
2015,2016-01-03,Crystal Palace,Chelsea,3.8,3.5,2.1,,,,3.98,3.5,2.2,3.79,3.35,2.06
2015,2016-01-03,Everton,Tottenham Hotspur,2.8,3.5,2.63,,,,2.82,3.6,2.7,2.71,3.4,2.59
2015,2016-01-12,Aston Villa,Crystal Palace,3.2,3.25,2.45,,,,3.25,3.3,2.6,3.11,3.15,2.45
2015,2016-01-12,Bournemouth,West Ham United,2.0,3.6,4.0,,,,2.1,3.75,4.15,1.98,3.51,3.9
2015,2016-01-12,Newcastle United,Manchester United,5.0,3.7,1.8,,,,5.25,3.83,1.8,4.87,3.62,1.78
2015,2016-01-13,Chelsea,West Bromwich Albion,1.44,4.5,9.0,,,,1.49,4.75,9.0,1.44,4.32,8.24
2015,2016-01-13,Liverpool,Arsenal,2.88,3.4,2.6,,,,2.95,3.58,2.6,2.83,3.37,2.51
2015,2016-01-13,Manchester City,Everton,1.53,4.75,6.0,,,,1.53,4.9,7.0,1.5,4.56,6.19
2015,2016-01-13,Southampton,Watford,1.95,3.5,4.33,,,,2.05,3.51,4.35,1.98,3.38,4.03
2015,2016-01-13,Stoke City,Norwich City,2.05,3.3,4.2,,,,2.05,3.44,4.37,2.0,3.32,4.03
2015,2016-01-13,Swansea City,Sunderland,1.8,3.6,5.25,,,,1.83,3.71,5.45,1.76,3.57,4.97
2015,2016-01-13,Tottenham Hotspur,Leicester City,1.75,3.8,5.25,,,,1.8,4.02,5.25,1.75,3.75,4.78
2015,2016-01-16,Aston Villa,Leicester City,3.6,3.4,2.2,,,,3.75,3.5,2.3,3.52,3.31,2.16
2015,2016-01-16,Bournemouth,Norwich City,1.91,3.6,4.5,,,,1.95,3.68,4.75,1.88,3.49,4.35
2015,2016-01-16,Chelsea,Everton,1.83,3.75,4.75,,,,1.83,3.98,4.8,1.79,3.77,4.49
2015,2016-01-16,Manchester City,Crystal Palace,1.4,5.25,8.5,,,,1.41,5.5,10.0,1.38,5.01,8.13
2015,2016-01-16,Newcastle United,West Ham United,2.5,3.4,3.0,,,,2.62,3.55,3.0,2.5,3.34,2.86
2015,2016-01-16,Southampton,West Bromwich Albion,1.73,3.75,5.5,,,,1.8,3.8,6.0,1.71,3.6,5.46
2015,2016-01-16,Tottenham Hotspur,Sunderland,1.36,5.25,9.5,,,,1.4,5.5,10.62,1.35,5.0,9.24
2015,2016-01-17,Liverpool,Manchester United,2.3,3.25,3.5,,,,2.5,3.37,3.5,2.29,3.24,3.29
2015,2016-01-17,Stoke City,Arsenal,4.33,3.6,1.95,,,,4.33,3.61,2.0,4.11,3.47,1.93
2015,2016-01-18,Swansea City,Watford,2.38,3.25,3.4,,,,2.5,3.31,3.4,2.39,3.2,3.15
2015,2016-01-23,Crystal Palace,Tottenham Hotspur,3.6,3.5,2.15,,,,3.63,3.5,2.25,3.48,3.3,2.18
2015,2016-01-23,Leicester City,Stoke City,2.1,3.5,3.8,,,,2.1,3.5,4.0,2.04,3.36,3.83
2015,2016-01-23,Manchester United,Southampton,1.91,3.5,4.75,,,,1.95,3.54,4.84,1.88,3.37,4.55
2015,2016-01-23,Norwich City,Liverpool,4.33,3.5,1.95,,,,4.35,3.6,2.05,4.08,3.42,1.96
2015,2016-01-23,Sunderland,Bournemouth,3.0,3.4,2.5,,,,3.07,3.4,2.55,2.94,3.26,2.48
2015,2016-01-23,Watford,Newcastle United,2.05,3.5,4.0,,,,2.1,3.54,4.0,2.05,3.39,3.75
2015,2016-01-23,West Bromwich Albion,Aston Villa,2.1,3.3,4.0,,,,2.2,3.4,4.0,2.13,3.17,3.82
2015,2016-01-23,West Ham United,Manchester City,5.0,4.0,1.73,,,,5.4,4.1,1.74,4.98,3.87,1.7
2015,2016-01-24,Arsenal,Chelsea,2.1,3.5,3.9,,,,2.2,3.62,4.0,2.04,3.43,3.76
2015,2016-01-24,Everton,Swansea City,1.73,3.8,5.5,,,,1.75,4.0,5.77,1.68,3.75,5.31
2015,2016-02-02,Arsenal,Southampton,1.75,3.75,5.25,,,,1.83,3.75,5.62,1.76,3.58,5.0
2015,2016-02-02,Crystal Palace,Bournemouth,2.45,3.3,3.2,,,,2.5,3.32,3.33,2.42,3.19,3.12
2015,2016-02-02,Leicester City,Liverpool,2.63,3.4,2.88,,,,2.65,3.51,2.9,2.58,3.28,2.81
2015,2016-02-02,Manchester United,Stoke City,1.7,3.75,5.75,,,,1.75,3.83,6.26,1.67,3.67,5.73
2015,2016-02-02,Norwich City,Tottenham Hotspur,4.5,3.75,1.85,,,,4.8,3.88,1.9,4.37,3.64,1.84
2015,2016-02-02,Sunderland,Manchester City,8.0,4.75,1.45,,,,8.0,4.8,1.5,7.06,4.49,1.47
2015,2016-02-02,West Bromwich Albion,Swansea City,2.63,3.1,3.1,,,,2.7,3.1,3.25,2.61,3.01,3.01
2015,2016-02-02,West Ham United,Aston Villa,1.91,3.5,4.75,,,,1.95,3.57,4.87,1.88,3.46,4.42
2015,2016-02-03,Everton,Newcastle United,1.65,4.2,5.5,,,,1.72,4.36,5.5,1.65,4.03,5.12
2015,2016-02-03,Watford,Chelsea,4.33,3.5,1.95,,,,4.4,3.51,2.05,4.1,3.36,1.98
2015,2016-02-06,Aston Villa,Norwich City,2.45,3.2,3.3,,,,2.45,3.32,3.31,2.38,3.18,3.18
2015,2016-02-06,Liverpool,Sunderland,1.44,4.75,8.5,,,,1.5,4.75,9.0,1.44,4.46,7.82
2015,2016-02-06,Manchester City,Leicester City,1.62,4.2,6.0,,,,1.63,4.3,6.28,1.6,4.06,5.75
2015,2016-02-06,Newcastle United,West Bromwich Albion,2.15,3.4,3.8,,,,2.25,3.4,3.9,2.14,3.28,3.63
2015,2016-02-06,Southampton,West Ham United,1.73,3.8,5.5,,,,1.8,3.8,5.5,1.73,3.64,5.14
2015,2016-02-06,Stoke City,Everton,2.7,3.4,2.8,,,,2.75,3.47,2.92,2.6,3.28,2.79
2015,2016-02-06,Swansea City,Crystal Palace,2.25,3.3,3.6,,,,2.3,3.3,3.72,2.23,3.2,3.49
2015,2016-02-06,Tottenham Hotspur,Watford,1.5,4.33,8.0,,,,1.54,4.4,8.0,1.49,4.22,7.19
2015,2016-02-07,Bournemouth,Arsenal,3.8,3.5,2.1,,,,4.0,3.66,2.13,3.72,3.41,2.05
2015,2016-02-07,Chelsea,Manchester United,2.15,3.3,3.9,,,,2.2,3.4,4.2,2.09,3.26,3.83
2015,2016-02-13,Bournemouth,Stoke City,2.05,3.4,4.1,,,,2.15,3.52,4.2,2.05,3.35,3.82
2015,2016-02-13,Chelsea,Newcastle United,1.44,4.75,8.0,,,,1.5,4.8,8.1,1.44,4.55,7.42
2015,2016-02-13,Crystal Palace,Watford,2.25,3.3,3.6,,,,2.3,3.33,3.77,2.23,3.2,3.51
2015,2016-02-13,Everton,West Bromwich Albion,1.53,4.2,7.5,,,,1.6,4.35,7.71,1.52,4.13,6.82
2015,2016-02-13,Norwich City,West Ham United,2.38,3.4,3.25,,,,2.6,3.53,3.25,2.41,3.33,3.02
2015,2016-02-13,Sunderland,Manchester United,5.25,3.75,1.75,,,,5.5,3.78,1.83,5.0,3.6,1.76
2015,2016-02-13,Swansea City,Southampton,3.2,3.25,2.5,,,,3.25,3.33,2.6,3.11,3.18,2.43
2015,2016-02-14,Arsenal,Leicester City,1.75,4.0,5.0,,,,1.8,4.2,5.11,1.72,3.95,4.71
2015,2016-02-14,Aston Villa,Liverpool,4.75,3.6,1.85,,,,5.04,3.62,2.0,4.59,3.49,1.84
2015,2016-02-14,Manchester City,Tottenham Hotspur,2.1,3.75,3.6,,,,2.1,3.79,3.9,2.06,3.53,3.61
2015,2016-02-27,Leicester City,Norwich City,1.5,4.33,6.0,,,,1.59,4.5,6.5,1.54,4.24,6.11
2015,2016-02-27,Southampton,Chelsea,2.8,3.25,2.5,,,,2.96,3.37,2.65,2.83,3.22,2.58
2015,2016-02-27,Stoke City,Aston Villa,1.62,3.75,5.5,,,,1.71,3.8,6.16,1.67,3.63,5.67
2015,2016-02-27,Watford,Bournemouth,2.38,3.25,3.0,,,,2.45,3.35,3.25,2.37,3.22,3.1
2015,2016-02-27,West Bromwich Albion,Crystal Palace,2.6,3.1,2.8,,,,2.85,3.2,2.9,2.7,3.07,2.81
2015,2016-02-27,West Ham United,Sunderland,1.8,3.5,4.5,,,,1.89,3.75,4.75,1.84,3.58,4.39
2015,2016-02-28,Manchester United,Arsenal,3.0,3.25,2.38,,,,3.4,3.32,2.6,3.17,3.21,2.37
2015,2016-02-28,Tottenham Hotspur,Swansea City,1.4,4.2,9.0,,,,1.5,4.6,9.0,1.45,4.27,7.83
2015,2016-03-01,Aston Villa,Everton,4.5,3.6,1.91,,,,4.7,3.7,1.93,4.4,3.53,1.87
2015,2016-03-01,Bournemouth,Southampton,2.9,3.25,2.7,,,,2.97,3.3,2.71,2.87,3.17,2.63
2015,2016-03-01,Leicester City,West Bromwich Albion,1.73,3.8,5.5,,,,1.77,3.85,6.0,1.7,3.67,5.44
2015,2016-03-01,Norwich City,Chelsea,5.25,4.0,1.7,,,,5.7,4.08,1.71,5.26,3.89,1.68
2015,2016-03-01,Sunderland,Crystal Palace,2.5,3.3,3.1,,,,2.55,3.4,3.2,2.46,3.24,3.03
2015,2016-03-02,Arsenal,Swansea City,1.36,5.25,10.0,,,,1.4,5.25,10.28,1.36,4.9,9.25
2015,2016-03-02,Liverpool,Manchester City,2.63,3.4,2.88,,,,2.7,3.51,2.88,2.57,3.33,2.79
2015,2016-03-02,Manchester United,Watford,1.67,3.8,6.0,,,,1.69,4.0,6.5,1.65,3.71,5.87
2015,2016-03-02,Stoke City,Newcastle United,2.0,3.5,4.2,,,,2.05,3.57,4.33,1.97,3.39,4.07
2015,2016-03-02,West Ham United,Tottenham Hotspur,4.0,3.6,2.0,,,,4.1,3.64,2.06,3.89,3.47,1.99
2015,2016-03-05,Chelsea,Stoke City,1.5,4.5,7.5,,,,1.53,4.5,7.5,1.5,4.23,6.89
2015,2016-03-05,Everton,West Ham United,1.73,4.0,5.0,,,,1.8,4.2,5.25,1.7,3.91,4.93
2015,2016-03-05,Manchester City,Aston Villa,1.22,7.0,15.0,,,,1.24,7.5,17.0,1.21,6.67,14.95
2015,2016-03-05,Newcastle United,Bournemouth,2.63,3.4,2.88,,,,2.74,3.49,2.88,2.63,3.3,2.74
2015,2016-03-05,Southampton,Sunderland,1.6,4.0,6.5,,,,1.65,4.1,6.75,1.59,3.88,6.19
2015,2016-03-05,Swansea City,Norwich City,2.05,3.5,4.0,,,,2.05,3.5,4.2,2.0,3.38,3.99
2015,2016-03-05,Tottenham Hotspur,Arsenal,2.38,3.4,3.25,,,,2.5,3.62,3.25,2.36,3.38,3.08
2015,2016-03-05,Watford,Leicester City,3.0,3.4,2.55,,,,3.01,3.4,2.62,2.94,3.25,2.5
2015,2016-03-06,Crystal Palace,Liverpool,3.8,3.5,2.1,,,,3.8,3.5,2.19,3.63,3.39,2.1
2015,2016-03-06,West Bromwich Albion,Manchester United,4.33,3.4,2.0,,,,4.33,3.5,2.06,4.1,3.32,1.99
2015,2016-03-12,Bournemouth,Swansea City,1.95,3.5,4.33,,,,2.0,3.5,4.5,1.95,3.34,4.26
2015,2016-03-12,Norwich City,Manchester City,6.0,4.2,1.6,,,,6.75,4.33,1.65,5.86,4.0,1.6
2015,2016-03-12,Stoke City,Southampton,2.7,3.2,2.9,,,,2.75,3.22,2.93,2.68,3.14,2.8
2015,2016-03-13,Aston Villa,Tottenham Hotspur,7.5,4.5,1.5,,,,7.75,4.5,1.53,6.97,4.26,1.49
2015,2016-03-14,Leicester City,Newcastle United,1.57,4.33,6.25,,,,1.67,4.33,6.5,1.59,4.08,5.76
2015,2016-03-19,Chelsea,West Ham United,1.75,3.8,5.25,,,,1.78,3.96,5.25,1.72,3.78,4.89
2015,2016-03-19,Crystal Palace,Leicester City,3.0,3.4,2.5,,,,3.1,3.5,2.6,2.93,3.26,2.48
2015,2016-03-19,Everton,Arsenal,2.7,3.5,2.7,,,,2.77,3.7,2.75,2.62,3.48,2.63
2015,2016-03-19,Swansea City,Aston Villa,1.67,3.8,6.0,,,,1.73,4.0,6.0,1.66,3.73,5.58
2015,2016-03-19,Watford,Stoke City,2.4,3.25,3.3,,,,2.5,3.27,3.36,2.39,3.16,3.17
2015,2016-03-19,West Bromwich Albion,Norwich City,2.25,3.3,3.6,,,,2.33,3.3,3.7,2.23,3.2,3.45
2015,2016-03-20,Manchester City,Manchester United,1.83,3.75,4.75,,,,1.87,3.8,4.75,1.83,3.62,4.42
2015,2016-03-20,Newcastle United,Sunderland,2.1,3.5,3.8,,,,2.2,3.53,3.85,2.11,3.34,3.61
2015,2016-03-20,Southampton,Liverpool,2.63,3.4,2.88,,,,2.75,3.4,2.9,2.61,3.21,2.81
2015,2016-03-20,Tottenham Hotspur,Bournemouth,1.53,4.33,7.0,,,,1.57,4.5,7.0,1.53,4.24,6.2
2015,2016-04-02,Arsenal,Watford,1.36,5.25,10.0,,,,1.38,5.4,10.0,1.35,5.03,9.07
2015,2016-04-02,Aston Villa,Chelsea,6.5,4.33,1.57,,,,6.6,4.33,1.68,6.14,3.98,1.58
2015,2016-04-02,Bournemouth,Manchester City,3.75,3.6,2.1,,,,3.75,3.71,2.13,3.62,3.5,2.05
2015,2016-04-02,Liverpool,Tottenham Hotspur,2.5,3.4,3.0,,,,2.6,3.5,3.03,2.47,3.34,2.91
2015,2016-04-02,Norwich City,Newcastle United,2.2,3.4,3.6,,,,2.25,3.44,3.7,2.18,3.29,3.48
2015,2016-04-02,Stoke City,Swansea City,2.2,3.4,3.6,,,,2.25,3.4,3.87,2.16,3.28,3.58
2015,2016-04-02,Sunderland,West Bromwich Albion,2.1,3.3,4.0,,,,2.15,3.4,4.1,2.08,3.27,3.81
2015,2016-04-02,West Ham United,Crystal Palace,1.95,3.6,4.2,,,,2.0,3.66,4.33,1.95,3.51,4.01
2015,2016-04-03,Leicester City,Southampton,2.25,3.4,3.5,,,,2.3,3.4,3.6,2.21,3.29,3.42
2015,2016-04-03,Manchester United,Everton,2.1,3.5,3.75,,,,2.13,3.51,4.0,2.06,3.38,3.76
2015,2016-04-09,Aston Villa,Bournemouth,3.4,3.2,2.2,,,,3.64,3.47,2.22,3.47,3.35,2.15
2015,2016-04-09,Crystal Palace,Norwich City,2.05,3.4,3.6,,,,2.15,3.41,3.95,2.07,3.33,3.73
2015,2016-04-09,Manchester City,West Bromwich Albion,1.33,5.0,9.0,,,,1.37,5.42,11.5,1.33,5.08,9.94
2015,2016-04-09,Southampton,Newcastle United,1.53,4.0,6.0,,,,1.6,4.23,7.0,1.56,4.0,6.14
2015,2016-04-09,Swansea City,Chelsea,3.75,3.4,2.0,,,,4.0,3.5,2.1,3.77,3.36,2.05
2015,2016-04-09,Watford,Everton,3.4,3.3,2.15,,,,3.5,3.41,2.4,3.35,3.32,2.21
2015,2016-04-09,West Ham United,Arsenal,3.6,3.5,2.0,,,,3.93,3.83,2.05,3.72,3.61,1.98
2015,2016-04-10,Liverpool,Stoke City,1.55,4.0,5.75,,,,1.65,4.28,6.25,1.59,3.99,5.8
2015,2016-04-10,Sunderland,Leicester City,3.4,3.4,2.1,,,,3.6,3.5,2.25,3.41,3.37,2.17
2015,2016-04-10,Tottenham Hotspur,Manchester United,1.91,3.5,4.0,,,,2.1,3.65,4.44,1.91,3.5,4.13
2015,2016-04-13,Crystal Palace,Everton,2.9,3.4,2.6,,,,2.95,3.49,2.63,2.85,3.3,2.52
2015,2016-04-16,Chelsea,Manchester City,2.75,3.4,2.7,,,,2.75,3.55,2.75,2.67,3.36,2.65
2015,2016-04-16,Everton,Southampton,2.7,3.4,2.8,,,,2.75,3.41,2.95,2.59,3.29,2.79
2015,2016-04-16,Manchester United,Aston Villa,1.22,7.0,17.0,,,,1.26,7.0,17.0,1.23,6.04,14.93
2015,2016-04-16,Newcastle United,Swansea City,2.3,3.4,3.4,,,,2.38,3.5,3.42,2.27,3.33,3.25
2015,2016-04-16,Norwich City,Sunderland,2.4,3.3,3.25,,,,2.4,3.41,3.4,2.34,3.27,3.18
2015,2016-04-16,West Bromwich Albion,Watford,2.4,3.2,3.4,,,,2.4,3.26,3.5,2.34,3.14,3.31
2015,2016-04-17,Arsenal,Crystal Palace,1.33,5.75,9.5,,,,1.37,5.75,10.0,1.34,5.2,9.06
2015,2016-04-17,Bournemouth,Liverpool,3.6,3.5,2.15,,,,3.71,3.52,2.2,3.46,3.42,2.13
2015,2016-04-17,Leicester City,West Ham United,1.95,3.6,4.2,,,,2.0,3.8,4.3,1.91,3.57,4.08
2015,2016-04-18,Stoke City,Tottenham Hotspur,4.5,3.75,1.85,,,,5.0,3.8,1.88,4.46,3.62,1.82
2015,2016-04-19,Newcastle United,Manchester City,6.0,4.5,1.57,,,,6.29,4.5,1.65,5.86,4.24,1.57
2015,2016-04-20,Liverpool,Everton,1.73,4.0,5.0,,,,1.75,4.3,5.25,1.69,4.0,4.85
2015,2016-04-20,Manchester United,Crystal Palace,1.53,4.33,7.0,,,,1.57,4.33,7.45,1.53,4.09,6.68
2015,2016-04-20,West Ham United,Watford,1.57,4.33,6.5,,,,1.65,4.37,6.83,1.54,4.16,6.3
2015,2016-04-21,Arsenal,West Bromwich Albion,1.29,6.0,13.0,,,,1.29,6.45,15.0,1.25,5.87,12.76
2015,2016-04-23,Aston Villa,Southampton,7.5,4.2,1.53,,,,7.5,4.26,1.6,6.65,3.99,1.54
2015,2016-04-23,Bournemouth,Chelsea,3.1,3.5,2.4,,,,3.1,3.61,2.5,2.99,3.43,2.35
2015,2016-04-23,Liverpool,Newcastle United,1.57,4.5,6.0,,,,1.62,4.6,6.5,1.55,4.27,5.8
2015,2016-04-23,Manchester City,Stoke City,1.3,6.0,11.0,,,,1.33,6.0,11.67,1.3,5.5,10.42
2015,2016-04-24,Leicester City,Swansea City,1.75,3.7,5.5,,,,1.8,3.8,5.75,1.73,3.6,5.17
2015,2016-04-24,Sunderland,Arsenal,4.5,4.0,1.8,,,,5.0,4.02,1.81,4.64,3.8,1.76
2015,2016-04-25,Tottenham Hotspur,West Bromwich Albion,1.22,7.0,15.0,,,,1.25,7.0,17.0,1.22,6.19,14.03
2015,2016-04-30,Arsenal,Norwich City,1.29,6.5,11.0,,,,1.29,6.55,13.26,1.26,5.99,11.81
2015,2016-04-30,Everton,Bournemouth,2.0,3.8,3.8,,,,2.05,3.81,4.0,1.98,3.67,3.69
2015,2016-04-30,Newcastle United,Crystal Palace,2.0,3.6,4.0,,,,2.05,3.61,4.2,1.99,3.47,3.87
2015,2016-04-30,Stoke City,Sunderland,2.75,3.3,2.8,,,,2.75,3.35,2.83,2.68,3.2,2.74
2015,2016-04-30,Watford,Aston Villa,1.7,3.8,5.75,,,,1.75,3.95,5.75,1.7,3.74,5.16
2015,2016-04-30,West Bromwich Albion,West Ham United,4.0,3.4,2.1,,,,4.1,3.56,2.2,3.82,3.38,2.04
2015,2016-05-01,Manchester United,Leicester City,2.1,3.4,3.9,,,,2.15,3.46,4.1,2.05,3.34,3.8
2015,2016-05-01,Southampton,Manchester City,2.8,3.4,2.7,,,,2.8,3.5,2.75,2.68,3.34,2.65
2015,2016-05-01,Swansea City,Liverpool,3.1,3.5,2.4,,,,3.15,3.56,2.5,3.05,3.39,2.34
2015,2016-05-02,Chelsea,Tottenham Hotspur,2.75,3.6,2.63,,,,2.75,3.6,2.7,2.68,3.43,2.59
2015,2016-05-07,Aston Villa,Newcastle United,5.75,4.2,1.65,,,,6.0,4.33,1.73,5.45,3.98,1.63
2015,2016-05-07,Bournemouth,West Bromwich Albion,1.95,3.6,4.2,,,,1.96,3.61,4.45,1.92,3.47,4.19
2015,2016-05-07,Crystal Palace,Stoke City,2.05,3.5,3.9,,,,2.11,3.6,4.0,2.03,3.42,3.78
2015,2016-05-07,Leicester City,Everton,1.91,4.0,4.0,,,,1.93,4.0,4.33,1.87,3.74,4.06
2015,2016-05-07,Norwich City,Manchester United,4.5,3.6,1.91,,,,4.75,3.68,1.92,4.39,3.52,1.87
2015,2016-05-07,Sunderland,Chelsea,3.0,3.5,2.45,,,,3.02,3.6,2.6,2.89,3.44,2.43
2015,2016-05-07,West Ham United,Swansea City,1.44,4.75,8.0,,,,1.47,4.96,8.34,1.43,4.62,7.48
2015,2016-05-08,Liverpool,Watford,1.5,4.5,7.5,,,,1.54,4.65,7.5,1.49,4.42,6.55
2015,2016-05-08,Manchester City,Arsenal,2.5,3.6,2.9,,,,2.56,3.6,2.95,2.48,3.43,2.81
2015,2016-05-08,Tottenham Hotspur,Southampton,2.05,3.6,3.9,,,,2.05,3.75,4.0,1.98,3.58,3.78
2015,2016-05-10,West Ham United,Manchester United,3.0,3.5,2.45,,,,3.1,3.56,2.55,2.96,3.41,2.43
2015,2016-05-11,Liverpool,Chelsea,2.0,3.8,3.8,,,,2.05,3.9,3.9,1.97,3.69,3.71
2015,2016-05-11,Norwich City,Watford,1.83,3.75,4.75,,,,1.87,3.81,5.0,1.82,3.66,4.43
2015,2016-05-11,Sunderland,Everton,1.75,4.0,5.0,,,,1.8,4.01,5.4,1.73,3.83,4.82
2015,2016-05-15,Arsenal,Aston Villa,1.17,9.0,17.0,,,,1.2,9.51,21.0,1.15,8.01,17.22
2015,2016-05-15,Chelsea,Leicester City,2.3,3.75,3.1,,,,2.35,3.8,3.3,2.28,3.58,3.02
2015,2016-05-15,Everton,Norwich City,1.8,4.0,4.5,,,,1.85,4.33,4.6,1.75,4.0,4.36
2015,2016-05-15,Newcastle United,Tottenham Hotspur,4.5,4.0,1.8,,,,4.6,4.16,1.85,4.38,3.84,1.78
2015,2016-05-15,Southampton,Crystal Palace,1.36,5.5,9.0,,,,1.4,5.69,10.0,1.33,5.29,9.03
2015,2016-05-15,Stoke City,West Ham United,3.5,3.6,2.15,,,,3.5,3.83,2.3,3.37,3.59,2.1
2015,2016-05-15,Swansea City,Manchester City,6.0,4.75,1.53,,,,7.0,4.8,1.59,6.04,4.5,1.51
2015,2016-05-15,Watford,Sunderland,2.05,3.75,3.7,,,,2.2,3.8,3.78,2.02,3.62,3.58
2015,2016-05-15,West Bromwich Albion,Liverpool,2.4,3.6,3.0,,,,2.5,3.7,3.1,2.38,3.49,2.91
2015,2016-05-17,Manchester United,Bournemouth,1.67,4.2,5.25,,,,1.72,4.33,5.61,1.66,4.03,5.08
2016,2016-08-13,Burnley,Swansea City,2.4,3.3,3.25,,,,2.55,3.35,3.3,2.43,3.21,3.1
2016,2016-08-13,Crystal Palace,West Bromwich Albion,2.0,3.3,4.5,,,,2.1,3.4,4.5,2.01,3.23,4.16
2016,2016-08-13,Everton,Tottenham Hotspur,3.2,3.4,2.4,,,,3.3,3.45,2.5,3.12,3.32,2.36
2016,2016-08-13,Hull City,Leicester City,4.5,3.6,1.91,,,,4.5,3.6,2.33,4.17,3.43,1.95
2016,2016-08-13,Manchester City,Sunderland,1.25,6.5,15.0,,,,1.3,6.8,15.0,1.25,6.11,12.55
2016,2016-08-13,Middlesbrough,Stoke City,2.38,3.2,3.4,,,,2.4,3.3,3.65,2.31,3.16,3.38
2016,2016-08-13,Southampton,Watford,1.8,3.75,5.0,,,,1.88,3.8,5.0,1.82,3.56,4.62
2016,2016-08-14,Arsenal,Liverpool,2.4,3.5,3.1,,,,2.5,3.55,3.2,2.36,3.42,3.04
2016,2016-08-14,Bournemouth,Manchester United,4.75,3.6,1.85,,,,5.0,3.75,1.95,4.5,3.51,1.86
2016,2016-08-15,Chelsea,West Ham United,1.65,4.0,6.0,,,,1.71,4.25,6.0,1.64,3.97,5.46
2016,2016-08-19,Manchester United,Southampton,1.53,4.2,7.5,,,,1.62,4.45,8.0,1.52,4.17,7.06
2016,2016-08-20,Burnley,Liverpool,6.5,4.2,1.57,,,,7.12,4.35,1.6,6.43,4.09,1.55
2016,2016-08-20,Leicester City,Arsenal,2.88,3.6,2.5,,,,3.0,3.63,2.55,2.87,3.48,2.45
2016,2016-08-20,Stoke City,Manchester City,5.5,3.8,1.73,,,,5.63,4.0,1.76,5.11,3.81,1.7
2016,2016-08-20,Swansea City,Hull City,1.8,3.6,5.25,,,,1.86,3.7,5.5,1.79,3.54,4.95
2016,2016-08-20,Tottenham Hotspur,Crystal Palace,1.45,4.75,8.0,,,,1.51,4.78,8.5,1.46,4.48,7.49
2016,2016-08-20,Watford,Chelsea,5.5,3.8,1.73,,,,5.75,3.85,1.8,5.22,3.66,1.72
2016,2016-08-20,West Bromwich Albion,Everton,3.0,3.25,2.6,,,,3.13,3.3,2.7,2.97,3.15,2.56
2016,2016-08-21,Sunderland,Middlesbrough,2.55,3.2,3.1,,,,2.64,3.25,3.25,2.52,3.16,3.02
2016,2016-08-21,West Ham United,Bournemouth,1.95,3.75,4.0,,,,2.03,3.85,4.33,1.94,3.62,3.96
2016,2016-08-27,Chelsea,Burnley,1.25,5.5,15.0,,,,1.3,6.35,15.25,1.25,5.72,13.7
2016,2016-08-27,Crystal Palace,Bournemouth,2.3,3.2,3.3,,,,2.4,3.4,3.4,2.31,3.28,3.24
2016,2016-08-27,Everton,Stoke City,1.73,3.6,5.25,,,,1.77,3.8,5.7,1.72,3.66,5.17
2016,2016-08-27,Hull City,Manchester United,8.0,4.1,1.44,,,,8.5,4.6,1.52,7.8,4.28,1.46
2016,2016-08-27,Leicester City,Swansea City,1.73,3.6,5.25,,,,1.78,3.88,5.57,1.72,3.69,5.11
2016,2016-08-27,Southampton,Sunderland,1.57,3.6,6.5,,,,1.65,4.15,6.65,1.6,3.88,6.16
2016,2016-08-27,Tottenham Hotspur,Liverpool,2.38,3.4,3.0,,,,2.5,3.57,3.17,2.37,3.43,3.01
2016,2016-08-27,Watford,Arsenal,5.0,3.75,1.73,,,,5.5,3.91,1.78,5.12,3.72,1.72
2016,2016-08-28,Manchester City,West Ham United,1.25,6.0,11.0,,,,1.33,6.3,12.0,1.28,5.75,10.65
2016,2016-08-28,West Bromwich Albion,Middlesbrough,2.6,3.1,2.9,,,,2.63,3.2,3.25,2.56,3.06,3.04
2016,2016-09-10,Arsenal,Southampton,1.57,4.2,6.5,,,,1.63,4.39,6.5,1.57,4.15,5.98
2016,2016-09-10,Bournemouth,West Bromwich Albion,2.05,3.25,4.33,,,,2.1,3.4,4.55,2.02,3.25,4.15
2016,2016-09-10,Burnley,Hull City,2.45,3.1,3.4,,,,2.5,3.21,3.44,2.41,3.14,3.22
2016,2016-09-10,Liverpool,Leicester City,1.7,4.0,5.5,,,,1.7,4.24,6.0,1.66,3.95,5.36
2016,2016-09-10,Manchester United,Manchester City,2.38,3.25,3.4,,,,2.4,3.37,3.5,2.32,3.26,3.28
2016,2016-09-10,Middlesbrough,Crystal Palace,2.3,3.2,3.6,,,,2.38,3.25,3.75,2.27,3.15,3.5
2016,2016-09-10,Stoke City,Tottenham Hotspur,4.6,3.75,1.85,,,,4.8,3.9,1.9,4.38,3.66,1.84
2016,2016-09-10,West Ham United,Watford,1.91,3.6,4.5,,,,1.95,3.7,4.75,1.88,3.53,4.35
2016,2016-09-11,Swansea City,Chelsea,5.75,4.0,1.67,,,,6.0,4.2,1.69,5.45,3.97,1.65
2016,2016-09-12,Sunderland,Everton,3.8,3.5,2.1,,,,3.8,3.6,2.19,3.59,3.45,2.1
2016,2016-09-16,Chelsea,Liverpool,2.25,3.5,3.4,,,,2.33,3.65,3.5,2.25,3.46,3.29
2016,2016-09-17,Everton,Middlesbrough,1.67,3.8,6.0,,,,1.7,4.05,6.19,1.65,3.83,5.7
2016,2016-09-17,Hull City,Arsenal,6.0,4.2,1.6,,,,6.5,4.27,1.64,5.94,4.05,1.59
2016,2016-09-17,Leicester City,Burnley,1.5,4.33,8.0,,,,1.6,4.64,9.0,1.48,4.29,7.5
2016,2016-09-17,Manchester City,Bournemouth,1.29,6.0,12.0,,,,1.35,6.39,13.0,1.28,5.82,11.3
2016,2016-09-17,West Bromwich Albion,West Ham United,2.8,3.2,2.8,,,,2.9,3.3,2.9,2.73,3.17,2.76
2016,2016-09-18,Crystal Palace,Stoke City,2.0,3.5,4.2,,,,2.1,3.51,4.25,2.03,3.35,3.96
2016,2016-09-18,Southampton,Swansea City,1.7,3.8,5.75,,,,1.73,3.97,6.17,1.68,3.72,5.62
2016,2016-09-18,Tottenham Hotspur,Sunderland,1.33,5.5,11.0,,,,1.39,5.8,12.0,1.33,5.27,10.01
2016,2016-09-18,Watford,Manchester United,6.0,4.2,1.62,,,,6.4,4.2,1.69,5.67,3.95,1.63
2016,2016-09-24,Arsenal,Chelsea,2.4,3.5,3.1,,,,2.46,3.6,3.21,2.35,3.43,3.08
2016,2016-09-24,Bournemouth,Everton,3.6,3.5,2.15,,,,3.79,3.58,2.2,3.55,3.46,2.12
2016,2016-09-24,Liverpool,Hull City,1.22,7.0,15.0,,,,1.27,7.27,17.0,1.22,6.62,13.93
2016,2016-09-24,Manchester United,Leicester City,1.73,3.9,5.25,,,,1.76,4.05,5.5,1.71,3.84,5.14
2016,2016-09-24,Middlesbrough,Tottenham Hotspur,3.75,3.5,2.1,,,,4.1,3.5,2.17,3.7,3.39,2.1
2016,2016-09-24,Stoke City,West Bromwich Albion,2.38,3.3,3.3,,,,2.4,3.4,3.4,2.33,3.26,3.25
2016,2016-09-24,Sunderland,Crystal Palace,2.88,3.25,2.7,,,,2.95,3.35,2.73,2.81,3.25,2.64
2016,2016-09-24,Swansea City,Manchester City,9.0,5.5,1.36,,,,9.5,5.5,1.45,8.38,5.08,1.38
2016,2016-09-25,West Ham United,Southampton,2.8,3.3,2.75,,,,2.9,3.44,2.78,2.78,3.29,2.64
2016,2016-09-26,Burnley,Watford,2.9,3.2,2.7,,,,3.09,3.34,2.75,2.9,3.17,2.59
2016,2016-09-30,Everton,Crystal Palace,1.73,4.0,5.0,,,,1.77,4.02,5.45,1.73,3.85,4.98
2016,2016-10-01,Hull City,Chelsea,7.5,4.5,1.5,,,,7.68,4.75,1.54,6.93,4.45,1.49
2016,2016-10-01,Sunderland,West Bromwich Albion,2.5,3.25,3.2,,,,2.55,3.3,3.3,2.44,3.17,3.16
2016,2016-10-01,Swansea City,Liverpool,8.0,4.75,1.45,,,,8.44,5.14,1.49,7.38,4.72,1.44
2016,2016-10-01,Watford,Bournemouth,2.38,3.3,3.3,,,,2.42,3.45,3.5,2.35,3.28,3.21
2016,2016-10-01,West Ham United,Middlesbrough,2.25,3.4,3.5,,,,2.3,3.5,3.66,2.21,3.31,3.5
2016,2016-10-02,Burnley,Arsenal,9.0,5.0,1.4,,,,10.17,5.28,1.43,8.94,4.91,1.38
2016,2016-10-02,Leicester City,Southampton,2.25,3.4,3.5,,,,2.3,3.45,3.65,2.21,3.31,3.49
2016,2016-10-02,Manchester United,Stoke City,1.33,5.75,10.0,,,,1.41,5.75,11.0,1.34,5.25,9.59
2016,2016-10-02,Tottenham Hotspur,Manchester City,3.0,3.5,2.5,,,,3.35,3.6,2.5,2.96,3.43,2.42
2016,2016-10-15,Arsenal,Swansea City,1.29,6.5,11.0,,,,1.32,6.5,13.0,1.28,5.91,11.22
2016,2016-10-15,Bournemouth,Hull City,1.85,3.5,5.0,,,,1.9,3.71,5.05,1.83,3.51,4.74
2016,2016-10-15,Chelsea,Leicester City,1.57,4.5,6.0,,,,1.63,4.5,6.5,1.58,4.19,5.88
2016,2016-10-15,Crystal Palace,West Ham United,2.15,3.5,3.6,,,,2.2,3.62,3.9,2.1,3.45,3.61
2016,2016-10-15,Manchester City,Everton,1.5,4.75,7.0,,,,1.56,4.85,8.0,1.5,4.52,6.46
2016,2016-10-15,Stoke City,Sunderland,2.0,3.6,4.0,,,,2.1,3.6,4.34,1.99,3.44,3.99
2016,2016-10-15,West Bromwich Albion,Tottenham Hotspur,5.5,3.8,1.73,,,,5.65,3.95,1.77,5.27,3.71,1.72
2016,2016-10-16,Middlesbrough,Watford,2.25,3.3,3.6,,,,2.33,3.4,3.65,2.25,3.21,3.5
2016,2016-10-16,Southampton,Burnley,1.4,4.8,9.5,,,,1.44,5.06,10.5,1.39,4.63,9.33
2016,2016-10-17,Liverpool,Manchester United,2.2,3.5,3.5,,,,2.27,3.59,3.65,2.16,3.42,3.45
2016,2016-10-22,Arsenal,Middlesbrough,1.25,6.5,15.0,,,,1.31,6.5,15.0,1.26,5.99,12.63
2016,2016-10-22,Bournemouth,Tottenham Hotspur,4.2,3.6,1.95,,,,4.2,3.75,2.02,3.94,3.58,1.97
2016,2016-10-22,Burnley,Everton,6.0,3.8,1.67,,,,6.5,3.99,1.75,5.84,3.74,1.66
2016,2016-10-22,Hull City,Stoke City,3.1,3.3,2.5,,,,3.16,3.4,2.7,3.01,3.27,2.48
2016,2016-10-22,Leicester City,Crystal Palace,2.05,3.5,3.9,,,,2.1,3.5,4.1,2.04,3.38,3.89
2016,2016-10-22,Liverpool,West Bromwich Albion,1.29,6.0,13.0,,,,1.33,6.33,13.25,1.28,5.84,11.53
2016,2016-10-22,Swansea City,Watford,2.38,3.3,3.3,,,,2.4,3.47,3.5,2.31,3.3,3.27
2016,2016-10-22,West Ham United,Sunderland,1.67,4.0,5.75,,,,1.75,4.15,5.75,1.68,3.94,5.24
2016,2016-10-23,Chelsea,Manchester United,2.15,3.4,3.8,,,,2.27,3.4,3.8,2.21,3.24,3.57
2016,2016-10-23,Manchester City,Southampton,1.5,4.5,7.5,,,,1.54,4.75,7.5,1.49,4.44,6.92
2016,2016-10-29,Crystal Palace,Liverpool,5.25,4.0,1.7,,,,5.5,4.2,1.82,4.82,3.9,1.73
2016,2016-10-29,Manchester United,Burnley,1.2,7.0,19.0,,,,1.25,7.05,20.25,1.21,6.49,16.6
2016,2016-10-29,Middlesbrough,Bournemouth,2.5,3.2,3.2,,,,2.6,3.24,3.3,2.49,3.13,3.1
2016,2016-10-29,Sunderland,Arsenal,9.0,5.0,1.4,,,,9.0,5.25,1.46,7.88,4.94,1.4
2016,2016-10-29,Tottenham Hotspur,Leicester City,1.62,4.2,6.0,,,,1.68,4.24,6.03,1.63,3.99,5.63
2016,2016-10-29,Watford,Hull City,1.75,3.75,5.25,,,,1.81,3.82,5.6,1.75,3.64,5.16
2016,2016-10-29,West Bromwich Albion,Manchester City,8.0,4.75,1.44,,,,8.5,4.75,1.54,7.45,4.5,1.46
2016,2016-10-30,Everton,West Ham United,1.8,3.8,4.75,,,,1.86,4.01,4.8,1.79,3.81,4.52
2016,2016-10-30,Southampton,Chelsea,3.2,3.4,2.4,,,,3.3,3.45,2.48,3.1,3.33,2.39
2016,2016-10-31,Stoke City,Swansea City,2.05,3.6,3.8,,,,2.16,3.65,4.1,2.04,3.5,3.72
2016,2016-11-05,Bournemouth,Sunderland,1.65,4.2,5.5,,,,1.7,4.33,5.9,1.62,4.05,5.59
2016,2016-11-05,Burnley,Crystal Palace,3.3,3.3,2.38,,,,3.5,3.37,2.4,3.32,3.25,2.31
2016,2016-11-05,Chelsea,Everton,1.53,4.33,7.0,,,,1.64,4.5,7.0,1.56,4.22,6.23
2016,2016-11-05,Manchester City,Middlesbrough,1.22,7.0,15.0,,,,1.27,7.35,17.0,1.22,6.6,14.35
2016,2016-11-05,West Ham United,Stoke City,2.0,3.6,4.0,,,,2.05,3.68,4.2,2.0,3.52,3.87
2016,2016-11-06,Arsenal,Tottenham Hotspur,1.95,3.6,4.2,,,,2.03,3.71,4.4,1.94,3.53,4.11
2016,2016-11-06,Hull City,Southampton,5.75,3.8,1.7,,,,5.75,3.9,1.81,5.46,3.71,1.7
2016,2016-11-06,Leicester City,West Bromwich Albion,1.8,3.6,5.25,,,,1.85,3.75,5.49,1.78,3.55,5.11
2016,2016-11-06,Liverpool,Watford,1.29,6.0,12.0,,,,1.37,6.4,13.0,1.28,5.9,11.25
2016,2016-11-06,Swansea City,Manchester United,5.0,4.0,1.73,,,,5.3,4.2,1.81,4.82,3.87,1.74
2016,2016-11-19,Crystal Palace,Manchester City,6.5,4.5,1.53,,,,6.6,4.62,1.6,6.09,4.38,1.54
2016,2016-11-19,Everton,Swansea City,1.6,4.33,6.0,,,,1.63,4.4,6.52,1.58,4.17,5.98
2016,2016-11-19,Manchester United,Arsenal,2.6,3.4,2.9,,,,2.72,3.47,3.0,2.54,3.26,2.92
2016,2016-11-19,Southampton,Liverpool,3.4,3.6,2.2,,,,3.8,3.67,2.35,3.33,3.46,2.21
2016,2016-11-19,Stoke City,Bournemouth,2.3,3.4,3.4,,,,2.33,3.65,3.5,2.25,3.38,3.34
2016,2016-11-19,Sunderland,Hull City,2.15,3.4,3.8,,,,2.2,3.49,4.03,2.11,3.29,3.79
2016,2016-11-19,Tottenham Hotspur,West Ham United,1.5,4.5,7.5,,,,1.65,4.61,7.52,1.5,4.4,6.85
2016,2016-11-19,Watford,Leicester City,2.8,3.3,2.75,,,,2.91,3.46,2.85,2.8,3.24,2.67
2016,2016-11-20,Middlesbrough,Chelsea,7.0,4.0,1.57,,,,7.05,4.31,1.61,6.43,4.11,1.56
2016,2016-11-21,West Bromwich Albion,Burnley,1.95,3.4,4.5,,,,2.04,3.5,4.93,1.92,3.33,4.46
2016,2016-11-26,Burnley,Manchester City,9.0,6.0,1.33,,,,10.5,6.17,1.36,9.52,5.83,1.31
2016,2016-11-26,Chelsea,Tottenham Hotspur,1.75,3.8,5.25,,,,1.8,4.01,5.25,1.76,3.76,4.85
2016,2016-11-26,Hull City,West Bromwich Albion,3.1,3.2,2.6,,,,3.3,3.25,2.64,3.1,3.13,2.5
2016,2016-11-26,Leicester City,Middlesbrough,1.91,3.6,4.5,,,,1.94,3.65,4.8,1.88,3.52,4.45
2016,2016-11-26,Liverpool,Sunderland,1.17,8.5,19.0,,,,1.21,9.0,19.0,1.17,7.85,16.08
2016,2016-11-26,Swansea City,Crystal Palace,2.63,3.4,2.88,,,,2.7,3.44,2.96,2.61,3.27,2.83
2016,2016-11-27,Arsenal,Bournemouth,1.4,5.0,9.0,,,,1.47,5.3,9.0,1.42,4.83,7.8
2016,2016-11-27,Manchester United,West Ham United,1.45,4.75,8.0,,,,1.52,4.9,8.0,1.48,4.48,7.07
2016,2016-11-27,Southampton,Everton,2.2,3.4,3.6,,,,2.24,3.5,3.85,2.15,3.35,3.6
2016,2016-11-27,Watford,Stoke City,2.4,3.3,3.3,,,,2.45,3.4,3.32,2.38,3.26,3.16
2016,2016-12-03,Crystal Palace,Southampton,3.5,3.3,2.3,,,,3.58,3.41,2.4,3.38,3.3,2.25
2016,2016-12-03,Manchester City,Chelsea,2.15,3.6,3.6,,,,2.2,3.65,3.8,2.12,3.49,3.51
2016,2016-12-03,Stoke City,Burnley,1.62,4.0,6.5,,,,1.7,4.12,6.5,1.62,3.92,5.92
2016,2016-12-03,Sunderland,Leicester City,3.4,3.4,2.3,,,,3.4,3.5,2.4,3.26,3.35,2.28
2016,2016-12-03,Tottenham Hotspur,Swansea City,1.36,5.5,9.0,,,,1.39,5.5,10.0,1.35,5.15,9.23
2016,2016-12-03,West Bromwich Albion,Watford,2.2,3.3,3.75,,,,2.21,3.4,3.89,2.16,3.27,3.65
2016,2016-12-03,West Ham United,Arsenal,4.75,4.2,1.75,,,,5.1,4.2,1.77,4.79,3.93,1.73
2016,2016-12-04,Bournemouth,Liverpool,5.0,4.0,1.75,,,,5.0,4.2,1.8,4.59,3.89,1.76
2016,2016-12-04,Everton,Manchester United,3.6,3.5,2.15,,,,3.8,3.5,2.2,3.59,3.4,2.13
2016,2016-12-05,Middlesbrough,Hull City,1.83,3.5,5.25,,,,1.85,3.6,5.7,1.79,3.47,5.09
2016,2016-12-10,Arsenal,Stoke City,1.35,5.5,9.5,,,,1.41,5.55,10.0,1.36,5.19,8.83
2016,2016-12-10,Burnley,Bournemouth,3.5,3.5,2.2,,,,3.5,3.5,2.4,3.36,3.37,2.24
2016,2016-12-10,Hull City,Crystal Palace,3.5,3.3,2.3,,,,3.5,3.4,2.5,3.33,3.29,2.29
2016,2016-12-10,Leicester City,Manchester City,5.25,4.0,1.7,,,,5.28,4.25,1.76,4.99,3.95,1.7
2016,2016-12-10,Swansea City,Sunderland,2.15,3.5,3.6,,,,2.23,3.57,3.7,2.13,3.45,3.55
2016,2016-12-10,Watford,Everton,3.1,3.4,2.45,,,,3.15,3.4,2.54,3.06,3.28,2.44
2016,2016-12-11,Chelsea,West Bromwich Albion,1.25,6.25,15.0,,,,1.32,6.25,15.0,1.27,5.84,12.53
2016,2016-12-11,Liverpool,West Ham United,1.3,6.0,11.0,,,,1.35,6.4,12.0,1.29,5.9,10.37
2016,2016-12-11,Manchester United,Tottenham Hotspur,2.2,3.4,3.6,,,,2.25,3.42,3.65,2.2,3.32,3.49
2016,2016-12-11,Southampton,Middlesbrough,1.7,3.7,6.0,,,,1.76,3.8,6.42,1.69,3.61,5.83
2016,2016-12-13,Bournemouth,Leicester City,2.4,3.4,3.2,,,,2.55,3.55,3.2,2.41,3.4,3.04
2016,2016-12-13,Everton,Arsenal,4.2,3.75,1.91,,,,4.36,3.85,1.98,4.11,3.7,1.91
2016,2016-12-14,Crystal Palace,Manchester United,5.25,4.0,1.7,,,,5.56,4.2,1.75,5.19,3.94,1.68
2016,2016-12-14,Manchester City,Watford,1.29,6.5,11.0,,,,1.3,6.65,13.37,1.26,6.26,11.65
2016,2016-12-14,Middlesbrough,Liverpool,6.0,4.33,1.6,,,,6.48,4.33,1.64,5.99,4.13,1.58
2016,2016-12-14,Stoke City,Southampton,3.1,3.3,2.5,,,,3.3,3.3,2.6,3.15,3.2,2.43
2016,2016-12-14,Sunderland,Chelsea,10.0,5.75,1.33,,,,10.5,5.8,1.37,9.49,5.43,1.33
2016,2016-12-14,Tottenham Hotspur,Hull City,1.22,7.0,15.0,,,,1.27,7.0,15.85,1.23,6.33,13.83
2016,2016-12-14,West Bromwich Albion,Swansea City,2.05,3.5,4.0,,,,2.1,3.55,4.04,2.04,3.42,3.87
2016,2016-12-14,West Ham United,Burnley,1.67,4.0,5.75,,,,1.71,4.16,5.85,1.64,3.97,5.52
2016,2016-12-17,Crystal Palace,Chelsea,6.5,4.2,1.57,,,,6.5,4.3,1.71,5.82,4.09,1.6
2016,2016-12-17,Middlesbrough,Swansea City,2.1,3.4,4.0,,,,2.15,3.43,4.1,2.07,3.36,3.83
2016,2016-12-17,Stoke City,Leicester City,2.6,3.4,2.9,,,,2.67,3.5,2.98,2.55,3.3,2.89
2016,2016-12-17,Sunderland,Watford,2.63,3.3,2.9,,,,2.7,3.35,3.0,2.6,3.21,2.9
2016,2016-12-17,West Bromwich Albion,Manchester United,5.75,3.8,1.7,,,,5.75,4.0,1.76,5.38,3.68,1.72
2016,2016-12-17,West Ham United,Hull City,1.62,4.1,6.0,,,,1.72,4.15,6.14,1.65,3.93,5.61
2016,2016-12-18,Bournemouth,Southampton,3.0,3.3,2.6,,,,3.05,3.35,2.75,2.91,3.21,2.6
2016,2016-12-18,Manchester City,Arsenal,2.15,3.6,3.5,,,,2.25,3.74,3.7,2.13,3.54,3.48
2016,2016-12-18,Tottenham Hotspur,Burnley,1.22,7.0,15.0,,,,1.25,7.5,17.33,1.21,6.73,14.84
2016,2016-12-19,Everton,Liverpool,4.2,3.6,1.95,,,,4.3,3.85,2.0,4.12,3.61,1.91
2016,2016-12-26,Arsenal,West Bromwich Albion,1.33,5.5,8.5,,,,1.4,5.75,11.0,1.34,5.31,9.47
2016,2016-12-26,Burnley,Middlesbrough,2.9,3.1,2.6,,,,3.1,3.2,2.72,2.97,3.1,2.61
2016,2016-12-26,Chelsea,Bournemouth,1.36,5.0,8.5,,,,1.42,5.5,9.91,1.38,4.85,8.69
2016,2016-12-26,Hull City,Manchester City,10.0,5.5,1.3,,,,11.5,6.0,1.36,9.42,5.56,1.32
2016,2016-12-26,Leicester City,Everton,2.5,3.3,2.9,,,,2.64,3.5,3.15,2.5,3.32,2.93
2016,2016-12-26,Manchester United,Sunderland,1.22,6.5,13.0,,,,1.25,7.25,17.0,1.22,6.48,14.79
2016,2016-12-26,Swansea City,West Ham United,2.63,3.2,2.8,,,,2.75,3.55,2.85,2.63,3.34,2.75
2016,2016-12-26,Watford,Crystal Palace,2.5,3.3,2.9,,,,2.57,3.4,3.15,2.47,3.28,3.0
2016,2016-12-27,Liverpool,Stoke City,1.3,5.5,10.0,,,,1.34,6.25,12.0,1.29,5.76,10.49
2016,2016-12-28,Southampton,Tottenham Hotspur,2.8,3.25,2.6,,,,3.01,3.4,2.68,2.89,3.24,2.57
2016,2016-12-30,Hull City,Everton,4.33,3.5,1.95,,,,4.36,3.5,2.04,4.2,3.4,1.98
2016,2016-12-31,Burnley,Sunderland,2.4,3.25,3.3,,,,2.45,3.4,3.41,2.38,3.24,3.24
2016,2016-12-31,Chelsea,Stoke City,1.25,6.5,14.0,,,,1.31,6.5,14.86,1.27,5.84,12.21
2016,2016-12-31,Leicester City,West Ham United,2.1,3.6,3.7,,,,2.14,3.65,3.9,2.07,3.53,3.66
2016,2016-12-31,Liverpool,Manchester City,2.35,3.6,3.1,,,,2.45,3.62,3.18,2.35,3.48,3.05
2016,2016-12-31,Manchester United,Middlesbrough,1.25,6.0,16.0,,,,1.29,6.5,17.5,1.25,5.85,14.97
2016,2016-12-31,Southampton,West Bromwich Albion,1.75,3.7,5.5,,,,1.81,3.7,5.6,1.76,3.52,5.31
2016,2016-12-31,Swansea City,Bournemouth,2.9,3.4,2.6,,,,2.95,3.5,2.65,2.82,3.39,2.56
2016,2017-01-01,Arsenal,Crystal Palace,1.29,5.5,9.5,,,,1.36,5.75,10.5,1.33,5.45,9.57
2016,2017-01-01,Watford,Tottenham Hotspur,5.5,3.75,1.62,,,,6.0,4.0,1.73,5.49,3.8,1.67
2016,2017-01-02,Everton,Southampton,2.2,3.4,3.6,,,,2.32,3.42,3.6,2.23,3.3,3.45
2016,2017-01-02,Manchester City,Burnley,1.17,8.5,19.0,,,,1.2,9.15,21.79,1.16,8.07,17.76
2016,2017-01-02,Middlesbrough,Leicester City,2.75,3.2,2.88,,,,2.85,3.2,2.95,2.73,3.1,2.85
2016,2017-01-02,Sunderland,Liverpool,11.0,5.5,1.33,,,,11.0,5.6,1.4,9.41,5.26,1.34
2016,2017-01-02,West Bromwich Albion,Hull City,1.75,3.7,5.5,,,,1.8,3.8,5.65,1.75,3.57,5.25
2016,2017-01-02,West Ham United,Manchester United,6.0,4.0,1.65,,,,6.0,4.15,1.7,5.56,3.95,1.64
2016,2017-01-03,Bournemouth,Arsenal,4.33,3.4,1.85,,,,5.0,3.9,1.87,4.44,3.72,1.82
2016,2017-01-03,Crystal Palace,Swansea City,1.75,3.5,4.75,,,,1.86,3.9,5.0,1.79,3.63,4.78
2016,2017-01-03,Stoke City,Watford,1.8,3.5,4.5,,,,2.0,3.7,4.8,1.88,3.51,4.37
2016,2017-01-04,Tottenham Hotspur,Chelsea,2.63,3.25,2.63,,,,3.15,3.45,2.77,2.78,3.28,2.64
2016,2017-01-14,Burnley,Southampton,3.6,3.4,2.2,,,,3.75,3.4,2.31,3.56,3.29,2.2
2016,2017-01-14,Hull City,Bournemouth,3.3,3.5,2.3,,,,3.35,3.62,2.36,3.24,3.45,2.27
2016,2017-01-14,Leicester City,Chelsea,6.0,4.1,1.62,,,,6.2,4.1,1.74,5.78,3.87,1.64
2016,2017-01-14,Sunderland,Stoke City,3.1,3.3,2.5,,,,3.12,3.45,2.65,3.0,3.34,2.46
2016,2017-01-14,Swansea City,Arsenal,7.0,4.75,1.5,,,,7.0,4.95,1.57,6.38,4.55,1.51
2016,2017-01-14,Tottenham Hotspur,West Bromwich Albion,1.33,5.5,11.0,,,,1.38,5.55,12.75,1.32,5.23,11.25
2016,2017-01-14,Watford,Middlesbrough,2.5,3.2,3.2,,,,2.56,3.3,3.3,2.49,3.1,3.16
2016,2017-01-14,West Ham United,Crystal Palace,2.38,3.4,3.2,,,,2.46,3.43,3.3,2.38,3.33,3.13
2016,2017-01-15,Everton,Manchester City,4.5,4.0,1.8,,,,4.6,4.0,1.9,4.39,3.8,1.82
2016,2017-01-15,Manchester United,Liverpool,2.15,3.4,3.75,,,,2.22,3.46,3.88,2.14,3.33,3.67
2016,2017-01-21,Bournemouth,Watford,1.83,3.75,4.75,,,,1.9,3.8,4.8,1.84,3.64,4.52
2016,2017-01-21,Crystal Palace,Everton,3.25,3.4,2.38,,,,3.3,3.45,2.46,3.12,3.35,2.37
2016,2017-01-21,Liverpool,Swansea City,1.22,7.0,15.0,,,,1.25,7.73,15.25,1.22,6.9,13.56
2016,2017-01-21,Manchester City,Tottenham Hotspur,2.15,3.5,3.6,,,,2.18,3.59,3.75,2.12,3.45,3.59
2016,2017-01-21,Middlesbrough,West Ham United,2.5,3.2,3.25,,,,2.58,3.25,3.33,2.45,3.16,3.17
2016,2017-01-21,Stoke City,Manchester United,6.0,4.2,1.6,,,,6.25,4.2,1.65,5.84,3.99,1.62
2016,2017-01-21,West Bromwich Albion,Sunderland,1.7,3.8,5.75,,,,1.72,4.05,6.03,1.68,3.8,5.49
2016,2017-01-22,Arsenal,Burnley,1.2,7.5,17.0,,,,1.22,7.5,18.0,1.2,7.02,15.09
2016,2017-01-22,Chelsea,Hull City,1.18,8.0,19.0,,,,1.2,8.5,21.0,1.17,7.61,17.48
2016,2017-01-22,Southampton,Leicester City,1.83,3.5,5.25,,,,2.0,3.6,5.35,1.83,3.46,4.9
2016,2017-01-31,Arsenal,Watford,1.22,7.0,15.0,,,,1.26,7.0,15.5,1.23,6.51,13.3
2016,2017-01-31,Bournemouth,Crystal Palace,2.05,3.5,3.9,,,,2.18,3.57,3.92,2.09,3.46,3.69
2016,2017-01-31,Burnley,Leicester City,2.9,3.25,2.7,,,,2.94,3.3,2.76,2.85,3.2,2.67
2016,2017-01-31,Liverpool,Chelsea,2.65,3.25,2.9,,,,2.7,3.33,3.05,2.6,3.24,2.92
2016,2017-01-31,Middlesbrough,West Bromwich Albion,2.7,3.1,3.0,,,,2.77,3.15,3.1,2.68,3.02,2.99
2016,2017-01-31,Sunderland,Tottenham Hotspur,9.5,5.25,1.36,,,,10.0,5.65,1.4,8.95,5.24,1.36
2016,2017-01-31,Swansea City,Southampton,3.4,3.4,2.3,,,,3.4,3.42,2.41,3.24,3.33,2.32
2016,2017-02-01,Manchester United,Hull City,1.2,7.5,17.0,,,,1.2,8.2,23.0,1.18,7.37,17.0
2016,2017-02-01,Stoke City,Everton,2.88,3.4,2.63,,,,2.9,3.42,2.74,2.82,3.31,2.61
2016,2017-02-01,West Ham United,Manchester City,6.0,4.5,1.57,,,,6.0,4.66,1.65,5.68,4.38,1.57
2016,2017-02-04,Chelsea,Arsenal,1.95,3.6,4.2,,,,2.1,3.73,4.42,1.95,3.53,4.13
2016,2017-02-04,Crystal Palace,Sunderland,1.7,3.9,5.5,,,,1.75,4.0,5.75,1.69,3.82,5.37
2016,2017-02-04,Everton,Bournemouth,1.7,4.0,5.25,,,,1.79,4.0,5.55,1.71,3.86,5.07
2016,2017-02-04,Hull City,Liverpool,8.0,4.75,1.45,,,,8.0,4.76,1.55,7.42,4.47,1.47
2016,2017-02-04,Southampton,West Ham United,1.85,3.75,4.5,,,,1.92,3.75,4.84,1.84,3.59,4.58
2016,2017-02-04,Tottenham Hotspur,Middlesbrough,1.29,6.0,13.0,,,,1.3,6.14,14.5,1.27,5.76,12.9
2016,2017-02-04,Watford,Burnley,2.15,3.3,3.9,,,,2.18,3.4,4.1,2.12,3.26,3.83
2016,2017-02-04,West Bromwich Albion,Stoke City,2.3,3.25,3.5,,,,2.41,3.3,3.6,2.31,3.22,3.39
2016,2017-02-05,Leicester City,Manchester United,5.75,4.0,1.65,,,,5.95,4.0,1.74,5.58,3.8,1.68
2016,2017-02-05,Manchester City,Swansea City,1.22,7.0,15.0,,,,1.25,7.55,15.0,1.22,6.9,13.58
2016,2017-02-11,Arsenal,Hull City,1.29,6.0,13.0,,,,1.31,6.35,13.0,1.28,5.92,11.24
2016,2017-02-11,Liverpool,Tottenham Hotspur,2.3,3.4,3.4,,,,2.35,3.45,3.61,2.24,3.34,3.41
2016,2017-02-11,Manchester United,Watford,1.25,6.5,14.0,,,,1.27,6.74,15.0,1.25,6.19,12.92
2016,2017-02-11,Middlesbrough,Everton,3.9,3.3,2.15,,,,3.9,3.37,2.22,3.7,3.28,2.15
2016,2017-02-11,Stoke City,Crystal Palace,2.15,3.3,3.9,,,,2.19,3.42,3.95,2.1,3.36,3.73
2016,2017-02-11,Sunderland,Southampton,3.9,3.4,2.1,,,,3.95,3.54,2.2,3.76,3.43,2.06
2016,2017-02-11,West Ham United,West Bromwich Albion,2.25,3.3,3.6,,,,2.33,3.4,3.75,2.22,3.26,3.52
2016,2017-02-12,Burnley,Chelsea,9.0,5.0,1.4,,,,9.11,5.0,1.46,8.28,4.61,1.42
2016,2017-02-12,Swansea City,Leicester City,2.4,3.3,3.25,,,,2.52,3.32,3.25,2.41,3.26,3.13
2016,2017-02-13,Bournemouth,Manchester City,7.5,5.0,1.44,,,,7.53,5.05,1.5,6.91,4.76,1.45
2016,2017-02-25,Chelsea,Swansea City,1.25,6.5,15.0,,,,1.28,6.74,15.0,1.25,6.18,12.92
2016,2017-02-25,Crystal Palace,Middlesbrough,2.1,3.2,4.2,,,,2.16,3.4,4.37,2.1,3.12,4.08
2016,2017-02-25,Everton,Sunderland,1.4,5.25,8.5,,,,1.45,5.25,8.92,1.4,4.97,7.87
2016,2017-02-25,Hull City,Burnley,2.15,3.3,3.9,,,,2.25,3.35,3.92,2.16,3.22,3.74
2016,2017-02-25,Watford,West Ham United,2.63,3.3,2.9,,,,2.68,3.32,3.0,2.57,3.22,2.91
2016,2017-02-25,West Bromwich Albion,Bournemouth,2.1,3.4,4.0,,,,2.11,3.5,4.1,2.07,3.39,3.81
2016,2017-02-26,Tottenham Hotspur,Stoke City,1.44,5.0,7.5,,,,1.45,5.1,9.0,1.42,4.79,7.82
2016,2017-02-27,Leicester City,Liverpool,5.5,4.2,1.65,,,,6.0,4.27,1.7,5.66,4.04,1.62
2016,2017-03-04,Leicester City,Hull City,1.85,3.6,4.75,,,,1.91,3.8,5.0,1.85,3.56,4.62
2016,2017-03-04,Liverpool,Arsenal,2.15,3.6,3.6,,,,2.2,3.62,3.8,2.11,3.51,3.56
2016,2017-03-04,Manchester United,Bournemouth,1.25,6.5,15.0,,,,1.28,6.55,17.35,1.25,6.15,12.85
2016,2017-03-04,Stoke City,Middlesbrough,1.95,3.4,4.5,,,,2.06,3.4,4.76,1.95,3.32,4.43
2016,2017-03-04,Swansea City,Burnley,2.0,3.5,4.2,,,,2.11,3.5,4.3,2.01,3.36,4.07
2016,2017-03-04,Watford,Southampton,3.6,3.4,2.2,,,,3.7,3.4,2.33,3.51,3.28,2.22
2016,2017-03-04,West Bromwich Albion,Crystal Palace,2.2,3.3,3.8,,,,2.28,3.4,3.87,2.19,3.21,3.68
2016,2017-03-05,Sunderland,Manchester City,11.0,6.5,1.29,,,,12.0,6.5,1.33,10.54,5.99,1.29
2016,2017-03-05,Tottenham Hotspur,Everton,1.67,4.2,5.25,,,,1.7,4.2,5.88,1.63,4.01,5.58
2016,2017-03-06,West Ham United,Chelsea,6.0,4.1,1.62,,,,6.2,4.3,1.67,5.74,4.02,1.62
2016,2017-03-08,Manchester City,Stoke City,1.25,6.5,15.0,,,,1.27,7.35,15.0,1.23,6.49,12.73
2016,2017-03-11,Bournemouth,West Ham United,2.6,3.5,2.8,,,,2.7,3.55,2.88,2.59,3.38,2.78
2016,2017-03-11,Everton,West Bromwich Albion,1.67,3.8,6.0,,,,1.7,3.97,6.0,1.67,3.81,5.61
2016,2017-03-11,Hull City,Swansea City,2.55,3.3,3.0,,,,2.64,3.35,3.1,2.52,3.26,2.97
2016,2017-03-12,Liverpool,Burnley,1.25,6.5,14.0,,,,1.26,6.75,15.0,1.24,6.3,13.23
2016,2017-03-18,Bournemouth,Swansea City,2.15,3.5,3.6,,,,2.3,3.52,3.7,2.16,3.41,3.5
2016,2017-03-18,Crystal Palace,Watford,1.91,3.5,4.75,,,,2.0,3.57,4.75,1.92,3.42,4.39
2016,2017-03-18,Everton,Hull City,1.53,4.33,7.0,,,,1.54,4.5,7.53,1.51,4.25,6.81
2016,2017-03-18,Stoke City,Chelsea,6.5,4.0,1.62,,,,6.74,4.2,1.66,6.13,3.94,1.6
2016,2017-03-18,Sunderland,Burnley,2.55,3.3,3.0,,,,2.62,3.32,3.1,2.54,3.22,2.95
2016,2017-03-18,West Bromwich Albion,Arsenal,5.25,4.0,1.73,,,,5.5,4.06,1.76,5.09,3.84,1.71
2016,2017-03-18,West Ham United,Leicester City,2.3,3.5,3.3,,,,2.38,3.5,3.41,2.3,3.39,3.2
2016,2017-03-19,Manchester City,Liverpool,2.0,3.75,3.8,,,,2.03,3.82,4.1,1.97,3.65,3.82
2016,2017-03-19,Middlesbrough,Manchester United,6.0,3.7,1.7,,,,6.3,3.9,1.75,5.69,3.67,1.68
2016,2017-03-19,Tottenham Hotspur,Southampton,1.73,3.8,5.5,,,,1.75,4.0,5.9,1.7,3.81,5.26
2016,2017-04-01,Burnley,Tottenham Hotspur,5.75,3.8,1.7,,,,6.07,3.95,1.75,5.5,3.78,1.68
2016,2017-04-01,Chelsea,Crystal Palace,1.3,5.75,12.0,,,,1.31,6.0,13.87,1.28,5.54,12.13
2016,2017-04-01,Hull City,West Ham United,2.45,3.4,3.1,,,,2.56,3.5,3.1,2.45,3.33,2.98
2016,2017-04-01,Leicester City,Stoke City,2.05,3.5,4.0,,,,2.1,3.55,4.1,2.04,3.44,3.83
2016,2017-04-01,Liverpool,Everton,1.73,3.9,5.25,,,,1.75,4.15,5.35,1.7,3.94,4.99
2016,2017-04-01,Manchester United,West Bromwich Albion,1.36,5.0,11.0,,,,1.4,5.5,11.0,1.36,4.9,9.83
2016,2017-04-01,Southampton,Bournemouth,1.65,4.0,6.0,,,,1.69,4.2,6.0,1.64,3.99,5.52
2016,2017-04-01,Watford,Sunderland,1.85,3.6,4.75,,,,1.91,3.67,4.86,1.84,3.56,4.57
2016,2017-04-02,Arsenal,Manchester City,3.1,3.75,2.3,,,,3.25,3.82,2.41,3.08,3.62,2.26
2016,2017-04-02,Swansea City,Middlesbrough,2.0,3.4,4.33,,,,2.06,3.5,4.5,1.97,3.39,4.2
2016,2017-04-04,Burnley,Stoke City,2.5,3.1,3.3,,,,2.55,3.3,3.42,2.45,3.1,3.23
2016,2017-04-04,Leicester City,Sunderland,1.45,4.5,8.5,,,,1.5,4.7,8.92,1.45,4.5,7.85
2016,2017-04-04,Manchester United,Everton,1.57,4.2,6.5,,,,1.61,4.3,6.8,1.57,4.11,6.32
2016,2017-04-04,Watford,West Bromwich Albion,2.5,3.2,3.2,,,,2.56,3.3,3.3,2.49,3.14,3.13
2016,2017-04-05,Arsenal,West Ham United,1.4,5.25,8.0,,,,1.43,5.35,8.72,1.39,5.11,7.7
2016,2017-04-05,Chelsea,Manchester City,2.4,3.5,3.1,,,,2.45,3.56,3.3,2.37,3.41,3.05
2016,2017-04-05,Hull City,Middlesbrough,2.05,3.3,4.2,,,,2.2,3.5,4.3,2.05,3.27,4.04
2016,2017-04-05,Liverpool,Bournemouth,1.36,5.25,9.5,,,,1.43,5.5,9.5,1.38,5.1,8.25
2016,2017-04-05,Southampton,Crystal Palace,1.83,3.7,4.75,,,,1.91,3.7,4.86,1.83,3.56,4.67
2016,2017-04-05,Swansea City,Tottenham Hotspur,5.0,4.0,1.73,,,,5.35,4.0,1.8,5.04,3.82,1.72
2016,2017-04-08,Bournemouth,Chelsea,6.5,4.0,1.6,,,,6.74,4.3,1.63,6.2,4.02,1.58
2016,2017-04-08,Manchester City,Hull City,1.2,7.5,17.0,,,,1.22,7.6,18.32,1.2,7.13,14.5
2016,2017-04-08,Middlesbrough,Burnley,2.45,3.1,3.4,,,,2.5,3.3,3.45,2.42,3.12,3.24
2016,2017-04-08,Stoke City,Liverpool,4.0,3.75,1.95,,,,4.4,3.8,2.02,4.0,3.61,1.94
2016,2017-04-08,Tottenham Hotspur,Watford,1.25,6.5,15.0,,,,1.3,6.74,18.0,1.24,6.1,13.34
2016,2017-04-08,West Bromwich Albion,Southampton,3.0,3.3,2.55,,,,3.2,3.31,2.63,3.0,3.2,2.5
2016,2017-04-08,West Ham United,Swansea City,2.1,3.6,3.7,,,,2.17,3.62,3.92,2.09,3.47,3.61
2016,2017-04-09,Everton,Leicester City,1.75,3.9,5.0,,,,1.79,3.98,5.35,1.73,3.78,4.95
2016,2017-04-09,Sunderland,Manchester United,10.0,5.25,1.36,,,,11.0,5.32,1.4,9.93,5.01,1.34
2016,2017-04-10,Crystal Palace,Arsenal,4.5,3.9,1.83,,,,5.0,4.0,1.85,4.33,3.8,1.81
2016,2017-04-15,Crystal Palace,Leicester City,1.73,3.6,4.75,,,,1.84,3.85,5.2,1.77,3.7,4.76
2016,2017-04-15,Everton,Burnley,1.4,4.5,8.0,,,,1.48,4.82,8.67,1.44,4.49,7.81
2016,2017-04-15,Southampton,Manchester City,4.33,4.0,1.73,,,,5.0,4.1,1.82,4.45,3.91,1.77
2016,2017-04-15,Stoke City,Hull City,1.95,3.3,4.0,,,,2.04,3.54,4.35,1.97,3.4,4.1
2016,2017-04-15,Sunderland,West Ham United,3.3,3.25,2.2,,,,3.36,3.54,2.36,3.17,3.4,2.29
2016,2017-04-15,Tottenham Hotspur,Bournemouth,1.25,6.0,10.0,,,,1.3,6.67,12.45,1.26,6.14,10.98
2016,2017-04-15,Watford,Swansea City,2.4,3.3,2.9,,,,2.58,3.4,3.12,2.48,3.23,2.98
2016,2017-04-16,Manchester United,Chelsea,2.55,3.2,2.8,,,,2.82,3.3,3.0,2.63,3.15,2.87
2016,2017-04-16,West Bromwich Albion,Liverpool,4.0,3.8,1.8,,,,4.5,3.8,1.93,4.29,3.6,1.87
2016,2017-04-17,Middlesbrough,Arsenal,7.0,4.0,1.5,,,,7.0,4.5,1.57,6.33,4.25,1.53
2016,2017-04-22,Bournemouth,Middlesbrough,1.85,3.75,4.5,,,,1.93,3.8,4.5,1.86,3.66,4.28
2016,2017-04-22,Hull City,Watford,1.91,3.7,4.33,,,,1.95,3.75,4.5,1.9,3.55,4.23
2016,2017-04-22,Swansea City,Stoke City,2.2,3.4,3.6,,,,2.26,3.53,3.68,2.18,3.34,3.5
2016,2017-04-22,West Ham United,Everton,3.3,3.6,2.25,,,,3.5,3.68,2.31,3.23,3.51,2.22
2016,2017-04-23,Burnley,Manchester United,5.75,4.0,1.67,,,,6.25,4.0,1.71,5.66,3.76,1.66
2016,2017-04-23,Liverpool,Crystal Palace,1.5,4.75,7.0,,,,1.51,4.91,7.5,1.49,4.55,6.69
2016,2017-04-25,Chelsea,Southampton,1.45,4.6,8.5,,,,1.5,4.75,9.0,1.44,4.56,8.02
2016,2017-04-26,Arsenal,Leicester City,1.6,4.5,5.75,,,,1.64,4.55,6.0,1.6,4.35,5.38
2016,2017-04-26,Crystal Palace,Tottenham Hotspur,5.5,4.2,1.65,,,,5.8,4.25,1.7,5.41,4.07,1.64
2016,2017-04-26,Middlesbrough,Sunderland,2.3,3.4,3.4,,,,2.3,3.45,3.58,2.22,3.37,3.4
2016,2017-04-27,Manchester City,Manchester United,1.91,3.75,4.2,,,,1.94,3.8,4.5,1.88,3.67,4.24
2016,2017-04-29,Crystal Palace,Burnley,1.75,3.5,4.75,,,,1.85,3.75,5.1,1.8,3.56,4.81
2016,2017-04-29,Southampton,Hull City,1.6,3.75,5.75,,,,1.72,4.06,5.77,1.66,3.91,5.38
2016,2017-04-29,Stoke City,West Ham United,2.0,3.5,3.6,,,,2.16,3.5,4.0,2.09,3.42,3.61
2016,2017-04-29,Sunderland,Bournemouth,3.0,3.4,2.3,,,,3.05,3.6,2.5,2.95,3.48,2.39
2016,2017-04-29,West Bromwich Albion,Leicester City,2.4,3.5,2.75,,,,2.6,3.5,2.98,2.5,3.35,2.86
2016,2017-04-30,Everton,Chelsea,3.5,3.6,2.0,,,,3.9,3.7,2.1,3.68,3.53,2.03
2016,2017-04-30,Manchester United,Swansea City,1.36,4.75,8.0,,,,1.43,5.5,10.06,1.37,4.85,8.93
2016,2017-04-30,Middlesbrough,Manchester City,13.0,5.25,1.25,,,,13.0,6.0,1.33,10.68,5.57,1.29
2016,2017-04-30,Tottenham Hotspur,Arsenal,1.85,3.75,4.0,,,,1.95,4.0,4.16,1.88,3.81,3.93
2016,2017-05-01,Watford,Liverpool,5.75,4.5,1.5,,,,6.62,4.5,1.62,6.09,4.24,1.55
2016,2017-05-05,West Ham United,Tottenham Hotspur,8.5,5.25,1.4,,,,9.4,5.5,1.42,8.54,5.11,1.37
2016,2017-05-06,Bournemouth,Stoke City,2.25,3.6,3.3,,,,2.25,3.6,3.5,2.2,3.47,3.32
2016,2017-05-06,Burnley,West Bromwich Albion,2.25,3.3,3.6,,,,2.31,3.5,4.1,2.24,3.19,3.52
2016,2017-05-06,Hull City,Sunderland,1.44,4.75,8.0,,,,1.51,4.75,8.0,1.45,4.53,7.32
2016,2017-05-06,Leicester City,Watford,1.57,4.2,6.5,,,,1.61,4.25,7.0,1.58,4.02,6.25
2016,2017-05-06,Manchester City,Crystal Palace,1.29,6.5,11.0,,,,1.3,6.8,12.0,1.27,6.22,10.52
2016,2017-05-06,Swansea City,Everton,2.8,3.5,2.63,,,,2.82,3.5,2.7,2.76,3.38,2.6
2016,2017-05-07,Arsenal,Manchester United,1.91,3.7,4.33,,,,2.1,3.75,4.33,1.92,3.61,4.11
2016,2017-05-07,Liverpool,Southampton,1.62,4.2,6.0,,,,1.62,4.33,6.5,1.59,4.13,5.79
2016,2017-05-08,Chelsea,Middlesbrough,1.17,9.0,19.0,,,,1.19,9.17,23.0,1.16,7.94,18.77
2016,2017-05-10,Southampton,Arsenal,3.6,3.8,2.05,,,,3.75,3.8,2.1,3.58,3.64,2.04
2016,2017-05-12,Everton,Watford,1.5,4.5,7.5,,,,1.5,4.8,8.05,1.45,4.57,7.39
2016,2017-05-12,West Bromwich Albion,Chelsea,10.0,5.25,1.36,,,,10.0,5.5,1.41,9.46,4.94,1.36
2016,2017-05-13,Bournemouth,Burnley,1.91,3.75,4.2,,,,2.0,3.76,4.28,1.92,3.63,4.04
2016,2017-05-13,Manchester City,Leicester City,1.25,7.0,12.0,,,,1.28,7.5,15.0,1.23,6.56,12.42
2016,2017-05-13,Middlesbrough,Southampton,4.0,3.6,2.0,,,,4.1,3.68,2.07,3.84,3.52,2.0
2016,2017-05-13,Stoke City,Arsenal,4.75,4.1,1.75,,,,4.8,4.18,1.79,4.56,4.0,1.74
2016,2017-05-13,Sunderland,Swansea City,4.2,3.8,1.91,,,,4.25,3.85,1.97,4.04,3.68,1.91
2016,2017-05-14,Crystal Palace,Hull City,2.1,3.6,3.75,,,,2.11,3.64,3.8,2.06,3.5,3.68
2016,2017-05-14,Tottenham Hotspur,Manchester United,1.73,3.9,5.25,,,,1.85,4.04,5.5,1.7,3.85,5.14
2016,2017-05-14,West Ham United,Liverpool,5.25,4.0,1.7,,,,5.62,4.2,1.73,5.26,3.94,1.67
2016,2017-05-15,Chelsea,Watford,1.25,6.75,13.0,,,,1.33,7.15,14.5,1.24,6.54,12.61
2016,2017-05-16,Arsenal,Sunderland,1.09,13.0,29.0,,,,1.12,13.62,32.75,1.09,11.35,26.47
2016,2017-05-16,Manchester City,West Bromwich Albion,1.14,9.0,23.0,,,,1.15,10.39,29.0,1.13,9.1,22.37
2016,2017-05-17,Southampton,Manchester United,2.75,3.3,2.8,,,,2.76,3.5,2.95,2.67,3.27,2.75
2016,2017-05-18,Leicester City,Tottenham Hotspur,4.5,3.8,1.85,,,,4.5,3.8,2.0,4.29,3.69,1.85
2016,2017-05-21,Arsenal,Everton,1.45,5.0,7.5,,,,1.45,5.29,8.0,1.42,4.96,7.29
2016,2017-05-21,Burnley,West Ham United,2.45,3.5,3.0,,,,2.45,3.5,3.26,2.38,3.4,3.02
2016,2017-05-21,Chelsea,Sunderland,1.14,9.0,23.0,,,,1.2,9.55,26.0,1.15,8.17,19.89
2016,2017-05-21,Hull City,Tottenham Hotspur,7.0,4.75,1.5,,,,7.0,4.75,1.6,6.09,4.4,1.53
2016,2017-05-21,Leicester City,Bournemouth,2.0,3.6,4.0,,,,2.0,3.85,4.35,1.92,3.67,3.95
2016,2017-05-21,Liverpool,Middlesbrough,1.14,9.0,23.0,,,,1.15,9.5,31.75,1.12,8.61,26.64
2016,2017-05-21,Manchester United,Crystal Palace,2.5,3.3,3.1,,,,2.6,3.5,3.19,2.48,3.31,2.94
2016,2017-05-21,Southampton,Stoke City,1.8,3.8,4.75,,,,1.8,3.95,5.0,1.77,3.79,4.6
2016,2017-05-21,Swansea City,West Bromwich Albion,2.1,3.5,3.75,,,,2.1,3.68,3.8,2.06,3.51,3.63
2016,2017-05-21,Watford,Manchester City,11.0,6.0,1.3,,,,13.0,6.25,1.31,10.78,5.9,1.28
2017,2017-08-11,Arsenal,Leicester City,1.53,4.5,6.5,,,,1.55,4.6,6.89,1.51,4.43,6.44
2017,2017-08-12,Brighton,Manchester City,11.0,5.5,1.33,,,,11.5,5.6,1.36,10.1,5.25,1.32
2017,2017-08-12,Chelsea,Burnley,1.25,6.5,15.0,,,,1.27,6.55,15.5,1.24,6.06,13.67
2017,2017-08-12,Crystal Palace,Huddersfield Town,1.83,3.6,5.0,,,,1.86,3.65,5.11,1.81,3.5,4.82
2017,2017-08-12,Everton,Stoke City,1.7,3.8,5.75,,,,1.71,3.85,6.0,1.69,3.69,5.5
2017,2017-08-12,Southampton,Swansea City,1.62,4.0,6.5,,,,1.66,4.05,6.5,1.61,3.84,5.98
2017,2017-08-12,Watford,Liverpool,6.0,4.2,1.62,,,,6.5,4.3,1.65,5.75,4.06,1.6
2017,2017-08-12,West Bromwich Albion,Bournemouth,2.4,3.3,3.3,,,,2.5,3.3,3.3,2.43,3.19,3.11
2017,2017-08-13,Manchester United,West Ham United,1.3,5.75,12.0,,,,1.35,5.75,13.0,1.31,5.29,10.74
2017,2017-08-13,Newcastle United,Tottenham Hotspur,5.5,4.0,1.7,,,,5.5,4.0,1.75,5.16,3.87,1.69
2017,2017-08-19,Bournemouth,Watford,2.0,3.6,4.0,,,,2.01,3.7,4.16,1.96,3.56,3.9
2017,2017-08-19,Burnley,West Bromwich Albion,2.63,3.2,3.0,,,,2.72,3.2,3.13,2.56,3.1,3.02
2017,2017-08-19,Leicester City,Brighton,1.73,3.8,5.5,,,,1.78,3.85,5.5,1.73,3.7,5.06
2017,2017-08-19,Liverpool,Crystal Palace,1.36,5.25,9.5,,,,1.4,5.4,10.0,1.37,5.02,8.86
2017,2017-08-19,Southampton,West Ham United,1.75,3.8,5.25,,,,1.78,3.96,5.43,1.73,3.74,4.96
2017,2017-08-19,Stoke City,Arsenal,4.5,3.8,1.85,,,,4.8,3.85,1.89,4.41,3.69,1.83
2017,2017-08-19,Swansea City,Manchester United,11.0,5.0,1.36,,,,12.01,5.33,1.4,10.48,4.89,1.35
2017,2017-08-20,Huddersfield Town,Newcastle United,2.5,3.25,3.2,,,,2.51,3.31,3.25,2.42,3.2,3.12
2017,2017-08-20,Tottenham Hotspur,Chelsea,2.1,3.6,3.75,,,,2.12,3.65,3.85,2.07,3.46,3.65
2017,2017-08-21,Manchester City,Everton,1.33,5.75,10.0,,,,1.36,5.88,11.27,1.31,5.48,10.04
2017,2017-08-26,Bournemouth,Manchester City,11.0,6.0,1.3,,,,11.14,6.0,1.35,9.8,5.58,1.32
2017,2017-08-26,Crystal Palace,Swansea City,1.95,3.5,4.33,,,,2.02,3.51,4.41,1.95,3.42,4.22
2017,2017-08-26,Huddersfield Town,Southampton,3.9,3.4,2.1,,,,4.01,3.45,2.3,3.8,3.32,2.09
2017,2017-08-26,Manchester United,Leicester City,1.33,5.5,11.0,,,,1.35,6.0,11.31,1.33,5.32,9.97
2017,2017-08-26,Newcastle United,West Ham United,2.3,3.4,3.4,,,,2.45,3.45,3.4,2.3,3.34,3.26
2017,2017-08-26,Watford,Brighton,1.91,3.4,4.0,,,,2.01,3.5,4.55,1.95,3.37,4.26
2017,2017-08-27,Chelsea,Everton,1.45,4.5,8.5,,,,1.48,4.6,8.5,1.45,4.44,7.91
2017,2017-08-27,Liverpool,Arsenal,2.15,3.7,3.5,,,,2.21,3.8,3.55,2.14,3.6,3.36
2017,2017-08-27,Tottenham Hotspur,Burnley,1.25,6.5,15.0,,,,1.27,6.55,15.0,1.24,6.16,13.33
2017,2017-08-27,West Bromwich Albion,Stoke City,2.4,3.1,3.5,,,,2.45,3.3,3.56,2.37,3.08,3.36
2017,2017-09-09,Arsenal,Bournemouth,1.36,5.5,9.0,,,,1.39,5.8,9.0,1.36,5.36,8.22
2017,2017-09-09,Brighton,West Bromwich Albion,2.7,3.1,3.0,,,,2.76,3.3,3.2,2.63,3.01,3.01
2017,2017-09-09,Everton,Tottenham Hotspur,3.8,3.5,2.1,,,,3.94,3.5,2.15,3.69,3.4,2.09
2017,2017-09-09,Leicester City,Chelsea,4.75,3.9,1.8,,,,4.75,3.93,1.84,4.51,3.73,1.8
2017,2017-09-09,Manchester City,Liverpool,1.85,4.0,4.2,,,,2.0,4.0,4.33,1.87,3.82,4.03
2017,2017-09-09,Southampton,Watford,1.65,4.0,6.0,,,,1.72,4.05,6.0,1.66,3.86,5.56
2017,2017-09-09,Stoke City,Manchester United,7.5,4.5,1.5,,,,7.51,4.65,1.55,7.02,4.27,1.5
2017,2017-09-10,Burnley,Crystal Palace,2.3,3.25,3.5,,,,2.5,3.3,3.51,2.33,3.19,3.32
2017,2017-09-10,Swansea City,Newcastle United,2.4,3.25,3.3,,,,2.5,3.35,3.35,2.38,3.2,3.21
2017,2017-09-11,West Ham United,Huddersfield Town,1.95,3.5,4.5,,,,2.0,3.6,4.65,1.92,3.46,4.27
2017,2017-09-15,Bournemouth,Brighton,2.15,3.4,3.8,,,,2.2,3.44,3.95,2.14,3.34,3.66
2017,2017-09-16,Crystal Palace,Southampton,3.0,3.3,2.6,,,,3.05,3.35,2.67,2.95,3.21,2.54
2017,2017-09-16,Huddersfield Town,Leicester City,3.5,3.4,2.25,,,,3.5,3.45,2.5,3.31,3.33,2.27
2017,2017-09-16,Liverpool,Burnley,1.29,6.0,13.0,,,,1.3,6.4,13.45,1.26,5.89,11.99
2017,2017-09-16,Newcastle United,Stoke City,2.38,3.25,3.4,,,,2.43,3.3,3.5,2.34,3.21,3.28
2017,2017-09-16,Tottenham Hotspur,Swansea City,1.22,7.0,15.0,,,,1.27,7.0,15.0,1.23,6.38,13.26
2017,2017-09-16,Watford,Manchester City,9.0,6.0,1.33,,,,10.0,6.0,1.37,8.75,5.36,1.34
2017,2017-09-16,West Bromwich Albion,West Ham United,2.38,3.25,3.4,,,,2.45,3.35,3.5,2.33,3.22,3.29
2017,2017-09-17,Chelsea,Arsenal,1.8,4.0,4.5,,,,1.85,4.02,4.85,1.8,3.85,4.37
2017,2017-09-17,Manchester United,Everton,1.36,5.25,10.0,,,,1.36,5.5,12.0,1.34,5.09,10.03
2017,2017-09-23,Burnley,Huddersfield Town,2.15,3.25,3.9,,,,2.22,3.35,3.9,2.17,3.19,3.71
2017,2017-09-23,Everton,Bournemouth,1.65,4.0,5.75,,,,1.72,4.0,5.75,1.68,3.83,5.34
2017,2017-09-23,Leicester City,Liverpool,4.1,3.9,1.91,,,,4.3,4.0,2.0,4.07,3.74,1.89
2017,2017-09-23,Manchester City,Crystal Palace,1.14,10.0,21.0,,,,1.16,10.0,23.0,1.14,8.84,19.23
2017,2017-09-23,Southampton,Manchester United,5.5,3.8,1.73,,,,5.5,3.85,1.77,5.08,3.69,1.73
2017,2017-09-23,Stoke City,Chelsea,6.0,4.1,1.62,,,,6.1,4.25,1.67,5.66,4.04,1.61
2017,2017-09-23,Swansea City,Watford,2.4,3.3,3.25,,,,2.45,3.4,3.3,2.36,3.26,3.17
2017,2017-09-23,West Ham United,Tottenham Hotspur,6.0,4.33,1.6,,,,6.0,4.36,1.7,5.6,4.15,1.6
2017,2017-09-24,Brighton,Newcastle United,2.8,3.1,2.9,,,,2.85,3.3,2.96,2.7,3.1,2.83
2017,2017-09-25,Arsenal,West Bromwich Albion,1.33,5.5,11.0,,,,1.38,5.65,11.0,1.34,5.22,9.49
2017,2017-09-30,Bournemouth,Leicester City,2.8,3.25,2.5,,,,2.9,3.5,2.68,2.78,3.36,2.53
2017,2017-09-30,Chelsea,Manchester City,2.75,3.3,2.5,,,,2.91,3.63,2.69,2.78,3.44,2.49
2017,2017-09-30,Huddersfield Town,Tottenham Hotspur,8.5,4.75,1.36,,,,9.54,5.05,1.45,8.47,4.7,1.39
2017,2017-09-30,Manchester United,Crystal Palace,1.17,7.0,15.0,,,,1.19,8.03,23.0,1.17,7.29,17.9
2017,2017-09-30,Stoke City,Southampton,2.88,3.2,2.45,,,,3.06,3.38,2.73,2.9,3.22,2.51
2017,2017-09-30,West Bromwich Albion,Watford,2.15,3.2,3.5,,,,2.35,3.35,3.7,2.24,3.14,3.49
2017,2017-09-30,West Ham United,Swansea City,1.8,3.5,4.5,,,,1.91,3.6,4.9,1.86,3.46,4.47
2017,2017-10-01,Arsenal,Brighton,1.2,6.5,13.0,,,,1.27,6.65,14.0,1.24,6.16,12.23
2017,2017-10-01,Everton,Burnley,1.67,3.6,5.75,,,,1.7,3.9,6.2,1.65,3.71,5.74
2017,2017-10-01,Newcastle United,Liverpool,5.0,3.8,1.67,,,,5.2,4.17,1.77,4.82,3.9,1.71
2017,2017-10-14,Burnley,West Ham United,2.75,3.25,2.8,,,,2.81,3.3,2.89,2.67,3.18,2.78
2017,2017-10-14,Crystal Palace,Chelsea,9.0,5.0,1.4,,,,9.5,5.0,1.45,8.46,4.67,1.4
2017,2017-10-14,Liverpool,Manchester United,2.8,3.25,2.8,,,,2.87,3.4,2.8,2.71,3.26,2.7
2017,2017-10-14,Manchester City,Stoke City,1.14,9.5,21.0,,,,1.17,9.5,23.0,1.14,8.69,18.5
2017,2017-10-14,Swansea City,Huddersfield Town,2.2,3.25,3.75,,,,2.21,3.4,4.1,2.15,3.13,3.78
2017,2017-10-14,Tottenham Hotspur,Bournemouth,1.2,8.0,15.0,,,,1.25,8.0,16.0,1.2,7.1,13.4
2017,2017-10-14,Watford,Arsenal,5.25,4.33,1.65,,,,5.65,4.4,1.75,5.17,4.18,1.63
2017,2017-10-15,Brighton,Everton,3.25,3.3,2.4,,,,3.3,3.3,2.53,3.19,3.14,2.41
2017,2017-10-15,Southampton,Newcastle United,1.91,3.6,4.5,,,,1.91,3.6,4.9,1.85,3.49,4.5
2017,2017-10-16,Leicester City,West Bromwich Albion,2.05,3.4,4.2,,,,2.13,3.5,4.3,2.01,3.32,3.99
2017,2017-10-20,West Ham United,Brighton,1.83,3.5,5.25,,,,1.87,3.55,5.43,1.82,3.42,4.96
2017,2017-10-21,Chelsea,Watford,1.36,5.25,10.0,,,,1.4,5.5,10.0,1.36,5.02,8.7
2017,2017-10-21,Huddersfield Town,Manchester United,11.0,5.0,1.36,,,,11.73,5.3,1.37,10.29,4.87,1.34
2017,2017-10-21,Manchester City,Burnley,1.11,12.0,26.0,,,,1.15,12.4,31.0,1.1,10.5,23.54
2017,2017-10-21,Newcastle United,Crystal Palace,2.0,3.5,4.2,,,,2.06,3.6,4.33,1.97,3.41,4.05
2017,2017-10-21,Southampton,West Bromwich Albion,1.85,3.39,5.25,,,,1.9,3.6,5.5,1.81,3.37,5.04
2017,2017-10-21,Stoke City,Bournemouth,2.14,3.5,3.6,,,,2.23,3.5,3.8,2.15,3.38,3.48
2017,2017-10-21,Swansea City,Leicester City,2.79,3.25,2.75,,,,2.9,3.31,2.95,2.77,3.21,2.65
2017,2017-10-22,Everton,Arsenal,3.79,3.6,2.04,,,,4.0,3.75,2.1,3.77,3.52,2.01
2017,2017-10-22,Tottenham Hotspur,Liverpool,2.25,3.5,3.39,,,,2.25,3.62,3.5,2.18,3.48,3.32
2017,2017-10-28,Arsenal,Swansea City,1.25,7.0,12.0,,,,1.25,7.35,15.0,1.22,6.7,12.66
2017,2017-10-28,Bournemouth,Chelsea,6.0,4.2,1.61,,,,6.0,4.3,1.68,5.35,4.14,1.62
2017,2017-10-28,Crystal Palace,West Ham United,2.39,3.29,3.29,,,,2.41,3.4,3.37,2.34,3.27,3.2
2017,2017-10-28,Liverpool,Huddersfield Town,1.25,6.75,13.0,,,,1.29,6.9,14.0,1.24,6.33,12.15
2017,2017-10-28,Manchester United,Tottenham Hotspur,2.14,3.39,3.79,,,,2.25,3.5,3.8,2.16,3.3,3.6
2017,2017-10-28,Watford,Stoke City,2.04,3.6,3.79,,,,2.13,3.69,3.9,2.03,3.52,3.71
2017,2017-10-28,West Bromwich Albion,Manchester City,11.0,6.5,1.28,,,,13.0,6.83,1.29,11.86,6.18,1.25
2017,2017-10-29,Brighton,Southampton,3.29,3.2,2.45,,,,3.35,3.3,2.5,3.21,3.13,2.4
2017,2017-10-29,Leicester City,Everton,2.14,3.39,3.75,,,,2.22,3.5,3.75,2.13,3.37,3.53
2017,2017-10-30,Burnley,Newcastle United,2.89,3.2,2.7,,,,3.05,3.3,2.7,2.9,3.12,2.6
2017,2017-11-04,Huddersfield Town,West Bromwich Albion,2.79,3.0,3.0,,,,2.85,3.1,3.04,2.73,2.96,2.93
2017,2017-11-04,Newcastle United,Bournemouth,2.0,3.5,4.2,,,,2.06,3.5,4.36,1.98,3.42,4.05
2017,2017-11-04,Southampton,Burnley,1.66,3.75,6.5,,,,1.75,3.8,7.0,1.64,3.64,6.2
2017,2017-11-04,Stoke City,Leicester City,2.7,3.29,2.87,,,,2.75,3.35,2.95,2.65,3.25,2.77
2017,2017-11-04,Swansea City,Brighton,2.39,3.2,3.39,,,,2.47,3.35,3.44,2.38,3.1,3.29
2017,2017-11-04,West Ham United,Liverpool,5.25,4.33,1.66,,,,5.55,4.33,1.75,5.17,4.13,1.64
2017,2017-11-05,Chelsea,Manchester United,2.5,3.2,3.2,,,,2.6,3.25,3.2,2.47,3.15,3.07
2017,2017-11-05,Everton,Watford,2.2,3.39,3.6,,,,2.25,3.45,3.8,2.16,3.34,3.52
2017,2017-11-05,Manchester City,Arsenal,1.39,5.5,7.5,,,,1.55,5.5,7.7,1.42,5.02,7.0
2017,2017-11-05,Tottenham Hotspur,Crystal Palace,1.28,6.0,12.0,,,,1.31,6.5,12.0,1.28,5.87,10.96
2017,2017-11-18,Arsenal,Tottenham Hotspur,2.5,3.6,2.89,,,,2.54,3.62,2.95,2.43,3.51,2.85
2017,2017-11-18,Bournemouth,Huddersfield Town,1.83,3.5,5.25,,,,2.0,3.6,5.25,1.82,3.42,4.85
2017,2017-11-18,Burnley,Swansea City,2.14,3.2,4.0,,,,2.22,3.3,4.4,2.11,3.12,3.96
2017,2017-11-18,Crystal Palace,Everton,2.39,3.25,3.29,,,,2.6,3.3,3.4,2.36,3.21,3.2
2017,2017-11-18,Leicester City,Manchester City,9.5,5.75,1.33,,,,9.5,5.89,1.37,8.54,5.49,1.34
2017,2017-11-18,Liverpool,Southampton,1.39,5.0,9.0,,,,1.45,5.17,9.5,1.39,4.87,8.29
2017,2017-11-18,Manchester United,Newcastle United,1.28,5.75,13.0,,,,1.3,5.8,15.0,1.28,5.43,12.54
2017,2017-11-18,West Bromwich Albion,Chelsea,6.5,4.0,1.61,,,,6.5,4.1,1.65,6.13,3.89,1.6
2017,2017-11-19,Watford,West Ham United,2.1,3.5,3.75,,,,2.2,3.52,3.8,2.1,3.42,3.61
2017,2017-11-20,Brighton,Stoke City,2.39,3.2,3.39,,,,2.45,3.3,3.52,2.38,3.11,3.27
2017,2017-11-24,West Ham United,Leicester City,2.7,3.39,2.75,,,,2.87,3.4,2.85,2.71,3.29,2.7
2017,2017-11-25,Crystal Palace,Stoke City,2.04,3.5,4.0,,,,2.13,3.5,4.03,2.04,3.35,3.85
2017,2017-11-25,Liverpool,Chelsea,2.14,3.6,3.5,,,,2.2,3.68,3.7,2.12,3.5,3.46
2017,2017-11-25,Manchester United,Brighton,1.19,7.0,19.0,,,,1.22,7.5,22.0,1.19,6.72,18.1
2017,2017-11-25,Newcastle United,Watford,2.2,3.5,3.5,,,,2.33,3.5,3.6,2.2,3.34,3.42
2017,2017-11-25,Swansea City,Bournemouth,2.79,3.25,2.79,,,,2.9,3.33,2.85,2.75,3.18,2.71
2017,2017-11-25,Tottenham Hotspur,West Bromwich Albion,1.25,6.0,16.0,,,,1.3,6.25,17.0,1.25,5.83,13.89
2017,2017-11-26,Burnley,Arsenal,6.5,4.5,1.53,,,,6.5,4.52,1.63,5.83,4.24,1.57
2017,2017-11-26,Huddersfield Town,Manchester City,17.0,8.0,1.18,,,,19.0,8.24,1.21,15.71,7.29,1.18
2017,2017-11-26,Southampton,Everton,1.9,3.39,4.75,,,,2.0,3.5,5.2,1.87,3.39,4.64
2017,2017-11-28,Brighton,Crystal Palace,2.7,3.1,3.0,,,,2.75,3.17,3.05,2.64,3.07,2.93
2017,2017-11-28,Leicester City,Tottenham Hotspur,5.0,3.89,1.75,,,,5.0,4.0,1.8,4.75,3.82,1.75
2017,2017-11-28,Watford,Manchester United,5.25,3.89,1.72,,,,5.55,4.1,1.75,5.09,3.88,1.7
2017,2017-11-28,West Bromwich Albion,Newcastle United,2.37,3.1,3.5,,,,2.41,3.21,3.6,2.35,3.12,3.35
2017,2017-11-29,Arsenal,Huddersfield Town,1.19,7.5,17.0,,,,1.23,7.5,19.0,1.2,6.88,14.72
2017,2017-11-29,Bournemouth,Burnley,2.0,3.39,4.33,,,,2.1,3.5,4.6,1.98,3.34,4.13
2017,2017-11-29,Chelsea,Swansea City,1.18,8.0,17.0,,,,1.2,8.0,21.0,1.19,7.16,16.0
2017,2017-11-29,Everton,West Ham United,2.37,3.29,3.29,,,,2.4,3.4,3.4,2.31,3.27,3.25
2017,2017-11-29,Manchester City,Southampton,1.19,8.0,15.0,,,,1.21,8.5,19.0,1.19,7.39,14.99
2017,2017-11-29,Stoke City,Liverpool,6.5,4.5,1.55,,,,6.5,4.69,1.57,6.01,4.41,1.53
2017,2017-12-02,Arsenal,Manchester United,2.5,3.39,3.0,,,,2.52,3.5,3.2,2.44,3.31,2.99
2017,2017-12-02,Brighton,Liverpool,7.5,4.5,1.5,,,,7.58,4.55,1.54,6.92,4.34,1.49
2017,2017-12-02,Chelsea,Newcastle United,1.25,6.5,15.0,,,,1.27,6.55,15.0,1.25,6.04,12.95
2017,2017-12-02,Everton,Huddersfield Town,1.72,3.79,5.5,,,,1.75,3.85,6.0,1.71,3.68,5.3
2017,2017-12-02,Leicester City,Burnley,1.83,3.6,5.0,,,,1.9,3.7,5.25,1.8,3.54,4.77
2017,2017-12-02,Stoke City,Swansea City,1.95,3.39,4.5,,,,1.98,3.5,4.61,1.93,3.34,4.36
2017,2017-12-02,Watford,Tottenham Hotspur,5.0,4.0,1.72,,,,5.3,4.2,1.8,4.9,3.93,1.7
2017,2017-12-02,West Bromwich Albion,Crystal Palace,2.5,3.2,3.2,,,,2.57,3.2,3.35,2.47,3.1,3.12
2017,2017-12-03,Bournemouth,Southampton,2.89,3.25,2.39,,,,3.16,3.3,2.7,2.98,3.17,2.51
2017,2017-12-03,Manchester City,West Ham United,1.08,11.0,21.0,,,,1.13,13.0,29.0,1.1,10.73,22.34
2017,2017-12-09,Burnley,Watford,2.6,3.25,3.0,,,,2.63,3.3,3.1,2.53,3.18,2.98
2017,2017-12-09,Crystal Palace,Bournemouth,2.04,3.5,4.0,,,,2.1,3.53,4.16,2.01,3.41,3.89
2017,2017-12-09,Huddersfield Town,Brighton,2.7,3.1,3.0,,,,2.73,3.2,3.2,2.63,2.97,3.04
2017,2017-12-09,Newcastle United,Leicester City,2.62,3.29,2.89,,,,2.7,3.35,2.95,2.58,3.24,2.85
2017,2017-12-09,Swansea City,West Bromwich Albion,2.7,3.1,3.0,,,,2.75,3.1,3.15,2.65,2.99,2.99
2017,2017-12-09,Tottenham Hotspur,Stoke City,1.28,6.5,11.0,,,,1.31,6.5,12.0,1.28,5.93,10.61
2017,2017-12-09,West Ham United,Chelsea,7.5,4.5,1.5,,,,7.5,4.67,1.55,6.98,4.4,1.49
2017,2017-12-10,Liverpool,Everton,1.3,6.0,11.0,,,,1.4,6.29,12.0,1.29,5.77,10.37
2017,2017-12-10,Manchester United,Manchester City,3.39,3.5,2.25,,,,3.5,3.6,2.3,3.32,3.45,2.2
2017,2017-12-10,Southampton,Arsenal,4.0,3.75,1.95,,,,4.2,3.8,2.03,3.85,3.6,1.95
2017,2017-12-12,Burnley,Stoke City,2.29,3.2,3.6,,,,2.4,3.3,3.75,2.26,3.17,3.48
2017,2017-12-12,Crystal Palace,Watford,2.29,3.5,3.25,,,,2.4,3.6,3.35,2.26,3.45,3.21
2017,2017-12-12,Huddersfield Town,Chelsea,9.0,4.5,1.44,,,,9.0,4.8,1.48,8.31,4.43,1.44
2017,2017-12-13,Liverpool,West Bromwich Albion,1.22,7.0,15.0,,,,1.25,7.25,15.25,1.21,6.69,13.99
2017,2017-12-13,Manchester United,Bournemouth,1.28,6.0,12.0,,,,1.3,6.35,13.0,1.28,5.75,11.73
2017,2017-12-13,Newcastle United,Everton,2.39,3.29,3.25,,,,2.6,3.4,3.35,2.38,3.25,3.17
2017,2017-12-13,Southampton,Leicester City,2.1,3.39,3.89,,,,2.12,3.5,4.18,2.06,3.39,3.78
2017,2017-12-13,Swansea City,Manchester City,15.0,6.5,1.25,,,,15.0,7.0,1.27,13.07,6.23,1.24
2017,2017-12-13,Tottenham Hotspur,Brighton,1.25,6.5,15.0,,,,1.27,6.8,16.0,1.24,6.18,13.29
2017,2017-12-13,West Ham United,Arsenal,5.25,4.2,1.66,,,,5.5,4.45,1.67,5.26,4.15,1.64
2017,2017-12-16,Arsenal,Newcastle United,1.25,6.5,14.0,,,,1.29,6.8,15.0,1.25,6.15,12.08
2017,2017-12-16,Brighton,Burnley,2.62,3.0,3.2,,,,2.7,3.3,3.4,2.56,2.93,3.2
2017,2017-12-16,Chelsea,Southampton,1.39,5.0,9.0,,,,1.42,5.2,10.0,1.38,4.86,8.55
2017,2017-12-16,Leicester City,Crystal Palace,1.89,3.6,4.5,,,,1.92,3.7,4.55,1.88,3.57,4.34
2017,2017-12-16,Manchester City,Tottenham Hotspur,1.55,4.59,6.0,,,,1.59,4.75,6.5,1.54,4.45,5.8
2017,2017-12-16,Stoke City,West Ham United,2.29,3.29,3.5,,,,2.33,3.4,3.55,2.26,3.28,3.38
2017,2017-12-16,Watford,Huddersfield Town,1.8,3.75,5.0,,,,1.81,3.85,5.25,1.76,3.67,4.87
2017,2017-12-17,Bournemouth,Liverpool,6.5,4.5,1.53,,,,6.65,4.81,1.55,6.27,4.52,1.5
2017,2017-12-17,West Bromwich Albion,Manchester United,6.5,4.0,1.6,,,,6.5,4.1,1.64,6.11,3.9,1.6
2017,2017-12-18,Everton,Swansea City,1.72,3.75,5.5,,,,1.78,3.75,5.8,1.72,3.61,5.3
2017,2017-12-22,Arsenal,Liverpool,2.54,3.6,2.79,,,,2.6,3.76,2.95,2.47,3.61,2.8
2017,2017-12-23,Brighton,Watford,2.62,3.2,3.0,,,,2.7,3.3,3.1,2.6,3.14,2.93
2017,2017-12-23,Burnley,Tottenham Hotspur,7.0,4.2,1.55,,,,7.25,4.35,1.65,6.73,4.08,1.53
2017,2017-12-23,Everton,Chelsea,6.0,3.89,1.66,,,,6.25,4.0,1.7,5.68,3.83,1.65
2017,2017-12-23,Leicester City,Manchester United,4.5,3.6,1.9,,,,4.75,3.8,1.95,4.29,3.6,1.87
2017,2017-12-23,Manchester City,Bournemouth,1.12,11.0,23.0,,,,1.13,12.7,31.0,1.1,10.56,23.69
2017,2017-12-23,Southampton,Huddersfield Town,1.61,3.89,6.5,,,,1.65,4.1,7.0,1.6,3.88,6.26
2017,2017-12-23,Stoke City,West Bromwich Albion,2.29,3.25,3.5,,,,2.38,3.35,3.6,2.29,3.18,3.41
2017,2017-12-23,Swansea City,Crystal Palace,3.29,3.2,2.45,,,,3.4,3.27,2.5,3.24,3.13,2.4
2017,2017-12-23,West Ham United,Newcastle United,2.1,3.39,3.89,,,,2.2,3.5,4.1,2.11,3.31,3.73
2017,2017-12-26,Bournemouth,West Ham United,2.79,3.29,2.75,,,,2.85,3.35,2.85,2.74,3.23,2.7
2017,2017-12-26,Chelsea,Brighton,1.19,7.5,17.0,,,,1.23,7.51,20.0,1.2,6.9,16.27
2017,2017-12-26,Huddersfield Town,Stoke City,2.5,3.2,3.2,,,,2.57,3.3,3.25,2.49,3.15,3.07
2017,2017-12-26,Liverpool,Swansea City,1.16,9.0,19.0,,,,1.2,9.12,23.0,1.16,8.14,17.92
2017,2017-12-26,Manchester United,Burnley,1.25,6.5,15.0,,,,1.3,6.75,17.0,1.24,6.01,13.97
2017,2017-12-26,Tottenham Hotspur,Southampton,1.36,5.25,10.0,,,,1.42,5.55,11.0,1.36,5.07,9.24
2017,2017-12-26,Watford,Leicester City,2.54,3.5,2.87,,,,2.62,3.6,2.95,2.5,3.42,2.82
2017,2017-12-26,West Bromwich Albion,Everton,2.54,3.2,3.1,,,,2.6,3.25,3.35,2.47,3.12,3.13
2017,2017-12-27,Newcastle United,Manchester City,13.0,6.75,1.25,,,,15.0,7.25,1.3,12.97,6.41,1.23
2017,2017-12-28,Crystal Palace,Arsenal,4.5,4.0,1.8,,,,4.8,4.15,1.85,4.47,3.88,1.77
2017,2017-12-30,Bournemouth,Everton,2.37,3.29,3.29,,,,2.45,3.4,3.47,2.35,3.26,3.19
2017,2017-12-30,Chelsea,Stoke City,1.16,8.5,19.0,,,,1.22,8.5,21.0,1.17,7.45,17.16
2017,2017-12-30,Huddersfield Town,Burnley,2.37,3.1,3.5,,,,2.6,3.2,3.67,2.35,3.05,3.42
2017,2017-12-30,Liverpool,Leicester City,1.3,6.0,11.0,,,,1.35,6.27,11.0,1.3,5.8,9.48
2017,2017-12-30,Manchester United,Southampton,1.36,5.5,9.0,,,,1.4,5.5,11.0,1.36,5.01,9.21
2017,2017-12-30,Newcastle United,Brighton,2.14,3.2,4.0,,,,2.2,3.35,4.1,2.12,3.19,3.82
2017,2017-12-30,Watford,Swansea City,1.66,3.79,6.0,,,,1.75,3.9,6.0,1.69,3.69,5.39
2017,2017-12-31,Crystal Palace,Manchester City,11.0,6.5,1.28,,,,13.0,6.75,1.3,11.16,6.18,1.26
2017,2017-12-31,West Bromwich Albion,Arsenal,5.0,4.0,1.72,,,,5.39,4.1,1.78,4.83,3.85,1.72
2017,2018-01-01,Brighton,Bournemouth,2.37,3.2,3.39,,,,2.55,3.2,3.5,2.39,3.1,3.29
2017,2018-01-01,Burnley,Liverpool,7.5,4.5,1.5,,,,7.6,4.6,1.55,6.96,4.31,1.5
2017,2018-01-01,Everton,Manchester United,5.5,3.5,1.8,,,,5.5,3.8,1.85,5.17,3.49,1.78
2017,2018-01-01,Leicester City,Huddersfield Town,1.66,3.79,6.0,,,,1.7,4.08,6.25,1.65,3.85,5.63
2017,2018-01-01,Stoke City,Newcastle United,2.29,3.29,3.5,,,,2.41,3.45,3.5,2.3,3.28,3.28
2017,2018-01-02,Manchester City,Watford,1.12,8.5,19.0,,,,1.21,9.55,25.7,1.16,8.1,17.55
2017,2018-01-02,Southampton,Crystal Palace,1.9,3.39,4.0,,,,2.1,3.6,4.4,1.98,3.42,3.99
2017,2018-01-02,Swansea City,Tottenham Hotspur,12.0,4.75,1.3,,,,12.5,5.55,1.37,10.32,5.22,1.32
2017,2018-01-02,West Ham United,West Bromwich Albion,1.9,3.39,4.09,,,,2.1,3.5,4.6,1.94,3.33,4.24
2017,2018-01-03,Arsenal,Chelsea,2.6,3.39,2.6,,,,2.8,3.65,2.8,2.68,3.4,2.62
2017,2018-01-04,Tottenham Hotspur,West Ham United,1.25,6.0,10.0,,,,1.35,6.5,13.0,1.28,5.86,10.66
2017,2018-01-13,Chelsea,Leicester City,1.3,5.75,12.0,,,,1.33,6.15,12.0,1.29,5.65,10.82
2017,2018-01-13,Crystal Palace,Burnley,2.0,3.29,4.5,,,,2.07,3.35,4.51,2.01,3.25,4.18
2017,2018-01-13,Huddersfield Town,West Ham United,2.62,3.1,3.1,,,,2.75,3.25,3.1,2.64,3.05,2.96
2017,2018-01-13,Newcastle United,Swansea City,1.95,3.39,4.5,,,,2.0,3.5,4.75,1.94,3.31,4.38
2017,2018-01-13,Tottenham Hotspur,Everton,1.28,6.0,13.0,,,,1.33,6.4,14.0,1.28,5.67,12.11
2017,2018-01-13,Watford,Southampton,2.5,3.39,3.0,,,,2.55,3.5,3.08,2.46,3.33,2.94
2017,2018-01-13,West Bromwich Albion,Brighton,2.14,3.0,4.33,,,,2.2,3.2,4.5,2.12,3.0,4.14
2017,2018-01-14,Bournemouth,Arsenal,4.75,4.2,1.75,,,,4.8,4.28,1.8,4.49,4.02,1.73
2017,2018-01-14,Liverpool,Manchester City,3.1,3.75,2.29,,,,3.2,3.79,2.37,3.03,3.6,2.27
2017,2018-01-15,Manchester United,Stoke City,1.22,7.0,15.0,,,,1.25,7.25,15.72,1.22,6.58,13.77
2017,2018-01-20,Arsenal,Crystal Palace,1.5,4.75,7.0,,,,1.52,4.75,7.2,1.5,4.46,6.55
2017,2018-01-20,Brighton,Chelsea,6.5,3.89,1.61,,,,6.78,3.95,1.67,6.17,3.76,1.62
2017,2018-01-20,Burnley,Manchester United,7.5,3.89,1.57,,,,7.5,4.0,1.63,6.64,3.82,1.58
2017,2018-01-20,Everton,West Bromwich Albion,2.14,3.2,4.0,,,,2.22,3.3,4.25,2.14,3.14,3.82
2017,2018-01-20,Leicester City,Watford,1.85,3.89,4.33,,,,1.9,3.9,4.65,1.84,3.75,4.22
2017,2018-01-20,Manchester City,Newcastle United,1.12,10.0,26.0,,,,1.15,11.0,26.0,1.13,9.22,21.28
2017,2018-01-20,Stoke City,Huddersfield Town,2.04,3.39,4.09,,,,2.1,3.45,4.23,2.03,3.33,3.97
2017,2018-01-20,West Ham United,Bournemouth,2.0,3.6,4.0,,,,2.1,3.7,4.0,2.01,3.55,3.76
2017,2018-01-21,Southampton,Tottenham Hotspur,5.75,4.09,1.64,,,,5.75,4.14,1.7,5.37,3.94,1.65
2017,2018-01-22,Swansea City,Liverpool,12.0,5.75,1.3,,,,12.0,5.8,1.35,10.75,5.37,1.31
2017,2018-01-30,Huddersfield Town,Liverpool,12.0,5.75,1.3,,,,12.0,5.75,1.4,10.65,5.46,1.31
2017,2018-01-30,Swansea City,Arsenal,7.0,4.59,1.5,,,,7.5,4.62,1.55,6.93,4.37,1.5
2017,2018-01-30,West Ham United,Crystal Palace,3.1,3.25,2.54,,,,3.11,3.32,2.66,2.99,3.23,2.51
2017,2018-01-31,Chelsea,Bournemouth,1.28,6.5,11.0,,,,1.32,6.5,12.0,1.28,5.9,10.77
2017,2018-01-31,Everton,Leicester City,3.0,3.2,2.62,,,,3.11,3.25,2.7,2.99,3.14,2.56
2017,2018-01-31,Manchester City,West Bromwich Albion,1.14,10.0,21.0,,,,1.17,10.0,23.0,1.15,8.47,18.91
2017,2018-01-31,Newcastle United,Burnley,2.2,3.2,3.89,,,,2.25,3.3,4.05,2.17,3.13,3.83
2017,2018-01-31,Southampton,Brighton,1.75,3.5,6.0,,,,1.82,3.6,6.03,1.75,3.43,5.49
2017,2018-01-31,Stoke City,Watford,2.25,3.5,3.39,,,,2.3,3.6,3.5,2.22,3.44,3.3
2017,2018-01-31,Tottenham Hotspur,Manchester United,2.35,3.29,3.39,,,,2.4,3.46,3.45,2.29,3.33,3.28
2017,2018-02-03,Arsenal,Everton,1.3,5.75,12.0,,,,1.35,6.0,12.0,1.31,5.43,10.46
2017,2018-02-03,Bournemouth,Stoke City,1.9,3.7,4.33,,,,2.1,3.73,4.5,1.91,3.58,4.12
2017,2018-02-03,Brighton,West Ham United,2.35,3.0,3.7,,,,2.42,3.14,3.7,2.32,3.02,3.53
2017,2018-02-03,Burnley,Manchester City,13.0,6.0,1.28,,,,13.0,6.15,1.35,11.77,5.69,1.28
2017,2018-02-03,Leicester City,Swansea City,1.8,3.6,5.25,,,,1.84,3.7,5.35,1.78,3.56,4.97
2017,2018-02-03,Manchester United,Huddersfield Town,1.16,8.5,19.0,,,,1.2,8.5,26.0,1.16,7.59,20.1
2017,2018-02-03,West Bromwich Albion,Southampton,2.54,3.2,3.1,,,,2.66,3.26,3.2,2.54,3.13,3.0
2017,2018-02-04,Crystal Palace,Newcastle United,2.04,3.39,4.2,,,,2.11,3.51,4.2,2.03,3.35,3.93
2017,2018-02-04,Liverpool,Tottenham Hotspur,2.1,3.75,3.6,,,,2.2,3.85,3.6,2.08,3.69,3.44
2017,2018-02-05,Watford,Chelsea,6.25,4.0,1.61,,,,6.25,4.15,1.67,5.78,3.96,1.61
2017,2018-02-10,Everton,Crystal Palace,2.25,3.25,3.2,,,,2.33,3.38,3.7,2.24,3.2,3.47
2017,2018-02-10,Manchester City,Leicester City,1.19,6.5,13.0,,,,1.25,7.49,17.0,1.21,6.76,13.46
2017,2018-02-10,Stoke City,Brighton,2.2,3.2,3.39,,,,2.27,3.33,3.8,2.19,3.18,3.62
2017,2018-02-10,Swansea City,Burnley,2.37,3.0,3.25,,,,2.54,3.12,3.5,2.45,2.98,3.28
2017,2018-02-10,Tottenham Hotspur,Arsenal,2.0,3.6,3.5,,,,2.2,3.91,3.8,2.0,3.76,3.58
2017,2018-02-10,West Ham United,Watford,2.5,3.29,2.79,,,,2.58,3.39,3.1,2.48,3.28,2.93
2017,2018-02-11,Huddersfield Town,Bournemouth,3.25,3.2,2.25,,,,3.4,3.3,2.65,3.22,3.16,2.38
2017,2018-02-11,Newcastle United,Manchester United,5.5,3.75,1.61,,,,6.0,4.03,1.7,5.56,3.8,1.65
2017,2018-02-11,Southampton,Liverpool,4.2,3.79,1.8,,,,4.81,4.0,1.87,4.42,3.8,1.8
2017,2018-02-12,Chelsea,West Bromwich Albion,1.36,4.75,8.0,,,,1.41,5.2,10.0,1.37,4.89,8.71
2017,2018-02-24,Bournemouth,Newcastle United,2.1,3.5,3.79,,,,2.2,3.53,3.85,2.1,3.42,3.63
2017,2018-02-24,Brighton,Swansea City,2.14,3.25,4.0,,,,2.2,3.25,4.36,2.1,3.13,4.03
2017,2018-02-24,Burnley,Southampton,2.89,3.1,2.79,,,,3.0,3.2,2.85,2.86,3.03,2.74
2017,2018-02-24,Leicester City,Stoke City,1.72,3.89,5.25,,,,1.77,3.92,5.64,1.72,3.76,5.13
2017,2018-02-24,Liverpool,West Ham United,1.22,7.5,13.0,,,,1.26,7.5,15.0,1.23,6.71,12.67
2017,2018-02-24,Watford,Everton,2.25,3.39,3.5,,,,2.35,3.45,3.6,2.21,3.33,3.42
2017,2018-02-24,West Bromwich Albion,Huddersfield Town,1.95,3.29,4.75,,,,2.02,3.4,4.9,1.94,3.25,4.49
2017,2018-02-25,Crystal Palace,Tottenham Hotspur,7.5,4.5,1.5,,,,7.5,4.71,1.54,6.79,4.41,1.49
2017,2018-02-25,Manchester United,Chelsea,2.29,3.25,3.5,,,,2.38,3.36,3.55,2.28,3.24,3.38
2017,2018-03-01,Arsenal,Manchester City,4.5,4.0,1.72,,,,4.6,4.12,1.85,4.35,3.95,1.78
2017,2018-03-03,Burnley,Everton,2.5,3.1,3.29,,,,2.6,3.3,3.45,2.48,3.04,3.26
2017,2018-03-03,Leicester City,Bournemouth,1.85,3.75,4.5,,,,1.92,3.9,4.57,1.85,3.7,4.32
2017,2018-03-03,Liverpool,Newcastle United,1.22,7.0,15.0,,,,1.25,7.75,17.0,1.21,6.95,13.84
2017,2018-03-03,Southampton,Stoke City,1.75,3.75,5.25,,,,1.85,3.9,5.5,1.74,3.67,5.16
2017,2018-03-03,Swansea City,West Ham United,2.6,3.25,3.0,,,,2.65,3.3,3.15,2.55,3.17,2.98
2017,2018-03-03,Tottenham Hotspur,Huddersfield Town,1.19,7.5,17.0,,,,1.25,8.07,20.0,1.19,7.18,16.27
2017,2018-03-03,Watford,West Bromwich Albion,2.14,3.29,3.89,,,,2.22,3.42,4.0,2.13,3.29,3.73
2017,2018-03-04,Brighton,Arsenal,4.2,3.79,1.9,,,,4.4,3.8,2.02,3.94,3.67,1.93
2017,2018-03-04,Manchester City,Chelsea,1.61,4.2,6.0,,,,1.65,4.35,6.07,1.6,4.14,5.63
2017,2018-03-05,Crystal Palace,Manchester United,7.0,4.0,1.57,,,,7.0,4.3,1.61,6.47,4.05,1.56
2017,2018-03-10,Chelsea,Crystal Palace,1.3,5.75,12.0,,,,1.33,6.0,13.0,1.3,5.54,11.0
2017,2018-03-10,Everton,Brighton,2.2,3.2,3.89,,,,2.26,3.3,3.89,2.19,3.19,3.65
2017,2018-03-10,Huddersfield Town,Swansea City,2.54,3.1,3.2,,,,2.6,3.2,3.37,2.49,3.08,3.16
2017,2018-03-10,Manchester United,Liverpool,2.75,3.39,2.75,,,,2.81,3.4,2.82,2.7,3.3,2.71
2017,2018-03-10,Newcastle United,Southampton,2.79,3.2,2.79,,,,2.85,3.23,2.9,2.74,3.12,2.79
2017,2018-03-10,West Bromwich Albion,Leicester City,3.0,3.25,2.6,,,,3.12,3.3,2.67,2.97,3.19,2.54
2017,2018-03-10,West Ham United,Burnley,2.29,3.2,3.6,,,,2.35,3.4,3.7,2.27,3.15,3.51
2017,2018-03-11,Arsenal,Watford,1.44,5.0,7.5,,,,1.52,5.0,7.5,1.47,4.62,6.67
2017,2018-03-11,Bournemouth,Tottenham Hotspur,6.5,4.5,1.55,,,,6.5,4.7,1.56,6.09,4.47,1.52
2017,2018-03-12,Stoke City,Manchester City,15.0,6.5,1.25,,,,15.0,7.0,1.27,13.18,6.47,1.23
2017,2018-03-17,Bournemouth,West Bromwich Albion,1.83,3.6,5.0,,,,1.91,3.75,5.0,1.84,3.54,4.56
2017,2018-03-17,Huddersfield Town,Crystal Palace,3.0,3.1,2.7,,,,3.0,3.26,2.77,2.88,3.12,2.65
2017,2018-03-17,Liverpool,Watford,1.19,8.0,15.0,,,,1.22,8.12,19.0,1.19,7.39,15.4
2017,2018-03-17,Stoke City,Everton,2.5,3.29,3.1,,,,2.55,3.36,3.2,2.45,3.23,3.07
2017,2018-03-31,Brighton,Leicester City,2.7,3.2,2.62,,,,2.9,3.26,2.87,2.75,3.15,2.73
2017,2018-03-31,Crystal Palace,Liverpool,7.0,4.33,1.44,,,,7.2,4.82,1.57,6.26,4.41,1.52
2017,2018-03-31,Everton,Manchester City,9.0,5.0,1.33,,,,10.5,5.5,1.39,9.14,5.12,1.35
2017,2018-03-31,Manchester United,Swansea City,1.25,6.0,10.0,,,,1.29,7.02,16.5,1.24,6.09,13.32
2017,2018-03-31,Newcastle United,Huddersfield Town,1.75,3.39,5.0,,,,1.8,3.69,5.6,1.75,3.52,5.19
2017,2018-03-31,Watford,Bournemouth,2.29,3.29,3.1,,,,2.42,3.51,3.27,2.32,3.39,3.12
2017,2018-03-31,West Bromwich Albion,Burnley,2.5,3.0,3.1,,,,2.71,3.2,3.16,2.59,3.03,3.02
2017,2018-03-31,West Ham United,Southampton,2.7,3.25,2.6,,,,2.99,3.3,2.8,2.85,3.19,2.62
2017,2018-04-01,Arsenal,Stoke City,1.28,5.5,10.0,,,,1.35,6.15,11.0,1.31,5.64,9.57
2017,2018-04-01,Chelsea,Tottenham Hotspur,2.29,3.29,3.1,,,,2.5,3.41,3.26,2.36,3.29,3.12
2017,2018-04-07,Bournemouth,Crystal Palace,2.5,3.39,3.0,,,,2.53,3.51,3.15,2.45,3.39,2.93
2017,2018-04-07,Brighton,Huddersfield Town,1.85,3.5,5.0,,,,1.92,3.6,5.2,1.86,3.4,4.76
2017,2018-04-07,Everton,Liverpool,4.2,3.75,1.9,,,,4.33,3.76,1.99,4.06,3.65,1.92
2017,2018-04-07,Leicester City,Newcastle United,1.95,3.6,4.2,,,,2.03,3.63,4.4,1.95,3.45,4.13
2017,2018-04-07,Manchester City,Manchester United,1.89,3.79,4.2,,,,1.95,3.95,4.5,1.88,3.69,4.17
2017,2018-04-07,Stoke City,Tottenham Hotspur,11.0,5.5,1.33,,,,11.07,5.69,1.37,9.98,5.28,1.33
2017,2018-04-07,Watford,Burnley,2.39,3.2,3.39,,,,2.43,3.3,3.55,2.33,3.15,3.36
2017,2018-04-07,West Bromwich Albion,Swansea City,2.37,3.2,3.39,,,,2.5,3.3,3.5,2.37,3.15,3.29
2017,2018-04-08,Arsenal,Southampton,1.57,4.5,6.0,,,,1.6,4.55,6.5,1.56,4.32,5.86
2017,2018-04-08,Chelsea,West Ham United,1.28,6.0,12.0,,,,1.31,6.5,13.0,1.27,5.83,11.34
2017,2018-04-14,Burnley,Leicester City,2.62,3.2,3.0,,,,2.74,3.3,3.03,2.63,3.12,2.91
2017,2018-04-14,Crystal Palace,Brighton,1.9,3.5,4.75,,,,1.95,3.6,5.0,1.89,3.42,4.54
2017,2018-04-14,Huddersfield Town,Watford,2.62,3.25,3.0,,,,2.76,3.25,3.05,2.63,3.15,2.88
2017,2018-04-14,Liverpool,Bournemouth,1.25,7.0,12.0,,,,1.27,7.15,14.6,1.24,6.52,12.5
2017,2018-04-14,Southampton,Chelsea,4.5,3.75,1.85,,,,4.75,3.79,1.92,4.37,3.61,1.86
2017,2018-04-14,Swansea City,Everton,2.54,3.25,3.1,,,,2.65,3.3,3.2,2.53,3.15,3.04
2017,2018-04-14,Tottenham Hotspur,Manchester City,2.62,3.6,2.7,,,,2.78,3.7,2.75,2.65,3.52,2.63
2017,2018-04-15,Manchester United,West Bromwich Albion,1.18,8.0,19.0,,,,1.23,8.0,21.0,1.19,6.97,17.38
2017,2018-04-15,Newcastle United,Arsenal,3.29,3.6,2.25,,,,3.4,3.7,2.31,3.24,3.54,2.22
2017,2018-04-16,West Ham United,Stoke City,2.0,3.6,4.0,,,,2.08,3.6,4.2,2.0,3.41,3.91
2017,2018-04-17,Brighton,Tottenham Hotspur,6.5,4.33,1.55,,,,6.7,4.4,1.6,6.27,4.24,1.55
2017,2018-04-18,Bournemouth,Manchester United,5.0,3.89,1.75,,,,5.2,4.08,1.77,4.84,3.88,1.73
2017,2018-04-19,Burnley,Chelsea,4.0,3.39,1.9,,,,4.75,3.6,2.0,4.31,3.44,1.9
2017,2018-04-19,Leicester City,Southampton,2.25,3.29,3.2,,,,2.44,3.53,3.3,2.35,3.4,3.08
2017,2018-04-21,Watford,Crystal Palace,2.89,3.39,2.54,,,,3.03,3.49,2.6,2.9,3.33,2.5
2017,2018-04-21,West Bromwich Albion,Liverpool,7.5,4.5,1.5,,,,7.57,4.5,1.55,6.79,4.3,1.51
2017,2018-04-22,Arsenal,West Ham United,1.55,4.59,6.0,,,,1.6,4.75,6.5,1.54,4.49,5.87
2017,2018-04-22,Manchester City,Swansea City,1.14,9.0,23.0,,,,1.2,10.3,25.97,1.13,8.89,21.51
2017,2018-04-22,Stoke City,Burnley,2.29,3.29,3.5,,,,2.38,3.4,3.65,2.28,3.2,3.42
2017,2018-04-23,Everton,Newcastle United,2.29,3.39,3.39,,,,2.4,3.4,3.6,2.29,3.25,3.32
2017,2018-04-28,Burnley,Brighton,2.25,3.2,3.7,,,,2.31,3.35,3.8,2.22,3.16,3.6
2017,2018-04-28,Crystal Palace,Leicester City,2.04,3.6,3.79,,,,2.13,3.64,3.85,2.05,3.5,3.65
2017,2018-04-28,Huddersfield Town,Everton,2.62,3.1,3.1,,,,2.64,3.14,3.25,2.56,3.02,3.09
2017,2018-04-28,Liverpool,Stoke City,1.33,5.75,10.0,,,,1.36,5.94,11.0,1.31,5.54,9.73
2017,2018-04-28,Newcastle United,West Bromwich Albion,1.85,3.6,4.75,,,,1.94,3.6,5.0,1.86,3.47,4.58
2017,2018-04-28,Southampton,Bournemouth,1.72,4.0,5.0,,,,1.77,4.13,5.2,1.71,3.9,4.88
2017,2018-04-28,Swansea City,Chelsea,7.0,4.33,1.53,,,,7.6,4.54,1.55,6.97,4.23,1.5
2017,2018-04-29,Manchester United,Arsenal,1.44,4.75,8.0,,,,1.5,5.0,8.5,1.44,4.64,7.64
2017,2018-04-29,West Ham United,Manchester City,10.0,5.75,1.33,,,,11.04,5.88,1.4,9.79,5.44,1.32
2017,2018-04-30,Tottenham Hotspur,Watford,1.16,8.5,21.0,,,,1.18,9.15,23.8,1.15,8.03,18.87
2017,2018-05-04,Brighton,Manchester United,4.75,3.6,1.85,,,,4.8,3.65,1.91,4.54,3.53,1.86
2017,2018-05-05,Bournemouth,Swansea City,2.1,3.6,3.7,,,,2.3,3.62,3.75,2.1,3.5,3.54
2017,2018-05-05,Everton,Southampton,2.89,3.29,2.62,,,,3.0,3.4,2.7,2.88,3.24,2.58
2017,2018-05-05,Leicester City,West Ham United,2.25,3.5,3.39,,,,2.32,3.6,3.48,2.23,3.39,3.3
2017,2018-05-05,Stoke City,Crystal Palace,2.7,3.39,2.79,,,,2.75,3.43,2.91,2.65,3.31,2.74
2017,2018-05-05,Watford,Newcastle United,2.37,3.39,3.2,,,,2.45,3.41,3.3,2.37,3.29,3.14
2017,2018-05-05,West Bromwich Albion,Tottenham Hotspur,8.0,4.75,1.44,,,,8.5,5.3,1.48,7.54,4.66,1.43
2017,2018-05-06,Arsenal,Burnley,1.57,4.2,6.5,,,,1.6,4.46,7.0,1.55,4.21,6.14
2017,2018-05-06,Chelsea,Liverpool,2.25,3.6,3.29,,,,2.32,3.7,3.4,2.23,3.51,3.23
2017,2018-05-06,Manchester City,Huddersfield Town,1.08,13.0,34.0,,,,1.12,14.0,34.0,1.09,11.57,28.0
2017,2018-05-08,Swansea City,Southampton,3.1,3.25,2.54,,,,3.15,3.33,2.61,3.04,3.2,2.5
2017,2018-05-09,Chelsea,Huddersfield Town,1.16,8.5,19.0,,,,1.21,8.5,21.0,1.18,7.37,17.21
2017,2018-05-09,Leicester City,Arsenal,3.75,3.79,2.0,,,,3.79,4.0,2.05,3.62,3.78,1.98
2017,2018-05-09,Manchester City,Brighton,1.12,10.0,27.0,,,,1.15,11.0,27.0,1.13,9.25,21.8
2017,2018-05-09,Tottenham Hotspur,Newcastle United,1.18,8.5,17.0,,,,1.21,8.5,18.0,1.18,7.57,15.42
2017,2018-05-10,West Ham United,Manchester United,4.75,3.79,1.8,,,,4.75,3.9,1.87,4.46,3.74,1.8
2017,2018-05-13,Burnley,Bournemouth,2.14,3.5,3.6,,,,2.28,3.6,3.7,2.18,3.42,3.37
2017,2018-05-13,Crystal Palace,West Bromwich Albion,1.8,3.79,4.75,,,,1.85,4.1,5.0,1.75,3.82,4.63
2017,2018-05-13,Huddersfield Town,Arsenal,6.0,4.33,1.6,,,,6.05,4.58,1.65,5.58,4.31,1.58
2017,2018-05-13,Liverpool,Brighton,1.19,8.0,15.0,,,,1.23,8.0,19.0,1.19,7.25,14.69
2017,2018-05-13,Manchester United,Watford,1.39,5.25,8.5,,,,1.43,6.0,11.0,1.37,5.12,8.21
2017,2018-05-13,Newcastle United,Chelsea,6.5,4.2,1.6,,,,6.6,4.4,1.7,5.83,4.05,1.59
2017,2018-05-13,Southampton,Manchester City,9.0,5.0,1.39,,,,9.0,5.15,1.46,7.39,4.82,1.42
2017,2018-05-13,Swansea City,Stoke City,1.9,3.79,4.2,,,,1.98,3.9,4.35,1.89,3.67,4.08
2017,2018-05-13,Tottenham Hotspur,Leicester City,1.33,6.0,9.0,,,,1.35,6.25,10.5,1.31,5.74,9.13
2017,2018-05-13,West Ham United,Everton,2.45,3.5,3.0,,,,2.45,3.52,3.21,2.37,3.39,3.04
2018,2018-08-10,Manchester United,Leicester City,1.57,3.9,7.5,,,,1.6,4.2,8.05,1.56,3.92,7.06
2018,2018-08-11,Bournemouth,Cardiff City,1.9,3.6,4.5,,,,1.93,3.71,4.75,1.88,3.53,4.37
2018,2018-08-11,Fulham,Crystal Palace,2.5,3.4,3.0,,,,2.6,3.49,3.05,2.47,3.35,2.92
2018,2018-08-11,Huddersfield Town,Chelsea,6.5,4.0,1.61,,,,6.85,4.07,1.66,6.09,3.9,1.61
2018,2018-08-11,Newcastle United,Tottenham Hotspur,3.9,3.5,2.04,,,,4.01,3.57,2.12,3.83,3.4,2.05
2018,2018-08-11,Watford,Brighton,2.37,3.2,3.4,,,,2.48,3.3,3.42,2.36,3.14,3.31
2018,2018-08-11,Wolverhampton Wanderers,Everton,2.37,3.3,3.3,,,,2.41,3.4,3.4,2.33,3.27,3.23
2018,2018-08-12,Arsenal,Manchester City,4.0,3.8,1.95,,,,4.15,4.0,2.0,3.83,3.8,1.92
2018,2018-08-12,Liverpool,West Ham United,1.25,6.5,14.0,,,,1.29,6.79,15.0,1.25,6.22,12.3
2018,2018-08-12,Southampton,Burnley,1.85,3.5,5.0,,,,1.9,3.61,5.2,1.84,3.43,4.8
2018,2018-08-18,Cardiff City,Newcastle United,3.25,3.1,2.54,,,,3.25,3.21,2.6,3.14,3.07,2.5
2018,2018-08-18,Chelsea,Arsenal,1.8,4.0,4.5,,,,1.87,4.02,4.54,1.81,3.85,4.29
2018,2018-08-18,Everton,Southampton,1.9,3.5,4.75,,,,2.0,3.63,4.78,1.89,3.44,4.41
2018,2018-08-18,Leicester City,Wolverhampton Wanderers,2.04,3.5,3.9,,,,2.12,3.61,4.0,2.05,3.44,3.77
2018,2018-08-18,Tottenham Hotspur,Fulham,1.28,6.0,12.0,,,,1.31,6.5,12.61,1.28,5.88,10.92
2018,2018-08-18,West Ham United,Bournemouth,2.1,3.6,3.7,,,,2.15,3.67,3.75,2.08,3.53,3.56
2018,2018-08-19,Brighton,Manchester United,5.5,3.6,1.75,,,,5.52,3.62,1.84,5.19,3.53,1.76
2018,2018-08-19,Burnley,Watford,2.45,3.1,3.4,,,,2.5,3.18,3.5,2.39,3.04,3.34
2018,2018-08-19,Manchester City,Huddersfield Town,1.1,13.0,26.0,,,,1.11,13.0,35.0,1.09,11.35,28.36
2018,2018-08-20,Crystal Palace,Liverpool,7.0,5.0,1.44,,,,7.35,5.11,1.49,6.79,4.83,1.44
2018,2018-08-25,Arsenal,West Ham United,1.36,5.5,9.0,,,,1.4,5.72,9.5,1.37,5.32,8.1
2018,2018-08-25,Bournemouth,Everton,2.62,3.6,2.75,,,,2.69,3.6,2.81,2.59,3.49,2.7
2018,2018-08-25,Huddersfield Town,Cardiff City,2.37,3.0,3.7,,,,2.4,3.18,3.7,2.32,3.04,3.53
2018,2018-08-25,Liverpool,Brighton,1.16,8.5,19.0,,,,1.18,8.92,23.0,1.16,8.05,18.81
2018,2018-08-25,Southampton,Leicester City,2.45,3.2,3.25,,,,2.52,3.35,3.25,2.42,3.22,3.12
2018,2018-08-25,Wolverhampton Wanderers,Manchester City,11.0,6.5,1.28,,,,13.0,6.75,1.3,10.84,6.18,1.27
2018,2018-08-26,Fulham,Burnley,2.0,3.4,4.33,,,,2.04,3.57,4.5,1.98,3.36,4.14
2018,2018-08-26,Newcastle United,Chelsea,5.75,4.0,1.66,,,,5.75,4.17,1.71,5.25,3.9,1.67
2018,2018-08-26,Watford,Crystal Palace,2.6,3.25,3.0,,,,2.66,3.36,3.04,2.55,3.22,2.92
2018,2018-08-27,Manchester United,Tottenham Hotspur,2.62,3.3,2.9,,,,2.67,3.4,3.0,2.56,3.27,2.86
2018,2018-09-01,Brighton,Fulham,2.3,3.4,3.4,,,,2.3,3.5,3.5,2.23,3.37,3.33
2018,2018-09-01,Chelsea,Bournemouth,1.3,6.0,11.0,,,,1.33,6.3,11.0,1.29,5.88,9.9
2018,2018-09-01,Crystal Palace,Southampton,2.0,3.5,4.2,,,,2.0,3.52,4.5,1.95,3.42,4.16
2018,2018-09-01,Everton,Huddersfield Town,1.53,4.2,7.5,,,,1.6,4.33,8.06,1.51,4.1,7.26
2018,2018-09-01,Leicester City,Liverpool,7.5,5.0,1.44,,,,8.03,5.1,1.5,7.32,4.76,1.43
2018,2018-09-01,Manchester City,Newcastle United,1.11,11.0,26.0,,,,1.13,11.34,32.5,1.11,9.76,24.64
2018,2018-09-01,West Ham United,Wolverhampton Wanderers,2.6,3.4,2.87,,,,2.6,3.5,3.0,2.51,3.37,2.86
2018,2018-09-02,Burnley,Manchester United,6.0,3.75,1.7,,,,6.25,3.9,1.7,5.73,3.72,1.67
2018,2018-09-02,Cardiff City,Arsenal,6.5,4.33,1.57,,,,6.6,4.54,1.65,6.0,4.22,1.56
2018,2018-09-02,Watford,Tottenham Hotspur,5.5,4.2,1.64,,,,5.75,4.3,1.68,5.38,4.13,1.62
2018,2018-09-15,Bournemouth,Leicester City,2.45,3.5,3.0,,,,2.51,3.5,3.13,2.42,3.41,2.98
2018,2018-09-15,Chelsea,Cardiff City,1.18,8.0,19.0,,,,1.21,8.0,21.0,1.18,7.2,17.53
2018,2018-09-15,Huddersfield Town,Crystal Palace,3.3,3.1,2.5,,,,3.3,3.27,2.55,3.19,3.11,2.45
2018,2018-09-15,Manchester City,Fulham,1.12,10.0,26.0,,,,1.14,11.0,29.0,1.12,9.54,21.93
2018,2018-09-15,Newcastle United,Arsenal,4.2,3.8,1.9,,,,4.2,3.9,1.97,4.01,3.72,1.91
2018,2018-09-15,Tottenham Hotspur,Liverpool,3.0,3.6,2.4,,,,3.1,3.74,2.4,2.97,3.62,2.33
2018,2018-09-15,Watford,Manchester United,4.33,3.6,1.95,,,,4.5,3.65,2.0,4.16,3.55,1.93
2018,2018-09-16,Everton,West Ham United,2.0,3.75,3.9,,,,2.12,3.75,4.1,2.03,3.58,3.68
2018,2018-09-16,Wolverhampton Wanderers,Burnley,1.75,3.6,5.75,,,,1.8,3.72,6.0,1.74,3.55,5.42
2018,2018-09-17,Southampton,Brighton,2.1,3.4,3.9,,,,2.22,3.42,4.0,2.12,3.28,3.75
2018,2018-09-22,Brighton,Tottenham Hotspur,5.0,4.0,1.75,,,,5.0,4.0,1.8,4.76,3.81,1.75
2018,2018-09-22,Burnley,Bournemouth,3.0,3.4,2.5,,,,3.0,3.42,2.62,2.87,3.32,2.55
2018,2018-09-22,Cardiff City,Manchester City,23.0,8.0,1.16,,,,23.0,9.0,1.2,18.84,7.85,1.16
2018,2018-09-22,Crystal Palace,Newcastle United,2.14,3.4,3.75,,,,2.24,3.4,3.8,2.14,3.32,3.68
2018,2018-09-22,Fulham,Watford,2.54,3.5,2.9,,,,2.6,3.55,3.0,2.46,3.43,2.9
2018,2018-09-22,Leicester City,Huddersfield Town,1.61,4.0,6.5,,,,1.67,4.0,7.0,1.61,3.82,6.35
2018,2018-09-22,Liverpool,Southampton,1.2,7.5,17.0,,,,1.22,7.75,19.0,1.2,7.06,15.75
2018,2018-09-22,Manchester United,Wolverhampton Wanderers,1.57,4.33,6.5,,,,1.6,4.33,6.6,1.57,4.12,6.09
2018,2018-09-23,Arsenal,Everton,1.44,5.0,7.5,,,,1.49,5.05,7.5,1.46,4.83,6.54
2018,2018-09-23,West Ham United,Chelsea,6.0,4.5,1.57,,,,6.5,4.5,1.64,5.61,4.33,1.58
2018,2018-09-29,Arsenal,Watford,1.44,5.1,7.0,,,,1.51,5.1,7.5,1.47,4.77,6.41
2018,2018-09-29,Chelsea,Liverpool,2.8,3.6,2.54,,,,2.92,3.65,2.62,2.81,3.52,2.49
2018,2018-09-29,Everton,Fulham,1.75,4.2,4.75,,,,1.8,4.2,4.82,1.74,3.99,4.58
2018,2018-09-29,Huddersfield Town,Tottenham Hotspur,8.5,4.5,1.44,,,,8.5,5.0,1.5,7.61,4.48,1.46
2018,2018-09-29,Manchester City,Brighton,1.1,12.0,34.0,,,,1.12,12.87,34.25,1.09,11.16,27.87
2018,2018-09-29,Newcastle United,Leicester City,2.6,3.3,3.0,,,,2.65,3.3,3.05,2.56,3.22,2.93
2018,2018-09-29,West Ham United,Manchester United,4.5,3.8,1.85,,,,4.6,3.87,1.89,4.41,3.71,1.84
2018,2018-09-29,Wolverhampton Wanderers,Southampton,1.8,3.6,5.25,,,,1.9,3.75,5.25,1.82,3.54,4.79
2018,2018-09-30,Cardiff City,Burnley,2.62,3.0,3.2,,,,2.64,3.15,3.2,2.56,3.06,3.09
2018,2018-10-01,Bournemouth,Crystal Palace,2.25,3.5,3.4,,,,2.37,3.55,3.4,2.25,3.43,3.24
2018,2018-10-05,Brighton,West Ham United,2.7,3.3,2.87,,,,2.75,3.35,2.9,2.67,3.26,2.8
2018,2018-10-06,Burnley,Huddersfield Town,2.14,3.1,4.2,,,,2.18,3.2,4.35,2.12,3.06,4.11
2018,2018-10-06,Crystal Palace,Wolverhampton Wanderers,3.0,3.2,2.62,,,,3.03,3.25,2.75,2.92,3.18,2.6
2018,2018-10-06,Leicester City,Everton,2.2,3.4,3.6,,,,2.28,3.55,3.6,2.19,3.4,3.44
2018,2018-10-06,Manchester United,Newcastle United,1.44,4.5,9.0,,,,1.5,4.6,9.0,1.45,4.44,7.86
2018,2018-10-06,Tottenham Hotspur,Cardiff City,1.22,7.0,15.0,,,,1.26,7.5,16.0,1.23,6.51,13.14
2018,2018-10-06,Watford,Bournemouth,2.14,3.6,3.5,,,,2.16,3.7,3.68,2.13,3.55,3.45
2018,2018-10-07,Fulham,Arsenal,5.25,4.33,1.66,,,,5.25,4.5,1.71,4.85,4.31,1.66
2018,2018-10-07,Liverpool,Manchester City,2.54,3.6,2.8,,,,2.63,3.7,2.88,2.52,3.54,2.77
2018,2018-10-07,Southampton,Chelsea,6.0,4.1,1.61,,,,6.19,4.3,1.65,5.75,4.07,1.61
2018,2018-10-20,Bournemouth,Southampton,2.04,3.7,3.75,,,,2.1,3.75,3.9,2.03,3.58,3.69
2018,2018-10-20,Cardiff City,Fulham,2.5,3.5,2.95,,,,2.55,3.53,3.1,2.46,3.42,2.91
2018,2018-10-20,Chelsea,Manchester United,1.75,3.8,5.25,,,,1.77,4.15,5.26,1.73,3.86,4.94
2018,2018-10-20,Huddersfield Town,Liverpool,11.0,5.5,1.33,,,,13.0,5.5,1.35,11.1,5.18,1.31
2018,2018-10-20,Manchester City,Burnley,1.08,13.0,34.0,,,,1.1,15.0,41.0,1.08,12.2,30.98
2018,2018-10-20,Newcastle United,Brighton,2.2,3.25,3.8,,,,2.27,3.25,3.9,2.19,3.16,3.71
2018,2018-10-20,West Ham United,Tottenham Hotspur,4.1,3.9,1.9,,,,4.3,3.95,1.95,4.02,3.8,1.89
2018,2018-10-20,Wolverhampton Wanderers,Watford,1.75,3.75,5.25,,,,1.8,3.75,5.5,1.74,3.63,5.18
2018,2018-10-21,Everton,Crystal Palace,1.85,3.6,4.75,,,,1.93,3.7,4.81,1.86,3.56,4.49
2018,2018-10-22,Arsenal,Leicester City,1.53,4.5,6.5,,,,1.58,4.75,6.75,1.53,4.45,5.99
2018,2018-10-27,Brighton,Wolverhampton Wanderers,3.2,3.2,2.5,,,,3.3,3.25,2.58,3.15,3.13,2.46
2018,2018-10-27,Fulham,Bournemouth,2.9,3.75,2.4,,,,2.95,3.85,2.5,2.85,3.69,2.38
2018,2018-10-27,Leicester City,West Ham United,2.1,3.5,3.8,,,,2.22,3.55,3.8,2.11,3.4,3.64
2018,2018-10-27,Liverpool,Cardiff City,1.11,11.0,26.0,,,,1.13,11.45,31.0,1.11,10.13,26.13
2018,2018-10-27,Southampton,Newcastle United,2.1,3.4,3.9,,,,2.19,3.4,4.0,2.11,3.27,3.8
2018,2018-10-27,Watford,Huddersfield Town,1.75,3.75,5.25,,,,1.8,3.8,5.5,1.75,3.65,5.1
2018,2018-10-28,Burnley,Chelsea,11.0,5.0,1.36,,,,11.5,5.1,1.4,10.06,4.84,1.36
2018,2018-10-28,Crystal Palace,Arsenal,4.75,4.1,1.75,,,,4.75,4.26,1.8,4.39,4.07,1.76
2018,2018-10-28,Manchester United,Everton,1.72,3.9,5.25,,,,1.78,4.0,5.32,1.73,3.8,4.93
2018,2018-10-29,Tottenham Hotspur,Manchester City,4.75,4.1,1.75,,,,4.8,4.35,1.8,4.51,4.1,1.72
2018,2018-11-03,Arsenal,Liverpool,3.9,3.9,1.95,,,,3.92,3.96,2.2,3.67,3.77,1.98
2018,2018-11-03,Bournemouth,Manchester United,3.6,3.7,2.1,,,,3.62,3.7,2.15,3.54,3.57,2.1
2018,2018-11-03,Cardiff City,Leicester City,3.8,3.4,2.14,,,,3.85,3.45,2.25,3.65,3.31,2.15
2018,2018-11-03,Everton,Brighton,1.61,4.0,6.5,,,,1.7,4.15,7.01,1.59,3.94,6.28
2018,2018-11-03,Newcastle United,Watford,2.75,3.25,2.8,,,,2.81,3.3,2.9,2.69,3.19,2.79
2018,2018-11-03,West Ham United,Burnley,1.75,3.75,5.25,,,,1.8,3.85,5.5,1.74,3.68,5.1
2018,2018-11-03,Wolverhampton Wanderers,Tottenham Hotspur,3.1,3.4,2.45,,,,3.28,3.43,2.5,3.05,3.33,2.41
2018,2018-11-04,Chelsea,Crystal Palace,1.25,6.75,13.0,,,,1.3,6.75,13.0,1.27,6.07,11.34
2018,2018-11-04,Manchester City,Southampton,1.11,11.0,29.0,,,,1.14,11.0,34.0,1.11,9.93,24.64
2018,2018-11-05,Huddersfield Town,Fulham,2.3,3.5,3.3,,,,2.4,3.5,3.45,2.28,3.35,3.25
2018,2018-11-10,Cardiff City,Brighton,2.6,3.1,3.1,,,,2.65,3.2,3.2,2.56,3.11,3.05
2018,2018-11-10,Crystal Palace,Tottenham Hotspur,4.5,3.75,1.85,,,,4.5,3.8,1.92,4.34,3.67,1.86
2018,2018-11-10,Huddersfield Town,West Ham United,3.4,3.25,2.35,,,,3.5,3.33,2.38,3.39,3.21,2.3
2018,2018-11-10,Leicester City,Burnley,1.5,4.33,8.0,,,,1.53,4.5,8.0,1.49,4.28,7.24
2018,2018-11-10,Newcastle United,Bournemouth,2.9,3.4,2.6,,,,2.94,3.45,2.68,2.81,3.33,2.59
2018,2018-11-10,Southampton,Watford,2.5,3.3,3.1,,,,2.58,3.4,3.11,2.47,3.28,3.0
2018,2018-11-11,Arsenal,Wolverhampton Wanderers,1.66,4.2,5.25,,,,1.7,4.4,6.2,1.65,4.11,5.19
2018,2018-11-11,Chelsea,Everton,1.4,5.25,8.5,,,,1.46,5.25,8.5,1.42,4.89,7.45
2018,2018-11-11,Liverpool,Fulham,1.11,11.0,26.0,,,,1.13,12.0,31.0,1.11,10.48,23.87
2018,2018-11-11,Manchester City,Manchester United,1.4,5.25,8.5,,,,1.45,5.5,9.0,1.39,5.14,7.77
2018,2018-11-24,Brighton,Leicester City,2.9,3.4,2.6,,,,3.0,3.4,2.75,2.87,3.18,2.63
2018,2018-11-24,Everton,Cardiff City,1.4,5.0,9.0,,,,1.45,5.0,9.0,1.42,4.66,8.12
2018,2018-11-24,Fulham,Southampton,2.62,3.5,2.8,,,,2.72,3.5,2.9,2.61,3.35,2.77
2018,2018-11-24,Manchester United,Crystal Palace,1.4,5.25,8.0,,,,1.44,5.25,9.0,1.4,4.81,8.13
2018,2018-11-24,Tottenham Hotspur,Chelsea,2.8,3.5,2.6,,,,2.88,3.55,2.65,2.78,3.42,2.56
2018,2018-11-24,Watford,Liverpool,6.5,4.33,1.55,,,,6.6,4.5,1.6,6.03,4.28,1.55
2018,2018-11-24,West Ham United,Manchester City,13.0,6.5,1.25,,,,13.0,6.75,1.27,11.55,6.3,1.25
2018,2018-11-25,Bournemouth,Arsenal,3.5,3.75,1.95,,,,3.7,4.0,2.11,3.5,3.77,2.03
2018,2018-11-25,Wolverhampton Wanderers,Huddersfield Town,1.5,4.33,8.0,,,,1.53,4.33,8.5,1.49,4.08,7.75
2018,2018-11-26,Burnley,Newcastle United,2.9,3.2,2.75,,,,2.93,3.2,2.85,2.84,3.1,2.7
2018,2018-11-30,Cardiff City,Wolverhampton Wanderers,3.8,3.25,2.2,,,,3.8,3.32,2.31,3.64,3.2,2.21
2018,2018-12-01,Crystal Palace,Burnley,1.61,3.9,6.5,,,,1.67,4.0,6.66,1.62,3.82,6.21
2018,2018-12-01,Huddersfield Town,Brighton,2.5,3.0,3.4,,,,2.56,3.06,3.46,2.47,2.97,3.31
2018,2018-12-01,Leicester City,Watford,2.25,3.3,3.6,,,,2.32,3.41,3.6,2.25,3.3,3.4
2018,2018-12-01,Manchester City,Bournemouth,1.11,11.0,26.0,,,,1.14,11.25,26.0,1.11,10.11,22.4
2018,2018-12-01,Newcastle United,West Ham United,2.5,3.3,3.1,,,,2.58,3.38,3.13,2.47,3.25,3.03
2018,2018-12-01,Southampton,Manchester United,4.33,3.6,1.95,,,,4.5,3.65,2.0,4.2,3.53,1.92
2018,2018-12-02,Arsenal,Tottenham Hotspur,2.62,3.6,2.75,,,,2.65,3.75,2.75,2.56,3.57,2.69
2018,2018-12-02,Chelsea,Fulham,1.18,8.0,17.0,,,,1.21,8.5,19.0,1.18,7.65,15.63
2018,2018-12-02,Liverpool,Everton,1.4,5.0,9.0,,,,1.42,5.25,9.0,1.39,4.94,8.28
2018,2018-12-04,Bournemouth,Huddersfield Town,1.66,3.8,6.0,,,,1.8,3.95,6.02,1.69,3.77,5.45
2018,2018-12-04,Brighton,Crystal Palace,3.0,3.1,2.7,,,,3.01,3.2,2.85,2.9,3.06,2.72
2018,2018-12-04,Watford,Manchester City,11.0,6.0,1.3,,,,12.0,6.25,1.33,10.09,5.8,1.3
2018,2018-12-04,West Ham United,Cardiff City,1.66,4.0,5.75,,,,1.71,4.1,6.0,1.65,3.95,5.55
2018,2018-12-05,Burnley,Liverpool,14.0,5.75,1.28,,,,14.0,6.25,1.3,11.64,5.7,1.28
2018,2018-12-05,Everton,Newcastle United,1.6,4.0,6.5,,,,1.65,4.1,7.0,1.58,3.9,6.4
2018,2018-12-05,Fulham,Leicester City,3.0,3.5,2.45,,,,3.06,3.6,2.52,2.97,3.43,2.41
2018,2018-12-05,Manchester United,Arsenal,2.45,3.5,3.0,,,,2.52,3.6,3.05,2.4,3.48,2.93
2018,2018-12-05,Tottenham Hotspur,Southampton,1.36,5.25,9.5,,,,1.4,5.25,10.0,1.37,4.96,8.82
2018,2018-12-05,Wolverhampton Wanderers,Chelsea,5.0,3.75,1.8,,,,5.06,3.9,1.83,4.7,3.71,1.78
2018,2018-12-08,Arsenal,Huddersfield Town,1.28,6.0,12.0,,,,1.3,6.25,13.0,1.28,5.88,11.2
2018,2018-12-08,Bournemouth,Liverpool,5.75,4.5,1.6,,,,6.0,4.57,1.68,5.53,4.33,1.59
2018,2018-12-08,Burnley,Brighton,2.9,3.2,2.75,,,,2.95,3.2,2.85,2.84,3.08,2.73
2018,2018-12-08,Cardiff City,Southampton,2.9,3.25,2.7,,,,2.95,3.33,2.72,2.86,3.21,2.62
2018,2018-12-08,Chelsea,Manchester City,4.0,3.8,1.95,,,,4.2,3.8,2.0,3.85,3.67,1.95
2018,2018-12-08,Leicester City,Tottenham Hotspur,3.8,3.75,2.0,,,,4.0,3.75,2.08,3.79,3.55,2.0
2018,2018-12-08,Manchester United,Fulham,1.33,5.75,10.0,,,,1.38,5.75,10.5,1.35,5.24,9.11
2018,2018-12-08,West Ham United,Crystal Palace,2.3,3.4,3.4,,,,2.33,3.45,3.5,2.26,3.34,3.32
2018,2018-12-09,Newcastle United,Wolverhampton Wanderers,2.9,3.2,2.7,,,,3.01,3.2,2.82,2.91,3.08,2.65
2018,2018-12-10,Everton,Watford,1.8,3.75,5.0,,,,1.82,3.95,5.11,1.75,3.74,4.77
2018,2018-12-15,Crystal Palace,Leicester City,2.62,3.2,3.0,,,,2.72,3.2,3.05,2.64,3.12,2.92
2018,2018-12-15,Fulham,West Ham United,2.9,3.6,2.5,,,,3.03,3.65,2.51,2.9,3.51,2.42
2018,2018-12-15,Huddersfield Town,Newcastle United,2.6,3.1,3.1,,,,2.73,3.2,3.2,2.63,3.01,3.05
2018,2018-12-15,Manchester City,Everton,1.22,7.5,13.0,,,,1.26,7.5,15.0,1.22,6.83,12.85
2018,2018-12-15,Tottenham Hotspur,Burnley,1.18,8.0,19.0,,,,1.2,8.15,21.0,1.18,7.45,16.85
2018,2018-12-15,Watford,Cardiff City,1.64,3.9,6.0,,,,1.7,4.1,6.37,1.64,3.87,5.81
2018,2018-12-15,Wolverhampton Wanderers,Bournemouth,1.95,3.6,4.33,,,,2.03,3.65,4.35,1.96,3.51,4.09
2018,2018-12-16,Brighton,Chelsea,7.5,4.5,1.5,,,,8.5,4.6,1.52,7.4,4.31,1.48
2018,2018-12-16,Liverpool,Manchester United,1.57,4.5,6.0,,,,1.65,4.51,7.0,1.54,4.31,6.29
2018,2018-12-16,Southampton,Arsenal,4.1,3.9,1.9,,,,4.1,3.95,1.98,3.84,3.8,1.93
2018,2018-12-21,Wolverhampton Wanderers,Liverpool,7.0,4.0,1.57,,,,7.2,4.15,1.62,6.61,3.97,1.58
2018,2018-12-22,Arsenal,Burnley,1.25,6.5,15.0,,,,1.26,6.75,15.25,1.24,6.29,13.63
2018,2018-12-22,Bournemouth,Brighton,1.9,3.7,4.33,,,,1.97,3.7,4.5,1.91,3.54,4.27
2018,2018-12-22,Cardiff City,Manchester United,6.5,4.2,1.57,,,,6.63,4.2,1.65,6.06,4.05,1.59
2018,2018-12-22,Chelsea,Leicester City,1.33,5.5,11.0,,,,1.36,5.5,11.39,1.33,5.23,10.39
2018,2018-12-22,Huddersfield Town,Southampton,3.1,3.1,2.6,,,,3.15,3.15,2.73,3.05,3.07,2.58
2018,2018-12-22,Manchester City,Crystal Palace,1.14,10.0,21.0,,,,1.17,10.0,25.0,1.14,8.79,19.89
2018,2018-12-22,Newcastle United,Fulham,2.0,3.6,4.0,,,,2.06,3.63,4.13,1.99,3.52,3.94
2018,2018-12-22,West Ham United,Watford,2.37,3.5,3.1,,,,2.4,3.6,3.2,2.33,3.48,3.07
2018,2018-12-23,Everton,Tottenham Hotspur,3.25,3.5,2.3,,,,3.35,3.55,2.4,3.19,3.42,2.29
2018,2018-12-26,Brighton,Arsenal,5.25,3.9,1.72,,,,5.33,4.05,1.77,5.04,3.84,1.71
2018,2018-12-26,Burnley,Everton,4.33,3.5,1.95,,,,4.51,3.6,1.98,4.33,3.44,1.93
2018,2018-12-26,Crystal Palace,Cardiff City,1.66,4.0,5.75,,,,1.7,4.1,6.08,1.65,3.92,5.59
2018,2018-12-26,Fulham,Wolverhampton Wanderers,3.25,3.4,2.37,,,,3.3,3.4,2.47,3.19,3.28,2.36
2018,2018-12-26,Leicester City,Manchester City,9.5,5.25,1.36,,,,10.0,5.45,1.39,9.0,5.13,1.36
2018,2018-12-26,Liverpool,Newcastle United,1.16,8.5,19.0,,,,1.18,9.5,21.0,1.16,8.05,17.73
2018,2018-12-26,Manchester United,Huddersfield Town,1.25,6.5,15.0,,,,1.25,7.0,16.0,1.23,6.34,13.66
2018,2018-12-26,Tottenham Hotspur,Bournemouth,1.36,5.5,9.0,,,,1.38,5.5,10.01,1.35,5.23,9.12
2018,2018-12-26,Watford,Chelsea,5.25,3.8,1.75,,,,5.27,3.95,1.79,4.89,3.8,1.74
2018,2018-12-27,Southampton,West Ham United,2.3,3.5,3.3,,,,2.31,3.6,3.36,2.25,3.46,3.24
2018,2018-12-29,Brighton,Everton,3.25,3.4,2.14,,,,3.6,3.46,2.3,3.44,3.36,2.21
2018,2018-12-29,Fulham,Huddersfield Town,2.0,3.4,3.75,,,,2.12,3.4,4.2,2.06,3.27,3.97
2018,2018-12-29,Leicester City,Cardiff City,1.55,4.0,6.0,,,,1.6,4.55,6.73,1.57,4.13,6.18
2018,2018-12-29,Liverpool,Arsenal,1.5,4.5,5.75,,,,1.53,5.15,7.0,1.49,4.74,6.25
2018,2018-12-29,Tottenham Hotspur,Wolverhampton Wanderers,1.33,5.0,8.5,,,,1.39,5.5,10.5,1.36,5.01,9.16
2018,2018-12-29,Watford,Newcastle United,1.85,3.6,4.0,,,,1.88,3.8,5.0,1.81,3.67,4.59
2018,2018-12-30,Burnley,West Ham United,3.3,3.2,2.25,,,,3.46,3.55,2.4,3.25,3.4,2.27
2018,2018-12-30,Crystal Palace,Chelsea,4.75,4.0,1.66,,,,5.25,4.0,1.77,4.96,3.8,1.73
2018,2018-12-30,Manchester United,Bournemouth,1.33,4.75,10.0,,,,1.39,5.75,10.0,1.36,5.26,8.67
2018,2018-12-30,Southampton,Manchester City,10.0,5.25,1.3,,,,10.5,6.0,1.35,9.54,5.47,1.33
2018,2019-01-01,Arsenal,Fulham,1.33,5.75,9.5,,,,1.38,6.0,10.0,1.34,5.44,8.84
2018,2019-01-01,Cardiff City,Tottenham Hotspur,7.5,4.5,1.5,,,,7.5,4.7,1.52,6.95,4.43,1.49
2018,2019-01-01,Everton,Leicester City,2.0,3.5,4.2,,,,2.06,3.6,4.2,2.01,3.46,3.94
2018,2019-01-02,Bournemouth,Watford,2.6,3.6,2.75,,,,2.66,3.65,2.85,2.55,3.48,2.75
2018,2019-01-02,Chelsea,Southampton,1.28,6.5,11.0,,,,1.33,6.5,13.5,1.27,5.94,11.58
2018,2019-01-02,Huddersfield Town,Burnley,2.14,3.1,4.2,,,,2.22,3.2,4.2,2.15,3.12,3.92
2018,2019-01-02,Newcastle United,Manchester United,6.0,4.2,1.61,,,,6.25,4.4,1.62,5.78,4.22,1.58
2018,2019-01-02,West Ham United,Brighton,1.95,3.75,4.0,,,,2.02,3.75,4.2,1.96,3.56,3.96
2018,2019-01-02,Wolverhampton Wanderers,Crystal Palace,2.0,3.4,4.33,,,,2.06,3.55,4.33,2.0,3.33,4.13
2018,2019-01-03,Manchester City,Liverpool,2.04,3.8,3.6,,,,2.1,4.0,3.7,2.04,3.79,3.45
2018,2019-01-12,Brighton,Liverpool,11.0,6.0,1.3,,,,11.0,6.0,1.35,10.09,5.39,1.32
2018,2019-01-12,Burnley,Fulham,2.4,3.3,3.25,,,,2.5,3.35,3.38,2.37,3.25,3.22
2018,2019-01-12,Cardiff City,Huddersfield Town,2.25,3.25,3.6,,,,2.32,3.25,3.75,2.25,3.17,3.56
2018,2019-01-12,Chelsea,Newcastle United,1.22,7.0,15.0,,,,1.26,7.0,17.0,1.23,6.35,14.63
2018,2019-01-12,Crystal Palace,Watford,2.25,3.4,3.5,,,,2.32,3.45,3.6,2.23,3.35,3.4
2018,2019-01-12,Leicester City,Southampton,1.95,3.5,4.33,,,,2.02,3.6,4.5,1.94,3.48,4.24
2018,2019-01-12,West Ham United,Arsenal,3.5,4.0,2.05,,,,3.6,4.0,2.11,3.43,3.8,2.06
2018,2019-01-13,Everton,Bournemouth,1.75,4.0,4.8,,,,1.81,4.05,4.91,1.76,3.89,4.64
2018,2019-01-13,Tottenham Hotspur,Manchester United,2.05,3.7,3.75,,,,2.15,3.8,3.85,2.06,3.64,3.58
2018,2019-01-14,Manchester City,Wolverhampton Wanderers,1.18,8.0,17.0,,,,1.22,8.5,18.0,1.19,7.34,15.63
2018,2019-01-19,Arsenal,Chelsea,3.1,3.6,2.37,,,,3.11,3.66,2.4,3.01,3.54,2.34
2018,2019-01-19,Bournemouth,West Ham United,2.37,3.7,3.0,,,,2.4,3.71,3.1,2.35,3.59,2.96
2018,2019-01-19,Liverpool,Crystal Palace,1.2,7.5,17.0,,,,1.22,7.75,18.0,1.19,7.18,15.52
2018,2019-01-19,Manchester United,Brighton,1.3,5.75,12.0,,,,1.33,6.0,12.0,1.3,5.49,10.75
2018,2019-01-19,Newcastle United,Cardiff City,1.95,3.4,4.5,,,,2.0,3.45,4.6,1.96,3.3,4.4
2018,2019-01-19,Southampton,Everton,2.75,3.4,2.7,,,,2.8,3.44,2.78,2.7,3.34,2.7
2018,2019-01-19,Watford,Burnley,1.65,4.0,5.75,,,,1.7,4.15,6.0,1.64,3.95,5.54
2018,2019-01-19,Wolverhampton Wanderers,Leicester City,2.37,3.2,3.4,,,,2.4,3.21,3.5,2.33,3.16,3.4
2018,2019-01-20,Fulham,Tottenham Hotspur,5.25,3.8,1.75,,,,5.5,3.8,1.77,5.28,3.64,1.73
2018,2019-01-20,Huddersfield Town,Manchester City,21.0,8.5,1.16,,,,28.0,10.0,1.18,20.84,8.34,1.15
2018,2019-01-29,Arsenal,Cardiff City,1.22,7.0,15.0,,,,1.25,7.35,15.5,1.23,6.77,13.42
2018,2019-01-29,Fulham,Brighton,2.37,3.3,3.3,,,,2.46,3.3,3.5,2.39,3.2,3.28
2018,2019-01-29,Huddersfield Town,Everton,4.0,3.3,2.1,,,,4.1,3.38,2.14,3.96,3.28,2.08
2018,2019-01-29,Manchester United,Burnley,1.28,6.0,12.0,,,,1.31,6.5,13.5,1.28,5.83,11.77
2018,2019-01-29,Newcastle United,Manchester City,19.0,8.0,1.18,,,,19.0,8.1,1.21,16.18,7.41,1.19
2018,2019-01-29,Wolverhampton Wanderers,West Ham United,2.1,3.5,3.75,,,,2.13,3.58,3.9,2.08,3.45,3.77
2018,2019-01-30,Bournemouth,Chelsea,5.25,4.2,1.66,,,,5.75,4.35,1.67,5.42,4.1,1.63
2018,2019-01-30,Liverpool,Leicester City,1.22,7.0,15.0,,,,1.26,7.1,15.0,1.23,6.41,13.41
2018,2019-01-30,Southampton,Crystal Palace,2.4,3.4,3.2,,,,2.45,3.4,3.29,2.35,3.32,3.18
2018,2019-01-30,Tottenham Hotspur,Watford,1.66,4.0,5.75,,,,1.68,4.11,6.05,1.64,3.95,5.54
2018,2019-02-02,Brighton,Watford,2.55,3.3,3.0,,,,2.65,3.35,3.01,2.55,3.23,2.94
2018,2019-02-02,Burnley,Southampton,2.55,3.5,2.87,,,,2.6,3.5,3.0,2.54,3.32,2.88
2018,2019-02-02,Cardiff City,Bournemouth,3.25,3.5,2.3,,,,3.31,3.5,2.42,3.15,3.41,2.32
2018,2019-02-02,Chelsea,Huddersfield Town,1.2,7.5,19.0,,,,1.23,7.5,19.0,1.2,6.81,15.53
2018,2019-02-02,Crystal Palace,Fulham,2.05,3.5,4.0,,,,2.12,3.6,4.0,2.02,3.47,3.84
2018,2019-02-02,Everton,Wolverhampton Wanderers,2.37,3.4,3.25,,,,2.45,3.4,3.3,2.36,3.31,3.16
2018,2019-02-02,Tottenham Hotspur,Newcastle United,1.44,4.5,9.0,,,,1.47,4.8,9.5,1.43,4.41,8.72
2018,2019-02-03,Leicester City,Manchester United,3.6,3.5,2.15,,,,3.84,3.53,2.17,3.63,3.41,2.11
2018,2019-02-03,Manchester City,Arsenal,1.33,6.0,9.0,,,,1.35,6.45,10.5,1.3,6.0,9.23
2018,2019-02-04,West Ham United,Liverpool,8.0,5.25,1.4,,,,9.25,5.45,1.43,7.95,5.14,1.38
2018,2019-02-06,Everton,Manchester City,10.0,6.25,1.3,,,,11.0,6.25,1.35,9.41,5.78,1.31
2018,2019-02-09,Brighton,Burnley,2.05,3.3,4.2,,,,2.1,3.41,4.33,2.04,3.28,4.05
2018,2019-02-09,Crystal Palace,West Ham United,2.1,3.5,3.75,,,,2.18,3.5,3.8,2.11,3.4,3.65
2018,2019-02-09,Fulham,Manchester United,5.5,4.4,1.61,,,,5.69,4.43,1.65,5.31,4.25,1.62
2018,2019-02-09,Huddersfield Town,Arsenal,5.75,4.4,1.6,,,,6.0,4.4,1.66,5.6,4.14,1.61
2018,2019-02-09,Liverpool,Bournemouth,1.22,7.5,14.0,,,,1.22,7.7,17.0,1.2,7.17,14.53
2018,2019-02-09,Southampton,Cardiff City,1.75,3.9,5.0,,,,1.81,3.9,5.2,1.76,3.7,4.89
2018,2019-02-09,Watford,Everton,2.35,3.5,3.2,,,,2.45,3.5,3.25,2.34,3.37,3.15
2018,2019-02-10,Manchester City,Chelsea,1.5,4.75,7.0,,,,1.55,4.75,7.04,1.5,4.45,6.57
2018,2019-02-10,Tottenham Hotspur,Leicester City,1.7,3.9,5.5,,,,1.73,4.03,5.75,1.69,3.81,5.32
2018,2019-02-11,Wolverhampton Wanderers,Newcastle United,1.7,3.75,5.75,,,,1.73,3.82,6.0,1.69,3.67,5.56
2018,2019-02-22,Cardiff City,Watford,3.1,3.4,2.45,,,,3.28,3.4,2.5,3.06,3.31,2.44
2018,2019-02-22,West Ham United,Fulham,1.95,3.8,4.0,,,,1.98,3.8,4.3,1.93,3.71,4.03
2018,2019-02-23,Bournemouth,Wolverhampton Wanderers,2.87,3.4,2.62,,,,2.9,3.4,2.72,2.83,3.28,2.61
2018,2019-02-23,Burnley,Tottenham Hotspur,5.75,3.8,1.7,,,,5.75,3.99,1.74,5.29,3.79,1.7
2018,2019-02-23,Leicester City,Crystal Palace,2.25,3.4,3.5,,,,2.25,3.4,3.7,2.21,3.3,3.5
2018,2019-02-23,Newcastle United,Huddersfield Town,1.83,3.5,5.25,,,,1.87,3.5,5.5,1.83,3.39,4.99
2018,2019-02-24,Arsenal,Southampton,1.5,4.75,7.0,,,,1.54,4.75,7.0,1.51,4.46,6.46
2018,2019-02-24,Manchester United,Liverpool,3.1,3.5,2.37,,,,3.2,3.63,2.4,3.06,3.48,2.34
2018,2019-02-26,Cardiff City,Everton,3.75,3.4,2.15,,,,3.9,3.45,2.2,3.72,3.33,2.13
2018,2019-02-26,Huddersfield Town,Wolverhampton Wanderers,5.0,3.5,1.85,,,,5.25,3.55,1.89,5.01,3.39,1.84
2018,2019-02-26,Leicester City,Brighton,1.9,3.5,4.6,,,,2.0,3.5,4.75,1.93,3.4,4.42
2018,2019-02-26,Newcastle United,Burnley,2.15,3.3,3.9,,,,2.2,3.35,4.0,2.13,3.27,3.82
2018,2019-02-27,Arsenal,Bournemouth,1.44,5.0,7.5,,,,1.46,5.0,8.25,1.44,4.79,7.17
2018,2019-02-27,Chelsea,Tottenham Hotspur,2.3,3.5,3.25,,,,2.4,3.52,3.38,2.28,3.4,3.23
2018,2019-02-27,Crystal Palace,Manchester United,3.25,3.5,2.3,,,,3.3,3.5,2.4,3.18,3.38,2.32
2018,2019-02-27,Liverpool,Watford,1.28,6.0,12.0,,,,1.32,6.25,13.0,1.29,5.74,11.26
2018,2019-02-27,Manchester City,West Ham United,1.16,9.0,19.0,,,,1.18,9.25,21.0,1.16,8.12,17.75
2018,2019-02-27,Southampton,Fulham,1.9,3.7,4.33,,,,1.97,3.7,4.4,1.91,3.57,4.21
2018,2019-03-02,Bournemouth,Manchester City,13.0,7.5,1.22,,,,15.0,7.5,1.25,12.42,6.98,1.22
2018,2019-03-02,Brighton,Huddersfield Town,1.85,3.4,5.25,,,,1.86,3.6,5.4,1.82,3.39,5.1
2018,2019-03-02,Burnley,Crystal Palace,2.8,3.3,2.75,,,,2.9,3.32,2.82,2.81,3.24,2.65
2018,2019-03-02,Manchester United,Southampton,1.45,4.5,8.5,,,,1.5,4.75,8.5,1.45,4.47,7.67
2018,2019-03-02,Tottenham Hotspur,Arsenal,2.05,3.7,3.75,,,,2.12,3.8,3.8,2.04,3.61,3.65
2018,2019-03-02,West Ham United,Newcastle United,2.15,3.5,3.6,,,,2.15,3.56,3.81,2.09,3.44,3.66
2018,2019-03-02,Wolverhampton Wanderers,Cardiff City,1.5,4.33,8.0,,,,1.55,4.37,8.0,1.51,4.21,7.13
2018,2019-03-03,Everton,Liverpool,6.0,4.2,1.61,,,,6.0,4.2,1.67,5.64,3.98,1.63
2018,2019-03-03,Fulham,Chelsea,6.5,4.5,1.53,,,,7.0,4.68,1.55,6.25,4.43,1.52
2018,2019-03-03,Watford,Leicester City,2.55,3.3,3.0,,,,2.6,3.45,3.13,2.46,3.33,2.97
2018,2019-03-09,Cardiff City,West Ham United,3.6,3.5,2.15,,,,3.61,3.52,2.25,3.45,3.42,2.19
2018,2019-03-09,Crystal Palace,Brighton,1.83,3.6,5.0,,,,1.89,3.6,5.0,1.85,3.48,4.72
2018,2019-03-09,Huddersfield Town,Bournemouth,3.4,3.3,2.35,,,,3.6,3.32,2.4,3.4,3.24,2.29
2018,2019-03-09,Leicester City,Fulham,1.57,4.5,6.0,,,,1.62,4.5,6.0,1.6,4.3,5.58
2018,2019-03-09,Manchester City,Watford,1.16,9.0,19.0,,,,1.17,9.5,21.0,1.15,8.5,18.41
2018,2019-03-09,Newcastle United,Everton,2.8,3.25,2.8,,,,2.88,3.25,2.85,2.79,3.14,2.76
2018,2019-03-09,Southampton,Tottenham Hotspur,4.5,3.8,1.85,,,,4.75,3.9,1.9,4.26,3.74,1.87
2018,2019-03-10,Arsenal,Manchester United,2.4,3.6,3.0,,,,2.48,3.65,3.1,2.38,3.52,2.96
2018,2019-03-10,Chelsea,Wolverhampton Wanderers,1.55,4.2,7.0,,,,1.6,4.4,7.2,1.56,4.03,6.53
2018,2019-03-10,Liverpool,Burnley,1.16,8.5,21.0,,,,1.2,8.5,22.0,1.17,7.66,17.74
2018,2019-03-16,Bournemouth,Newcastle United,2.05,3.6,3.8,,,,2.14,3.6,3.8,2.08,3.42,3.7
2018,2019-03-16,Burnley,Leicester City,3.1,3.4,2.45,,,,3.2,3.43,2.52,3.06,3.31,2.42
2018,2019-03-16,West Ham United,Huddersfield Town,1.55,4.2,7.0,,,,1.6,4.3,7.25,1.57,4.02,6.45
2018,2019-03-17,Everton,Chelsea,4.0,3.8,1.95,,,,4.4,3.8,2.0,4.0,3.57,1.95
2018,2019-03-17,Fulham,Liverpool,12.0,7.0,1.25,,,,15.0,7.0,1.28,11.67,6.31,1.25
2018,2019-03-30,Brighton,Southampton,2.55,3.2,3.1,,,,2.65,3.2,3.15,2.57,3.09,3.05
2018,2019-03-30,Burnley,Wolverhampton Wanderers,3.2,3.25,2.45,,,,3.25,3.3,2.56,3.15,3.17,2.45
2018,2019-03-30,Crystal Palace,Huddersfield Town,1.45,4.4,9.0,,,,1.5,4.5,9.0,1.46,4.29,8.16
2018,2019-03-30,Fulham,Manchester City,21.0,11.0,1.12,,,,23.0,11.0,1.16,19.78,9.49,1.13
2018,2019-03-30,Leicester City,Bournemouth,1.85,3.8,4.5,,,,1.9,4.0,4.6,1.83,3.79,4.34
2018,2019-03-30,Manchester United,Watford,1.44,4.75,8.0,,,,1.47,4.92,8.5,1.44,4.71,7.46
2018,2019-03-30,West Ham United,Everton,2.55,3.5,2.9,,,,2.65,3.5,2.94,2.53,3.41,2.84
2018,2019-03-31,Cardiff City,Chelsea,9.0,4.5,1.44,,,,9.05,4.65,1.47,8.08,4.47,1.44
2018,2019-03-31,Liverpool,Tottenham Hotspur,1.61,4.2,6.0,,,,1.65,4.33,6.0,1.61,4.13,5.62
2018,2019-04-01,Arsenal,Newcastle United,1.36,5.25,9.5,,,,1.42,5.3,9.5,1.39,4.95,8.36
2018,2019-04-02,Watford,Fulham,1.72,4.0,5.0,,,,1.78,4.0,5.25,1.74,3.86,4.85
2018,2019-04-02,Wolverhampton Wanderers,Manchester United,4.0,3.6,2.0,,,,4.2,3.62,2.1,3.98,3.51,1.99
2018,2019-04-03,Chelsea,Brighton,1.25,6.5,15.0,,,,1.29,6.5,15.5,1.26,5.79,13.11
2018,2019-04-03,Manchester City,Cardiff City,1.06,17.0,34.0,,,,1.08,17.25,60.0,1.06,14.37,40.61
2018,2019-04-03,Tottenham Hotspur,Crystal Palace,1.45,5.0,7.5,,,,1.5,5.0,7.75,1.47,4.61,7.04
2018,2019-04-05,Southampton,Liverpool,9.0,5.0,1.4,,,,10.0,5.2,1.45,8.68,4.89,1.39
2018,2019-04-06,Bournemouth,Burnley,2.1,3.6,3.75,,,,2.14,3.65,3.75,2.07,3.55,3.63
2018,2019-04-06,Huddersfield Town,Leicester City,5.0,4.0,1.72,,,,5.5,4.0,1.77,5.02,3.8,1.73
2018,2019-04-06,Newcastle United,Crystal Palace,2.6,3.25,3.0,,,,2.61,3.3,3.1,2.53,3.19,3.02
2018,2019-04-07,Everton,Arsenal,3.0,3.75,2.35,,,,3.15,3.75,2.42,3.02,3.6,2.32
2018,2019-04-08,Chelsea,West Ham United,1.33,5.75,9.5,,,,1.4,6.0,11.0,1.33,5.55,9.25
2018,2019-04-12,Leicester City,Newcastle United,1.66,4.0,5.75,,,,1.69,4.1,6.25,1.65,3.87,5.77
2018,2019-04-13,Brighton,Bournemouth,2.3,3.4,3.4,,,,2.33,3.45,3.5,2.28,3.32,3.35
2018,2019-04-13,Burnley,Cardiff City,1.9,3.6,4.5,,,,1.95,3.75,4.6,1.9,3.54,4.33
2018,2019-04-13,Fulham,Everton,5.0,4.0,1.75,,,,5.0,4.1,1.8,4.63,3.93,1.75
2018,2019-04-13,Manchester United,West Ham United,1.4,5.25,8.5,,,,1.42,5.3,9.0,1.4,5.03,7.9
2018,2019-04-13,Southampton,Wolverhampton Wanderers,2.6,3.25,3.0,,,,2.7,3.25,3.15,2.59,3.15,2.98
2018,2019-04-13,Tottenham Hotspur,Huddersfield Town,1.22,7.0,15.0,,,,1.25,7.25,18.0,1.22,6.77,14.24
2018,2019-04-14,Crystal Palace,Manchester City,11.0,6.0,1.3,,,,11.5,6.0,1.35,10.05,5.51,1.32
2018,2019-04-14,Liverpool,Chelsea,1.66,4.2,5.25,,,,1.71,4.25,5.5,1.66,4.05,5.2
2018,2019-04-15,Watford,Arsenal,3.2,3.75,2.25,,,,3.25,3.9,2.25,3.13,3.72,2.2
2018,2019-04-16,Brighton,Cardiff City,2.0,3.3,4.5,,,,2.05,3.34,4.75,2.0,3.24,4.29
2018,2019-04-20,Bournemouth,Fulham,1.65,4.4,5.25,,,,1.7,4.4,5.25,1.66,4.22,4.9
2018,2019-04-20,Huddersfield Town,Watford,4.4,3.9,1.85,,,,4.6,3.9,1.89,4.34,3.69,1.85
2018,2019-04-20,Manchester City,Tottenham Hotspur,1.3,6.0,11.0,,,,1.32,6.6,12.0,1.28,6.06,10.35
2018,2019-04-20,Newcastle United,Southampton,2.55,3.2,3.1,,,,2.59,3.25,3.26,2.48,3.12,3.16
2018,2019-04-20,West Ham United,Leicester City,3.3,3.5,2.3,,,,3.3,3.55,2.4,3.13,3.45,2.3
2018,2019-04-20,Wolverhampton Wanderers,Brighton,1.75,3.5,6.0,,,,1.8,3.6,6.0,1.76,3.44,5.46
2018,2019-04-21,Arsenal,Crystal Palace,1.53,4.6,6.5,,,,1.56,4.77,7.2,1.54,4.44,6.03
2018,2019-04-21,Cardiff City,Liverpool,17.0,7.5,1.2,,,,18.0,7.5,1.23,14.94,6.66,1.21
2018,2019-04-21,Everton,Manchester United,3.25,3.5,2.3,,,,3.3,3.6,2.35,3.17,3.44,2.3
2018,2019-04-22,Chelsea,Burnley,1.25,6.25,15.0,,,,1.29,6.6,15.0,1.26,5.95,12.42
2018,2019-04-23,Tottenham Hotspur,Brighton,1.28,6.0,13.0,,,,1.33,6.0,13.8,1.29,5.53,11.88
2018,2019-04-23,Watford,Southampton,2.25,3.5,3.4,,,,2.3,3.53,3.4,2.25,3.43,3.3
2018,2019-04-24,Manchester United,Manchester City,7.5,5.0,1.44,,,,7.5,5.05,1.5,6.79,4.73,1.46
2018,2019-04-24,Wolverhampton Wanderers,Arsenal,2.9,3.5,2.55,,,,3.0,3.5,2.57,2.89,3.41,2.48
2018,2019-04-26,Liverpool,Huddersfield Town,1.07,15.0,41.0,,,,1.09,17.0,51.0,1.07,13.61,36.37
2018,2019-04-27,Brighton,Newcastle United,2.3,3.2,3.6,,,,2.4,3.25,3.6,2.31,3.14,3.45
2018,2019-04-27,Crystal Palace,Everton,2.62,3.5,2.8,,,,2.72,3.5,2.88,2.61,3.37,2.76
2018,2019-04-27,Fulham,Cardiff City,2.4,3.6,3.0,,,,2.45,3.71,3.1,2.37,3.56,2.93
2018,2019-04-27,Southampton,Bournemouth,1.9,3.9,4.1,,,,1.95,3.9,4.3,1.91,3.72,4.03
2018,2019-04-27,Tottenham Hotspur,West Ham United,1.4,5.5,7.5,,,,1.45,5.5,7.8,1.43,4.91,7.14
2018,2019-04-27,Watford,Wolverhampton Wanderers,2.62,3.3,2.9,,,,2.7,3.35,3.0,2.58,3.23,2.9
2018,2019-04-28,Burnley,Manchester City,23.0,9.0,1.14,,,,25.0,9.6,1.17,19.65,8.43,1.15
2018,2019-04-28,Leicester City,Arsenal,2.75,3.6,2.6,,,,2.75,3.77,2.65,2.68,3.63,2.54
2018,2019-04-28,Manchester United,Chelsea,2.7,3.5,2.7,,,,2.75,3.5,2.8,2.67,3.38,2.69
2018,2019-05-03,Everton,Burnley,1.66,4.0,5.75,,,,1.7,4.1,6.1,1.66,3.88,5.6
2018,2019-05-04,Bournemouth,Tottenham Hotspur,4.0,4.0,1.9,,,,4.2,4.0,1.94,4.0,3.83,1.89
2018,2019-05-04,Cardiff City,Crystal Palace,2.6,3.75,2.7,,,,2.66,3.75,2.75,2.59,3.57,2.68
2018,2019-05-04,Newcastle United,Liverpool,9.5,5.25,1.36,,,,11.0,5.35,1.37,9.91,4.98,1.35
2018,2019-05-04,West Ham United,Southampton,2.3,3.75,3.1,,,,2.35,3.75,3.15,2.3,3.64,3.02
2018,2019-05-04,Wolverhampton Wanderers,Fulham,1.53,4.2,7.5,,,,1.57,4.35,7.5,1.55,4.12,6.52
2018,2019-05-05,Arsenal,Brighton,1.4,5.0,9.0,,,,1.44,5.0,9.25,1.41,4.69,8.3
2018,2019-05-05,Chelsea,Watford,1.4,5.25,8.0,,,,1.42,5.3,9.0,1.4,4.95,8.13
2018,2019-05-05,Huddersfield Town,Manchester United,11.0,6.0,1.3,,,,12.0,6.0,1.35,9.95,5.37,1.33
2018,2019-05-06,Manchester City,Leicester City,1.12,8.5,17.0,,,,1.18,9.5,20.0,1.16,8.29,16.95
2018,2019-05-12,Brighton,Manchester City,19.0,8.5,1.16,,,,21.0,8.75,1.18,16.94,8.03,1.16
2018,2019-05-12,Burnley,Arsenal,3.25,3.8,2.2,,,,3.3,3.9,2.3,3.14,3.74,2.2
2018,2019-05-12,Crystal Palace,Bournemouth,1.9,4.2,3.8,,,,1.91,4.2,4.1,1.87,4.0,3.87
2018,2019-05-12,Fulham,Newcastle United,2.5,3.6,2.9,,,,2.57,3.65,2.9,2.5,3.53,2.78
2018,2019-05-12,Leicester City,Chelsea,2.4,3.75,2.9,,,,2.45,3.75,3.05,2.4,3.57,2.89
2018,2019-05-12,Liverpool,Wolverhampton Wanderers,1.3,6.0,11.0,,,,1.33,6.0,11.5,1.3,5.62,10.17
2018,2019-05-12,Manchester United,Cardiff City,1.28,6.5,11.0,,,,1.31,6.75,11.0,1.28,6.18,10.1
2018,2019-05-12,Southampton,Huddersfield Town,1.44,4.75,8.5,,,,1.45,5.15,8.75,1.42,4.81,7.64
2018,2019-05-12,Tottenham Hotspur,Everton,2.2,3.5,3.5,,,,2.2,3.7,3.8,2.09,3.51,3.58
2018,2019-05-12,Watford,West Ham United,2.25,3.75,3.2,,,,2.26,3.9,3.25,2.2,3.73,3.13
2019,2019-08-09,Liverpool,Norwich City,1.14,10.0,19.0,1.14,9.5,21.0,1.16,10.0,23.0,1.14,8.75,19.83
2019,2019-08-10,Bournemouth,Sheffield United,1.95,3.6,3.6,1.95,3.7,4.2,2.06,3.65,4.0,2.01,3.53,3.83
2019,2019-08-10,Burnley,Southampton,2.62,3.2,2.75,2.7,3.25,2.9,2.8,3.33,2.85,2.68,3.22,2.78
2019,2019-08-10,Crystal Palace,Everton,3.0,3.25,2.37,3.4,3.5,2.25,3.21,3.4,2.52,3.13,3.27,2.4
2019,2019-08-10,Tottenham Hotspur,Aston Villa,1.3,5.25,10.0,1.36,5.5,9.0,1.33,5.95,12.0,1.3,5.53,10.51
2019,2019-08-10,Watford,Brighton,1.9,3.4,4.0,2.1,3.25,4.2,2.0,3.5,4.6,1.94,3.41,4.26
2019,2019-08-10,West Ham United,Manchester City,12.0,6.5,1.22,12.0,7.0,1.25,13.0,6.75,1.29,11.84,6.28,1.25
2019,2019-08-11,Leicester City,Wolverhampton Wanderers,2.2,3.2,3.4,2.4,3.25,3.3,2.29,3.38,3.66,2.22,3.28,3.48
2019,2019-08-11,Manchester United,Chelsea,2.1,3.3,3.5,2.05,3.5,4.0,2.28,3.43,3.63,2.19,3.32,3.49
2019,2019-08-11,Newcastle United,Arsenal,4.5,3.75,1.72,3.4,3.6,2.2,4.7,4.0,1.83,4.49,3.82,1.79
2019,2019-08-17,Arsenal,Burnley,1.3,5.5,10.0,1.33,5.25,9.0,1.36,5.75,11.0,1.33,5.49,9.48
2019,2019-08-17,Aston Villa,Bournemouth,2.3,3.4,3.1,2.2,3.6,3.1,2.42,3.64,3.2,2.33,3.49,3.08
2019,2019-08-17,Brighton,West Ham United,2.55,3.25,2.87,2.2,3.4,3.3,2.65,3.42,3.0,2.52,3.33,2.9
2019,2019-08-17,Everton,Watford,1.72,3.8,4.75,1.8,3.6,4.5,1.8,4.05,5.2,1.73,3.9,4.86
2019,2019-08-17,Manchester City,Tottenham Hotspur,1.36,5.25,8.0,1.33,5.5,8.0,1.4,5.5,9.0,1.36,5.32,8.46
2019,2019-08-17,Norwich City,Newcastle United,2.25,3.3,3.3,2.1,3.4,3.5,2.3,3.5,3.5,2.23,3.38,3.38
2019,2019-08-17,Southampton,Liverpool,6.5,4.75,1.44,6.5,4.5,1.45,7.5,4.9,1.52,6.77,4.67,1.47
2019,2019-08-18,Chelsea,Leicester City,1.7,3.75,5.0,1.7,3.75,5.0,1.77,4.0,5.35,1.73,3.77,5.07
2019,2019-08-18,Sheffield United,Crystal Palace,2.55,3.1,2.9,2.45,3.3,2.9,2.65,3.35,3.1,2.57,3.19,2.95
2019,2019-08-19,Wolverhampton Wanderers,Manchester United,3.3,3.3,2.25,2.87,3.3,2.45,3.41,3.4,2.35,3.32,3.28,2.3
2019,2019-08-23,Aston Villa,Everton,3.25,3.5,2.15,3.0,3.4,2.37,3.26,3.72,2.35,3.16,3.5,2.27
2019,2019-08-24,Brighton,Southampton,2.4,3.3,3.0,2.3,3.25,3.3,2.55,3.4,3.2,2.43,3.25,3.08
2019,2019-08-24,Liverpool,Arsenal,1.5,4.6,6.0,1.45,5.0,6.0,1.53,5.0,6.5,1.5,4.76,6.09
2019,2019-08-24,Manchester United,Crystal Palace,1.33,5.25,9.0,1.33,5.25,9.0,1.39,5.3,10.75,1.36,5.06,9.16
2019,2019-08-24,Norwich City,Chelsea,4.33,3.75,1.8,4.33,3.75,1.8,4.4,4.07,1.87,4.18,3.92,1.83
2019,2019-08-24,Sheffield United,Leicester City,3.3,3.3,2.25,3.25,3.3,2.25,3.6,3.34,2.32,3.45,3.23,2.26
2019,2019-08-24,Watford,West Ham United,2.05,3.5,3.5,2.15,3.5,3.3,2.2,3.65,3.65,2.13,3.53,3.47
2019,2019-08-25,Bournemouth,Manchester City,15.0,7.5,1.16,17.0,7.5,1.16,17.0,8.0,1.22,14.52,7.28,1.19
2019,2019-08-25,Tottenham Hotspur,Newcastle United,1.2,6.5,14.0,1.25,6.0,11.0,1.27,6.75,14.0,1.24,6.26,12.35
2019,2019-08-25,Wolverhampton Wanderers,Burnley,1.85,3.4,4.5,1.75,3.4,5.25,1.9,3.55,5.06,1.85,3.43,4.78
2019,2019-08-31,Burnley,Liverpool,9.5,5.5,1.3,8.5,5.25,1.33,11.0,5.7,1.37,9.45,5.43,1.33
2019,2019-08-31,Chelsea,Sheffield United,1.36,4.75,9.0,1.36,4.75,8.0,1.4,5.3,10.75,1.36,4.98,9.53
2019,2019-08-31,Crystal Palace,Aston Villa,2.15,3.3,3.5,2.2,3.4,3.3,2.27,3.46,3.6,2.21,3.38,3.43
2019,2019-08-31,Leicester City,Bournemouth,1.7,4.0,4.75,1.61,4.0,5.25,1.77,4.12,5.0,1.72,4.02,4.81
2019,2019-08-31,Manchester City,Brighton,1.08,10.0,26.0,1.08,11.0,26.0,1.1,13.01,36.0,1.09,11.73,30.92
2019,2019-08-31,Newcastle United,Watford,2.5,3.25,2.87,2.55,3.1,2.9,2.73,3.32,3.0,2.63,3.24,2.86
2019,2019-08-31,Southampton,Manchester United,3.8,3.3,2.05,4.0,3.5,1.9,3.9,3.48,2.15,3.75,3.38,2.1
2019,2019-08-31,West Ham United,Norwich City,1.85,3.9,3.9,1.85,4.0,3.75,1.94,4.03,4.1,1.89,3.91,3.92
2019,2019-09-01,Arsenal,Tottenham Hotspur,2.37,3.6,2.8,2.55,3.6,2.62,2.43,3.75,3.0,2.38,3.63,2.9
2019,2019-09-01,Everton,Wolverhampton Wanderers,2.2,3.25,3.5,2.0,3.25,4.0,2.22,3.4,3.85,2.17,3.29,3.65
2019,2019-09-14,Brighton,Burnley,2.15,3.3,3.5,2.05,3.4,3.7,2.2,3.42,3.8,2.15,3.34,3.62
2019,2019-09-14,Liverpool,Newcastle United,1.14,8.5,17.0,1.18,7.5,13.0,1.18,9.15,23.0,1.15,8.27,19.45
2019,2019-09-14,Manchester United,Leicester City,1.95,3.5,4.0,2.1,3.25,3.75,2.0,3.8,4.5,1.94,3.55,4.12
2019,2019-09-14,Norwich City,Manchester City,15.0,9.0,1.14,23.0,11.0,1.08,21.0,9.85,1.18,17.04,9.03,1.15
2019,2019-09-14,Sheffield United,Southampton,2.45,3.2,3.0,2.4,3.3,3.0,2.55,3.35,3.15,2.46,3.26,3.06
2019,2019-09-14,Tottenham Hotspur,Crystal Palace,1.36,5.25,8.0,1.36,5.0,8.0,1.45,5.25,9.0,1.39,5.0,8.24
2019,2019-09-14,Wolverhampton Wanderers,Chelsea,2.9,3.3,2.5,3.0,3.4,2.37,3.07,3.43,2.6,2.97,3.36,2.46
2019,2019-09-15,Bournemouth,Everton,2.9,3.5,2.4,3.2,3.5,2.2,3.1,3.55,2.5,3.01,3.48,2.37
2019,2019-09-15,Watford,Arsenal,3.6,3.6,2.0,4.0,3.9,1.85,3.9,3.9,2.08,3.64,3.74,2.01
2019,2019-09-16,Aston Villa,West Ham United,2.62,3.5,2.6,2.7,3.5,2.5,2.7,3.67,2.7,2.64,3.56,2.63
2019,2019-09-20,Southampton,Bournemouth,2.05,3.6,3.5,2.15,3.5,3.3,2.17,3.7,3.7,2.1,3.62,3.5
2019,2019-09-21,Burnley,Norwich City,2.0,3.8,3.5,2.0,3.75,3.5,2.05,3.9,3.8,1.99,3.76,3.67
2019,2019-09-21,Everton,Sheffield United,1.61,3.75,6.0,1.72,3.6,5.0,1.71,4.0,6.0,1.67,3.8,5.58
2019,2019-09-21,Leicester City,Tottenham Hotspur,2.87,3.5,2.37,2.62,3.4,2.6,2.95,3.6,2.55,2.87,3.5,2.45
2019,2019-09-21,Manchester City,Watford,1.1,11.0,21.0,1.08,11.0,23.0,1.13,11.5,31.0,1.11,10.24,23.21
2019,2019-09-21,Newcastle United,Brighton,2.5,3.2,3.0,2.37,3.2,3.1,2.55,3.28,3.2,2.5,3.16,3.07
2019,2019-09-22,Arsenal,Aston Villa,1.4,4.75,8.0,1.4,5.0,7.0,1.45,5.05,8.25,1.42,4.9,7.49
2019,2019-09-22,Chelsea,Liverpool,3.5,3.75,2.0,3.2,3.75,2.1,3.75,3.83,2.1,3.58,3.69,2.04
2019,2019-09-22,Crystal Palace,Wolverhampton Wanderers,2.62,3.1,2.87,2.7,3.1,2.8,2.7,3.2,3.0,2.64,3.11,2.93
2019,2019-09-22,West Ham United,Manchester United,3.1,3.6,2.2,3.0,3.5,2.3,3.45,3.72,2.28,3.24,3.59,2.21
2019,2019-09-28,Aston Villa,Burnley,2.3,3.4,3.1,2.25,3.4,3.2,2.45,3.47,3.18,2.38,3.38,3.08
2019,2019-09-28,Bournemouth,West Ham United,2.5,3.5,2.75,2.37,3.6,2.8,2.58,3.65,2.9,2.48,3.56,2.79
2019,2019-09-28,Chelsea,Brighton,1.4,4.75,8.0,1.4,4.75,7.5,1.47,4.8,8.5,1.44,4.64,7.64
2019,2019-09-28,Crystal Palace,Norwich City,1.9,3.75,3.75,1.9,3.75,3.75,2.0,3.85,4.0,1.94,3.75,3.88
2019,2019-09-28,Everton,Manchester City,10.0,5.5,1.3,8.0,5.5,1.33,11.0,6.35,1.33,9.84,5.86,1.3
2019,2019-09-28,Sheffield United,Liverpool,9.0,5.25,1.33,9.0,5.25,1.33,10.0,5.4,1.39,8.9,5.17,1.36
2019,2019-09-28,Tottenham Hotspur,Southampton,1.4,4.75,8.0,1.36,5.25,7.5,1.49,4.8,8.18,1.44,4.67,7.61
2019,2019-09-28,Wolverhampton Wanderers,Watford,1.85,3.4,4.5,1.9,3.4,4.2,1.95,3.6,4.7,1.89,3.49,4.46
2019,2019-09-29,Leicester City,Newcastle United,1.5,4.0,7.5,1.5,4.0,7.0,1.56,4.21,7.6,1.53,4.09,7.06
2019,2019-09-30,Manchester United,Arsenal,2.37,3.5,2.9,2.2,3.6,3.1,2.43,3.65,3.15,2.36,3.53,2.99
2019,2019-10-05,Brighton,Tottenham Hotspur,3.9,3.6,1.9,4.75,3.9,1.7,4.1,3.75,2.02,3.9,3.63,1.96
2019,2019-10-05,Burnley,Everton,2.87,3.3,2.5,3.2,3.1,2.37,3.05,3.37,2.65,2.93,3.3,2.52
2019,2019-10-05,Liverpool,Leicester City,1.44,4.75,7.0,1.57,4.2,5.5,1.5,4.85,7.7,1.46,4.66,7.0
2019,2019-10-05,Norwich City,Aston Villa,2.37,3.6,2.8,2.37,3.6,2.8,2.5,3.75,2.95,2.41,3.6,2.85
2019,2019-10-05,Watford,Sheffield United,2.05,3.4,3.6,2.3,3.2,3.25,2.25,3.5,3.75,2.14,3.38,3.58
2019,2019-10-05,West Ham United,Crystal Palace,1.95,3.6,3.8,1.95,3.6,3.75,2.05,3.7,4.0,2.0,3.58,3.8
2019,2019-10-06,Arsenal,Bournemouth,1.44,4.75,7.0,1.36,5.5,7.0,1.5,5.2,7.2,1.45,4.97,6.68
2019,2019-10-06,Manchester City,Wolverhampton Wanderers,1.12,9.0,21.0,1.12,8.5,21.0,1.14,10.5,28.0,1.13,9.26,21.61
2019,2019-10-06,Newcastle United,Manchester United,4.5,3.5,1.85,3.8,3.25,2.05,4.6,3.55,1.95,4.42,3.44,1.9
2019,2019-10-06,Southampton,Chelsea,4.0,3.8,1.85,4.6,4.2,1.66,4.3,4.0,1.93,4.02,3.84,1.87
2019,2019-10-19,Aston Villa,Brighton,2.35,3.4,3.0,2.3,3.5,3.0,2.45,3.55,3.15,2.38,3.43,3.05
2019,2019-10-19,Bournemouth,Norwich City,1.72,4.2,4.2,1.72,4.2,4.2,1.78,4.6,4.5,1.73,4.33,4.35
2019,2019-10-19,Chelsea,Newcastle United,1.3,5.5,10.0,1.25,6.0,11.0,1.34,5.9,12.0,1.31,5.62,10.38
2019,2019-10-19,Crystal Palace,Manchester City,12.0,7.0,1.22,11.0,8.0,1.2,13.0,7.2,1.26,11.88,6.72,1.24
2019,2019-10-19,Everton,West Ham United,1.95,3.75,3.75,1.75,4.0,4.2,2.02,3.9,4.0,1.97,3.71,3.81
2019,2019-10-19,Leicester City,Burnley,1.57,4.0,6.0,1.45,4.33,7.0,1.62,4.3,6.8,1.57,4.09,6.37
2019,2019-10-19,Tottenham Hotspur,Watford,1.4,5.0,7.5,1.45,4.5,7.0,1.45,5.1,8.0,1.42,4.9,7.48
2019,2019-10-19,Wolverhampton Wanderers,Southampton,1.8,3.6,4.5,2.0,3.25,4.0,1.9,3.75,4.75,1.85,3.58,4.52
2019,2019-10-20,Manchester United,Liverpool,5.25,3.8,1.65,4.0,3.6,1.9,5.5,4.1,1.74,5.03,3.96,1.7
2019,2019-10-21,Sheffield United,Arsenal,3.9,3.75,1.9,3.6,3.6,2.0,4.0,3.94,1.98,3.88,3.79,1.93
2019,2019-10-25,Southampton,Leicester City,3.1,3.4,2.3,3.1,3.4,2.3,3.3,3.5,2.45,3.2,3.34,2.36
2019,2019-10-26,Brighton,Everton,2.9,3.25,2.5,2.62,3.25,2.75,2.95,3.46,2.65,2.87,3.3,2.58
2019,2019-10-26,Burnley,Chelsea,4.5,4.0,1.72,4.75,4.1,1.66,4.8,4.25,1.8,4.53,4.02,1.75
2019,2019-10-26,Manchester City,Aston Villa,1.08,11.0,26.0,1.08,12.0,21.0,1.11,13.25,35.0,1.09,11.64,28.3
2019,2019-10-26,Watford,Bournemouth,2.15,3.6,3.25,2.25,3.5,3.1,2.26,3.7,3.44,2.19,3.53,3.31
2019,2019-10-26,West Ham United,Sheffield United,2.1,3.5,3.5,2.2,3.4,3.25,2.18,3.6,3.7,2.11,3.46,3.6
2019,2019-10-27,Arsenal,Crystal Palace,1.45,4.75,6.5,1.44,4.75,6.5,1.54,4.8,7.0,1.49,4.63,6.49
2019,2019-10-27,Liverpool,Tottenham Hotspur,1.5,4.33,6.5,1.45,4.75,6.5,1.57,4.65,6.5,1.54,4.45,6.11
2019,2019-10-27,Newcastle United,Wolverhampton Wanderers,3.0,3.1,2.55,3.4,3.0,2.35,3.1,3.2,2.7,3.02,3.09,2.59
2019,2019-10-27,Norwich City,Manchester United,4.33,4.0,1.75,4.5,3.8,1.75,4.65,4.1,1.87,4.36,3.91,1.8
2019,2019-11-02,Arsenal,Wolverhampton Wanderers,1.75,3.75,4.75,1.72,3.9,4.5,1.83,4.0,4.85,1.78,3.8,4.65
2019,2019-11-02,Aston Villa,Liverpool,9.0,5.0,1.33,9.0,6.0,1.28,9.25,5.7,1.39,8.4,5.37,1.36
2019,2019-11-02,Bournemouth,Manchester United,3.25,3.6,2.15,3.5,3.6,2.05,3.44,3.7,2.26,3.33,3.55,2.19
2019,2019-11-02,Brighton,Norwich City,1.72,4.2,4.33,1.55,4.33,5.5,1.75,4.4,5.0,1.71,4.17,4.65
2019,2019-11-02,Manchester City,Southampton,1.07,13.0,23.0,1.07,13.0,23.0,1.11,13.5,41.0,1.08,11.99,29.72
2019,2019-11-02,Sheffield United,Burnley,2.25,3.2,3.4,2.25,3.25,3.25,2.34,3.32,3.6,2.26,3.22,3.46
2019,2019-11-02,Watford,Chelsea,5.0,4.33,1.61,5.0,4.33,1.6,5.25,4.5,1.7,4.99,4.24,1.65
2019,2019-11-02,West Ham United,Newcastle United,1.75,3.8,4.5,1.75,3.8,4.5,1.84,3.95,4.75,1.79,3.82,4.55
2019,2019-11-03,Crystal Palace,Leicester City,3.5,3.4,2.1,3.6,3.4,2.05,3.65,3.5,2.25,3.5,3.38,2.17
2019,2019-11-03,Everton,Tottenham Hotspur,2.7,3.4,2.6,2.5,3.6,2.7,2.82,3.6,2.68,2.73,3.49,2.57
2019,2019-11-08,Norwich City,Watford,2.7,3.5,2.55,2.8,3.6,2.37,2.75,3.65,2.72,2.68,3.57,2.6
2019,2019-11-09,Burnley,West Ham United,2.25,3.5,3.1,2.1,3.6,3.3,2.33,3.73,3.3,2.27,3.55,3.13
2019,2019-11-09,Chelsea,Crystal Palace,1.33,5.0,10.0,1.4,4.75,7.5,1.37,5.6,10.25,1.34,5.35,9.29
2019,2019-11-09,Leicester City,Arsenal,2.0,3.75,3.5,1.85,4.0,3.75,2.08,3.98,3.8,1.99,3.78,3.62
2019,2019-11-09,Newcastle United,Bournemouth,2.55,3.25,2.8,2.55,3.25,2.8,2.72,3.5,2.95,2.64,3.21,2.84
2019,2019-11-09,Southampton,Everton,2.9,3.3,2.45,3.1,3.5,2.25,3.11,3.53,2.58,2.96,3.37,2.44
2019,2019-11-09,Tottenham Hotspur,Sheffield United,1.57,4.0,6.0,1.5,4.33,6.5,1.63,4.34,6.5,1.58,4.14,6.02
2019,2019-11-10,Liverpool,Manchester City,2.5,3.6,2.62,2.7,3.6,2.5,2.7,3.75,2.78,2.56,3.58,2.68
2019,2019-11-10,Manchester United,Brighton,1.6,3.75,6.5,1.6,3.8,6.0,1.72,3.8,6.5,1.67,3.67,5.82
2019,2019-11-10,Wolverhampton Wanderers,Aston Villa,1.9,3.5,4.2,1.66,3.8,5.25,1.96,3.8,4.4,1.9,3.6,4.24
2019,2019-11-23,Arsenal,Southampton,1.45,4.75,6.5,1.45,4.75,6.5,1.52,5.0,7.0,1.47,4.75,6.55
2019,2019-11-23,Bournemouth,Wolverhampton Wanderers,2.75,3.3,2.6,2.87,3.25,2.5,2.9,3.41,2.7,2.82,3.3,2.59
2019,2019-11-23,Brighton,Leicester City,3.75,3.5,2.0,3.75,3.6,1.95,3.85,3.7,2.1,3.69,3.53,2.04
2019,2019-11-23,Crystal Palace,Liverpool,7.5,4.75,1.4,6.5,4.4,1.5,8.0,4.84,1.48,7.33,4.62,1.45
2019,2019-11-23,Everton,Norwich City,1.36,5.1,8.0,1.33,5.25,8.5,1.45,5.25,9.0,1.4,5.0,7.73
2019,2019-11-23,Manchester City,Chelsea,1.44,5.0,6.5,1.36,5.5,7.0,1.48,5.3,7.1,1.45,4.96,6.64
2019,2019-11-23,Watford,Burnley,2.3,3.4,3.1,2.2,3.25,3.4,2.4,3.51,3.35,2.33,3.31,3.2
2019,2019-11-23,West Ham United,Tottenham Hotspur,4.2,4.33,1.7,4.5,4.33,1.66,4.45,4.36,1.82,4.32,4.14,1.75
2019,2019-11-24,Sheffield United,Manchester United,3.5,3.4,2.1,3.75,3.4,2.05,3.68,3.4,2.25,3.55,3.28,2.18
2019,2019-11-25,Aston Villa,Newcastle United,2.05,3.4,3.7,2.15,3.4,3.4,2.2,3.6,3.75,2.11,3.46,3.55
2019,2019-11-30,Burnley,Crystal Palace,2.25,3.25,3.3,2.0,3.4,3.8,2.38,3.35,3.5,2.31,3.26,3.3
2019,2019-11-30,Chelsea,West Ham United,1.28,6.0,9.0,1.25,6.5,10.0,1.33,6.35,10.53,1.3,5.94,9.63
2019,2019-11-30,Liverpool,Brighton,1.18,7.0,15.0,1.18,7.0,16.0,1.23,7.25,17.25,1.21,6.85,14.67
2019,2019-11-30,Newcastle United,Manchester City,13.0,8.0,1.16,13.0,8.0,1.16,18.0,8.3,1.21,15.11,7.59,1.18
2019,2019-11-30,Southampton,Watford,2.1,3.4,3.5,2.05,3.6,3.5,2.2,3.62,3.64,2.12,3.5,3.51
2019,2019-11-30,Tottenham Hotspur,Bournemouth,1.36,5.5,7.5,1.28,5.75,9.5,1.41,5.5,8.5,1.38,5.19,7.86
2019,2019-12-01,Leicester City,Everton,1.61,4.0,5.25,1.57,4.2,5.75,1.68,4.25,5.6,1.64,4.08,5.33
2019,2019-12-01,Manchester United,Aston Villa,1.45,4.5,7.0,1.44,4.75,7.0,1.55,4.69,8.0,1.49,4.38,7.08
2019,2019-12-01,Norwich City,Arsenal,4.0,4.33,1.75,4.2,4.33,1.7,4.33,4.4,1.86,4.14,4.22,1.77
2019,2019-12-01,Wolverhampton Wanderers,Sheffield United,1.9,3.5,4.2,2.2,3.0,3.75,2.0,3.55,4.6,1.92,3.43,4.35
2019,2019-12-03,Burnley,Manchester City,11.0,7.0,1.22,13.0,6.5,1.22,13.0,7.0,1.28,11.59,6.41,1.25
2019,2019-12-03,Crystal Palace,Bournemouth,2.2,3.4,3.25,2.2,3.5,3.2,2.34,3.52,3.45,2.24,3.38,3.34
2019,2019-12-04,Chelsea,Aston Villa,1.28,5.75,10.0,1.33,5.25,8.5,1.33,6.2,11.25,1.3,5.85,9.89
2019,2019-12-04,Leicester City,Watford,1.33,5.5,8.0,1.33,5.25,8.5,1.4,5.6,10.5,1.36,5.13,8.81
2019,2019-12-04,Liverpool,Everton,1.36,5.0,8.5,1.6,4.0,5.5,1.42,5.25,9.15,1.39,4.99,8.28
2019,2019-12-04,Manchester United,Tottenham Hotspur,2.75,3.4,2.55,2.5,3.4,2.8,2.77,3.6,2.7,2.69,3.47,2.61
2019,2019-12-04,Southampton,Norwich City,1.72,4.0,4.2,1.75,3.8,4.5,1.85,4.15,4.6,1.78,3.99,4.35
2019,2019-12-04,Wolverhampton Wanderers,West Ham United,1.75,3.7,4.75,1.66,3.8,5.25,1.82,3.85,5.05,1.77,3.73,4.74
2019,2019-12-05,Arsenal,Brighton,1.57,4.33,5.5,1.61,4.33,5.0,1.63,4.35,5.85,1.61,4.23,5.41
2019,2019-12-05,Sheffield United,Newcastle United,1.83,3.4,4.6,1.8,3.4,5.0,1.95,3.56,4.85,1.86,3.45,4.62
2019,2019-12-07,Bournemouth,Liverpool,7.0,5.25,1.4,6.0,4.5,1.5,8.0,5.3,1.47,7.01,5.03,1.42
2019,2019-12-07,Everton,Chelsea,3.5,3.75,2.0,3.1,3.8,2.15,3.65,3.95,2.08,3.52,3.8,2.02
2019,2019-12-07,Manchester City,Manchester United,1.3,5.5,10.0,1.3,5.75,9.0,1.35,6.05,11.0,1.31,5.67,9.9
2019,2019-12-07,Tottenham Hotspur,Burnley,1.4,4.75,8.0,1.4,4.75,7.5,1.45,5.0,9.1,1.41,4.82,7.98
2019,2019-12-07,Watford,Crystal Palace,2.37,3.3,3.1,2.4,3.4,2.9,2.5,3.45,3.22,2.37,3.34,3.12
2019,2019-12-08,Aston Villa,Leicester City,4.33,3.8,1.8,4.75,4.2,1.65,4.5,4.07,1.9,4.27,3.88,1.82
2019,2019-12-08,Brighton,Wolverhampton Wanderers,2.62,3.1,2.87,2.6,3.2,2.87,2.8,3.25,2.95,2.69,3.16,2.81
2019,2019-12-08,Newcastle United,Southampton,2.5,3.2,2.9,2.55,3.3,2.8,2.7,3.32,3.1,2.59,3.23,2.87
2019,2019-12-08,Norwich City,Sheffield United,2.9,3.5,2.37,3.1,3.5,2.25,3.3,3.58,2.6,2.98,3.45,2.4
2019,2019-12-09,West Ham United,Arsenal,3.3,4.0,2.0,3.6,4.0,1.9,3.6,4.25,2.08,3.43,4.02,1.98
2019,2019-12-14,Burnley,Newcastle United,1.95,3.4,4.0,1.95,3.5,3.9,2.02,3.62,4.3,1.96,3.5,4.07
2019,2019-12-14,Chelsea,Bournemouth,1.25,6.0,12.0,1.22,6.5,12.0,1.28,7.0,13.0,1.25,6.48,11.64
2019,2019-12-14,Leicester City,Norwich City,1.22,6.5,13.0,1.22,6.5,12.0,1.25,7.35,15.0,1.22,6.73,13.29
2019,2019-12-14,Liverpool,Watford,1.16,7.5,17.0,1.16,7.5,15.0,1.2,8.2,21.0,1.17,7.72,16.32
2019,2019-12-14,Sheffield United,Aston Villa,1.85,3.75,4.2,1.75,3.9,4.4,1.93,3.9,4.35,1.86,3.75,4.17
2019,2019-12-14,Southampton,West Ham United,1.9,3.8,3.8,1.75,4.0,4.2,1.98,4.0,3.95,1.92,3.86,3.83
2019,2019-12-15,Arsenal,Manchester City,6.0,5.25,1.44,6.5,6.0,1.36,6.5,5.7,1.49,6.03,5.33,1.45
2019,2019-12-15,Manchester United,Everton,1.8,3.7,4.5,1.61,4.0,5.5,1.82,3.89,5.0,1.78,3.71,4.76
2019,2019-12-15,Wolverhampton Wanderers,Tottenham Hotspur,3.25,3.4,2.25,2.87,3.6,2.37,3.35,3.6,2.35,3.22,3.45,2.26
2019,2019-12-16,Crystal Palace,Brighton,2.55,3.25,2.87,2.75,3.25,2.7,2.65,3.34,3.0,2.55,3.22,2.91
2019,2019-12-21,Aston Villa,Southampton,2.4,3.6,2.8,2.4,3.8,2.7,2.5,3.74,3.0,2.43,3.54,2.87
2019,2019-12-21,Bournemouth,Burnley,2.4,3.4,2.9,2.37,3.3,3.0,2.55,3.5,3.05,2.43,3.38,2.97
2019,2019-12-21,Brighton,Sheffield United,2.2,3.25,3.5,2.1,3.4,3.5,2.32,3.35,3.7,2.21,3.27,3.52
2019,2019-12-21,Everton,Arsenal,2.3,3.8,2.87,2.05,3.8,3.25,2.4,3.88,3.0,2.33,3.75,2.9
2019,2019-12-21,Manchester City,Leicester City,1.36,5.25,7.5,1.36,5.75,7.0,1.4,5.8,8.25,1.37,5.41,7.72
2019,2019-12-21,Newcastle United,Crystal Palace,2.37,3.1,3.25,2.4,3.1,3.2,2.53,3.27,3.4,2.43,3.11,3.22
2019,2019-12-21,Norwich City,Wolverhampton Wanderers,3.75,3.8,1.9,3.9,3.9,1.85,3.9,3.9,2.03,3.71,3.75,1.97
2019,2019-12-22,Tottenham Hotspur,Chelsea,2.37,3.75,2.75,2.3,3.6,2.9,2.45,3.79,3.05,2.37,3.65,2.88
2019,2019-12-22,Watford,Manchester United,4.33,4.0,1.75,4.75,3.8,1.72,4.55,4.1,1.85,4.39,3.89,1.8
2019,2019-12-26,Aston Villa,Norwich City,2.1,3.75,3.3,2.2,3.75,3.0,2.2,3.9,3.45,2.11,3.77,3.28
2019,2019-12-26,Bournemouth,Arsenal,3.5,3.9,1.95,3.8,4.0,1.83,3.65,4.0,2.08,3.5,3.85,2.01
2019,2019-12-26,Chelsea,Southampton,1.33,5.25,9.0,1.36,5.0,8.5,1.39,5.75,9.25,1.35,5.31,8.58
2019,2019-12-26,Crystal Palace,West Ham United,2.3,3.4,3.1,2.2,3.4,3.25,2.45,3.59,3.21,2.32,3.42,3.12
2019,2019-12-26,Everton,Burnley,1.7,3.75,5.0,1.7,3.6,5.25,1.76,3.9,5.65,1.71,3.76,5.15
2019,2019-12-26,Leicester City,Liverpool,3.4,3.75,2.05,3.4,4.0,1.95,3.5,3.95,2.16,3.38,3.72,2.08
2019,2019-12-26,Manchester United,Newcastle United,1.33,5.25,9.0,1.33,5.5,8.5,1.39,5.5,10.0,1.35,5.19,9.18
2019,2019-12-26,Sheffield United,Watford,1.83,3.6,4.33,1.8,3.5,4.6,1.95,3.7,4.65,1.86,3.54,4.46
2019,2019-12-26,Tottenham Hotspur,Brighton,1.53,4.33,6.0,1.5,4.5,6.0,1.59,4.6,6.11,1.55,4.41,5.73
2019,2019-12-27,Wolverhampton Wanderers,Manchester City,8.5,5.0,1.36,6.5,5.5,1.4,8.59,5.2,1.44,7.73,4.95,1.4
2019,2019-12-28,Brighton,Bournemouth,1.75,3.9,4.33,1.75,3.8,4.5,1.86,4.0,4.75,1.79,3.85,4.43
2019,2019-12-28,Burnley,Manchester United,4.33,3.75,1.8,4.1,3.7,1.85,4.6,3.85,1.91,4.31,3.7,1.85
2019,2019-12-28,Newcastle United,Everton,3.6,3.4,2.05,3.2,3.3,2.3,3.7,3.5,2.2,3.55,3.4,2.14
2019,2019-12-28,Norwich City,Tottenham Hotspur,5.0,4.0,1.66,4.5,4.33,1.65,5.35,4.2,1.74,4.93,4.07,1.69
2019,2019-12-28,Southampton,Crystal Palace,1.95,3.6,3.8,1.9,3.6,4.0,2.05,3.68,4.1,1.98,3.57,3.91
2019,2019-12-28,Watford,Aston Villa,1.95,3.8,3.6,1.75,4.0,4.2,2.04,3.95,3.85,1.99,3.77,3.65
2019,2019-12-28,West Ham United,Leicester City,4.0,3.9,1.83,2.5,3.75,2.6,4.25,4.0,1.93,4.03,3.87,1.86
2019,2019-12-29,Arsenal,Chelsea,2.87,3.75,2.3,2.8,3.8,2.3,3.0,3.86,2.45,2.86,3.73,2.35
2019,2019-12-29,Liverpool,Wolverhampton Wanderers,1.25,5.75,12.0,1.25,6.5,10.0,1.32,6.2,12.75,1.28,5.84,10.92
2019,2019-12-29,Manchester City,Sheffield United,1.16,7.5,16.0,1.2,7.5,12.0,1.21,8.4,17.5,1.18,7.62,14.91
2019,2020-01-01,Arsenal,Manchester United,2.55,3.6,2.62,2.6,3.7,2.5,2.65,3.8,2.7,2.58,3.64,2.61
2019,2020-01-01,Brighton,Chelsea,3.6,3.6,1.95,3.6,4.0,1.9,3.88,3.75,2.1,3.7,3.64,2.01
2019,2020-01-01,Burnley,Aston Villa,1.75,3.8,4.33,1.95,3.5,3.9,1.85,4.0,4.6,1.81,3.81,4.37
2019,2020-01-01,Manchester City,Everton,1.25,6.5,10.0,1.28,6.0,9.0,1.3,6.63,12.0,1.27,6.19,10.49
2019,2020-01-01,Newcastle United,Leicester City,5.0,3.8,1.66,4.2,3.8,1.8,5.85,4.05,1.71,5.26,3.9,1.67
2019,2020-01-01,Norwich City,Crystal Palace,2.5,3.4,2.75,2.35,3.4,3.0,2.6,3.57,2.88,2.53,3.46,2.77
2019,2020-01-01,Southampton,Tottenham Hotspur,3.3,3.5,2.1,3.5,3.9,1.95,3.51,3.88,2.25,3.34,3.54,2.16
2019,2020-01-01,Watford,Wolverhampton Wanderers,3.0,3.4,2.3,3.2,3.3,2.3,3.3,3.47,2.42,3.16,3.37,2.32
2019,2020-01-01,West Ham United,Bournemouth,1.9,3.75,3.8,1.86,3.7,4.0,2.02,4.0,3.9,1.95,3.84,3.68
2019,2020-01-02,Liverpool,Sheffield United,1.2,6.5,13.0,1.25,5.75,12.0,1.25,6.7,15.75,1.23,6.32,13.64
2019,2020-01-10,Sheffield United,West Ham United,1.95,3.4,4.0,1.9,3.4,4.2,2.09,3.55,4.2,2.02,3.43,3.94
2019,2020-01-11,Chelsea,Burnley,1.28,5.5,11.0,1.3,5.5,9.5,1.33,6.0,13.0,1.29,5.61,11.06
2019,2020-01-11,Crystal Palace,Arsenal,4.1,3.9,1.8,4.33,3.9,1.75,4.45,4.1,1.9,4.19,3.87,1.83
2019,2020-01-11,Everton,Brighton,1.85,3.8,4.0,1.9,3.9,3.75,1.97,3.83,4.49,1.9,3.63,4.16
2019,2020-01-11,Leicester City,Southampton,1.6,4.0,5.5,1.7,3.8,5.0,1.69,4.17,6.0,1.64,4.02,5.46
2019,2020-01-11,Manchester United,Norwich City,1.33,5.25,8.5,1.33,5.5,8.0,1.4,5.5,10.0,1.36,5.16,8.82
2019,2020-01-11,Tottenham Hotspur,Liverpool,4.5,4.33,1.66,4.75,4.1,1.66,5.0,4.4,1.74,4.59,4.22,1.7
2019,2020-01-11,Wolverhampton Wanderers,Newcastle United,1.44,4.5,7.5,1.44,4.33,7.5,1.5,4.55,9.0,1.46,4.35,7.91
2019,2020-01-12,Aston Villa,Manchester City,13.0,8.5,1.16,15.0,10.0,1.12,18.0,9.15,1.2,14.5,8.39,1.17
2019,2020-01-12,Bournemouth,Watford,2.6,3.3,2.7,2.5,3.5,2.7,2.72,3.46,2.85,2.61,3.37,2.75
2019,2020-01-18,Arsenal,Sheffield United,1.83,3.6,4.33,1.95,3.4,4.0,1.9,3.72,4.7,1.85,3.61,4.46
2019,2020-01-18,Brighton,Aston Villa,1.66,4.0,5.0,1.65,4.2,4.75,1.72,4.55,5.25,1.65,4.29,4.94
2019,2020-01-18,Manchester City,Crystal Palace,1.1,11.0,19.0,1.08,11.0,26.0,1.13,12.0,30.0,1.1,10.64,24.53
2019,2020-01-18,Newcastle United,Chelsea,6.0,4.5,1.5,5.5,4.33,1.55,6.4,4.72,1.57,6.02,4.53,1.52
2019,2020-01-18,Norwich City,Bournemouth,2.2,3.5,3.25,2.25,3.5,3.1,2.3,3.7,3.3,2.22,3.56,3.19
2019,2020-01-18,Southampton,Wolverhampton Wanderers,2.4,3.4,3.0,2.6,3.1,2.87,2.46,3.5,3.2,2.39,3.37,3.05
2019,2020-01-18,Watford,Tottenham Hotspur,3.25,3.5,2.2,2.9,3.75,2.25,3.3,3.6,2.35,3.18,3.52,2.25
2019,2020-01-18,West Ham United,Everton,2.9,3.5,2.37,2.9,3.4,2.4,3.05,3.6,2.5,2.96,3.46,2.4
2019,2020-01-19,Burnley,Leicester City,4.33,3.75,1.83,4.2,3.6,1.85,4.35,3.9,1.93,4.19,3.71,1.87
2019,2020-01-19,Liverpool,Manchester United,1.36,5.25,8.0,1.4,4.75,7.5,1.4,5.4,9.5,1.37,5.12,8.31
2019,2020-01-21,Aston Villa,Watford,2.8,3.5,2.45,3.1,3.4,2.3,3.0,3.65,2.58,2.86,3.46,2.49
2019,2020-01-21,Bournemouth,Brighton,2.87,3.4,2.45,2.75,3.3,2.55,3.1,3.45,2.6,2.94,3.35,2.47
2019,2020-01-21,Chelsea,Arsenal,1.72,3.9,4.5,1.72,3.9,4.5,1.79,4.1,5.2,1.74,3.95,4.71
2019,2020-01-21,Crystal Palace,Southampton,2.7,3.25,2.7,2.75,3.2,2.7,2.85,3.35,2.84,2.73,3.26,2.72
2019,2020-01-21,Everton,Newcastle United,1.55,4.1,6.0,1.5,4.2,6.5,1.64,4.3,6.75,1.6,3.99,6.06
2019,2020-01-21,Sheffield United,Manchester City,7.0,5.0,1.4,8.0,5.0,1.36,8.5,5.13,1.47,7.41,4.82,1.43
2019,2020-01-22,Leicester City,West Ham United,1.53,4.33,6.0,1.45,4.75,6.5,1.62,4.75,6.25,1.53,4.49,5.97
2019,2020-01-22,Manchester United,Burnley,1.36,4.75,9.0,1.4,4.6,8.0,1.45,4.9,9.5,1.41,4.65,8.43
2019,2020-01-22,Tottenham Hotspur,Norwich City,1.4,5.0,7.5,1.33,5.25,9.0,1.45,5.15,8.25,1.42,4.89,7.5
2019,2020-01-23,Wolverhampton Wanderers,Liverpool,5.75,3.8,1.61,5.25,4.0,1.61,6.0,4.05,1.69,5.63,3.92,1.64
2019,2020-01-29,West Ham United,Liverpool,8.5,5.5,1.33,8.5,5.25,1.33,10.0,5.9,1.36,8.76,5.55,1.33
2019,2020-02-01,Bournemouth,Aston Villa,2.1,3.6,3.3,2.15,3.4,3.4,2.22,3.7,3.55,2.13,3.57,3.39
2019,2020-02-01,Crystal Palace,Sheffield United,3.1,3.1,2.5,3.1,3.0,2.5,3.2,3.18,2.65,3.11,3.06,2.52
2019,2020-02-01,Leicester City,Chelsea,2.5,3.6,2.7,2.5,3.5,2.7,2.6,3.75,2.82,2.52,3.59,2.72
2019,2020-02-01,Liverpool,Southampton,1.25,6.0,12.0,1.28,5.75,9.5,1.31,6.2,12.37,1.28,5.86,10.73
2019,2020-02-01,Manchester United,Wolverhampton Wanderers,2.25,3.25,3.4,2.1,3.4,3.5,2.33,3.35,3.7,2.23,3.24,3.48
2019,2020-02-01,Newcastle United,Norwich City,2.2,3.4,3.3,2.2,3.4,3.3,2.32,3.5,3.45,2.24,3.39,3.31
2019,2020-02-01,Watford,Everton,2.75,3.3,2.62,2.9,3.4,2.4,2.85,3.42,2.75,2.75,3.31,2.64
2019,2020-02-01,West Ham United,Brighton,2.6,3.3,2.75,2.4,3.4,2.87,2.68,3.45,2.9,2.56,3.37,2.8
2019,2020-02-02,Burnley,Arsenal,3.6,3.6,2.0,3.9,3.75,1.9,3.95,3.65,2.1,3.75,3.53,2.02
2019,2020-02-02,Tottenham Hotspur,Manchester City,5.5,4.6,1.53,5.5,4.5,1.53,6.0,4.75,1.62,5.64,4.45,1.56
2019,2020-02-08,Brighton,Watford,2.1,3.4,3.6,2.25,3.4,3.2,2.23,3.5,3.75,2.15,3.37,3.53
2019,2020-02-08,Everton,Crystal Palace,1.61,3.8,6.0,1.61,3.75,5.75,1.68,3.93,6.75,1.63,3.77,6.02
2019,2020-02-09,Sheffield United,Bournemouth,1.66,3.6,5.75,1.72,3.5,5.25,1.79,3.65,5.9,1.72,3.54,5.58
2019,2020-02-14,Wolverhampton Wanderers,Leicester City,2.5,3.3,2.87,2.62,3.25,2.75,2.65,3.38,3.05,2.55,3.29,2.91
2019,2020-02-15,Norwich City,Liverpool,11.0,6.25,1.25,9.0,5.75,1.3,12.0,6.4,1.31,10.02,6.0,1.29
2019,2020-02-15,Southampton,Burnley,1.75,3.8,4.75,1.66,3.9,5.0,1.85,3.85,5.1,1.79,3.69,4.7
2019,2020-02-16,Arsenal,Newcastle United,1.4,4.75,8.0,1.44,4.5,7.5,1.47,4.98,8.75,1.43,4.6,7.72
2019,2020-02-16,Aston Villa,Tottenham Hotspur,4.0,3.8,1.85,3.8,3.75,1.9,4.25,3.9,1.95,4.01,3.78,1.89
2019,2020-02-17,Chelsea,Manchester United,1.85,3.5,4.5,1.95,3.4,4.0,1.93,3.8,4.6,1.86,3.6,4.35
2019,2020-02-19,Manchester City,West Ham United,1.12,9.5,17.0,1.12,9.5,17.0,1.15,10.5,23.0,1.13,9.37,18.28
2019,2020-02-22,Burnley,Bournemouth,2.1,3.3,3.7,2.15,3.25,3.5,2.25,3.4,3.8,2.15,3.28,3.65
2019,2020-02-22,Chelsea,Tottenham Hotspur,1.72,4.0,4.5,1.8,3.6,4.5,1.78,4.05,5.1,1.73,3.94,4.72
2019,2020-02-22,Crystal Palace,Newcastle United,1.95,3.4,4.2,2.1,3.2,3.75,2.05,3.5,4.75,1.96,3.3,4.35
2019,2020-02-22,Leicester City,Manchester City,4.5,4.2,1.7,5.25,4.75,1.53,4.75,4.4,1.83,4.49,4.15,1.73
2019,2020-02-22,Sheffield United,Brighton,1.95,3.4,4.2,1.85,3.5,4.33,2.02,3.43,4.5,1.96,3.34,4.31
2019,2020-02-22,Southampton,Aston Villa,1.61,4.33,5.0,1.66,4.1,4.75,1.7,4.4,5.5,1.64,4.23,5.1
2019,2020-02-23,Arsenal,Everton,2.0,3.6,3.7,1.95,3.7,3.7,2.12,3.8,3.88,2.04,3.6,3.63
2019,2020-02-23,Manchester United,Watford,1.6,3.9,6.0,1.57,4.0,6.0,1.65,4.2,6.5,1.6,3.97,5.98
2019,2020-02-23,Wolverhampton Wanderers,Norwich City,1.5,4.2,7.0,1.5,4.33,6.5,1.57,4.5,7.05,1.52,4.27,6.55
2019,2020-02-24,Liverpool,West Ham United,1.16,8.0,15.0,1.13,9.0,17.0,1.19,8.8,19.0,1.17,7.81,16.2
2019,2020-02-28,Norwich City,Leicester City,4.33,4.1,1.72,4.2,3.8,1.83,5.1,4.16,1.78,4.66,4.02,1.74
2019,2020-02-29,Bournemouth,Chelsea,4.75,3.8,1.72,4.1,3.7,1.85,5.1,4.05,1.83,4.68,3.84,1.76
2019,2020-02-29,Brighton,Crystal Palace,2.05,3.25,3.9,2.1,3.25,3.75,2.15,3.34,4.15,2.08,3.24,3.93
2019,2020-02-29,Newcastle United,Burnley,2.62,3.1,2.9,2.62,3.2,2.75,2.8,3.24,3.0,2.64,3.11,2.9
2019,2020-02-29,Watford,Liverpool,8.0,4.75,1.4,6.5,4.75,1.45,8.75,5.1,1.45,7.52,4.84,1.42
2019,2020-02-29,West Ham United,Southampton,2.65,3.6,2.5,2.45,3.5,2.75,2.8,3.65,2.64,2.71,3.54,2.55
2019,2020-03-01,Everton,Manchester United,2.5,3.25,2.9,2.8,3.4,2.5,2.72,3.45,2.95,2.54,3.33,2.85
2019,2020-03-01,Tottenham Hotspur,Wolverhampton Wanderers,2.45,3.2,3.0,2.75,3.1,2.7,2.55,3.3,3.21,2.44,3.17,3.13
2019,2020-03-07,Arsenal,West Ham United,1.57,4.4,5.5,1.6,4.2,5.25,1.62,4.5,6.21,1.56,4.37,5.78
2019,2020-03-07,Burnley,Tottenham Hotspur,2.7,3.3,2.62,2.62,3.4,2.62,2.8,3.4,2.82,2.72,3.3,2.69
2019,2020-03-07,Crystal Palace,Watford,2.55,3.2,2.9,2.7,3.1,2.8,2.65,3.26,3.1,2.57,3.19,2.95
2019,2020-03-07,Liverpool,Bournemouth,1.22,6.5,13.0,1.2,7.5,12.0,1.29,6.6,13.45,1.25,6.24,11.93
2019,2020-03-07,Sheffield United,Norwich City,1.65,3.75,5.75,1.66,3.75,5.25,1.7,3.9,6.05,1.66,3.78,5.71
2019,2020-03-07,Southampton,Newcastle United,1.61,4.1,5.25,1.72,3.8,4.75,1.74,4.17,5.6,1.67,3.95,5.27
2019,2020-03-07,Wolverhampton Wanderers,Brighton,1.61,3.9,5.75,1.7,3.8,5.0,1.7,4.15,6.0,1.65,3.95,5.48
2019,2020-03-08,Chelsea,Everton,1.8,3.9,4.2,1.83,3.9,4.0,1.95,4.0,4.4,1.87,3.74,4.2
2019,2020-03-08,Manchester United,Manchester City,5.0,4.33,1.6,4.5,4.0,1.72,5.5,4.5,1.7,5.04,4.28,1.64
2019,2020-03-09,Leicester City,Aston Villa,1.36,5.25,8.0,1.5,4.5,6.0,1.42,5.4,9.0,1.38,5.12,8.05
2019,2020-06-17,Aston Villa,Sheffield United,3.2,3.4,2.25,3.3,3.25,2.3,3.48,3.45,2.39,3.3,3.33,2.27
2019,2020-06-17,Manchester City,Arsenal,1.36,5.25,7.5,1.28,6.0,9.0,1.4,6.05,9.0,1.35,5.5,8.11
2019,2020-06-19,Norwich City,Southampton,2.8,3.5,2.45,2.8,3.4,2.5,3.2,3.65,2.64,2.84,3.4,2.53
2019,2020-06-19,Tottenham Hotspur,Manchester United,3.0,3.4,2.37,3.25,3.4,2.2,3.2,3.55,2.5,3.03,3.4,2.43
2019,2020-06-20,Bournemouth,Crystal Palace,2.45,3.2,3.0,2.7,3.1,2.75,2.6,3.38,3.2,2.51,3.24,2.98
2019,2020-06-20,Brighton,Arsenal,3.1,3.25,2.37,3.2,3.4,2.25,3.4,3.52,2.52,3.04,3.37,2.39
2019,2020-06-20,Watford,Leicester City,3.6,3.5,2.05,3.6,3.5,2.05,3.75,3.7,2.17,3.59,3.52,2.09
2019,2020-06-20,West Ham United,Wolverhampton Wanderers,3.6,3.4,2.1,4.0,3.5,1.9,3.75,3.52,2.22,3.57,3.36,2.15
2019,2020-06-21,Aston Villa,Chelsea,6.0,4.5,1.5,6.75,4.75,1.44,6.5,4.9,1.57,6.0,4.5,1.53
2019,2020-06-21,Everton,Liverpool,6.0,4.2,1.55,5.75,3.9,1.61,6.05,4.4,1.64,5.66,4.23,1.59
2019,2020-06-21,Newcastle United,Sheffield United,3.3,3.1,2.37,3.3,3.0,2.4,3.45,3.25,2.55,3.31,3.1,2.38
2019,2020-06-22,Manchester City,Burnley,1.12,9.0,15.0,1.12,9.0,23.0,1.16,10.0,26.0,1.13,8.97,19.85
2019,2020-06-23,Leicester City,Brighton,1.6,4.0,5.75,1.61,3.9,5.75,1.68,4.15,6.15,1.64,3.97,5.64
2019,2020-06-23,Tottenham Hotspur,West Ham United,1.66,4.0,5.0,1.55,4.2,6.0,1.71,4.15,5.65,1.67,4.01,5.21
2019,2020-06-24,Liverpool,Crystal Palace,1.22,6.5,13.0,1.25,5.75,12.0,1.27,6.61,16.0,1.24,6.13,13.09
2019,2020-06-24,Manchester United,Sheffield United,1.4,4.5,8.5,1.33,5.0,9.5,1.5,4.6,9.6,1.43,4.39,8.62
2019,2020-06-24,Newcastle United,Aston Villa,2.3,3.3,3.2,2.3,3.3,3.2,2.42,3.5,3.32,2.33,3.33,3.17
2019,2020-06-24,Norwich City,Everton,3.9,3.6,1.9,4.5,3.6,1.83,4.25,3.8,2.0,3.94,3.66,1.94
2019,2020-06-24,Wolverhampton Wanderers,Bournemouth,1.55,4.0,6.0,1.55,4.0,6.0,1.63,4.25,6.65,1.58,4.03,6.11
2019,2020-06-25,Burnley,Watford,3.0,3.25,2.45,3.5,3.3,2.15,3.18,3.3,2.59,3.02,3.22,2.48
2019,2020-06-25,Chelsea,Manchester City,4.0,4.0,1.8,4.2,4.0,1.8,4.4,4.25,1.87,4.14,4.07,1.8
2019,2020-06-25,Southampton,Arsenal,2.6,3.5,2.62,2.62,3.5,2.55,2.75,3.65,2.8,2.64,3.47,2.65
2019,2020-06-27,Aston Villa,Wolverhampton Wanderers,4.6,3.7,1.75,4.5,3.5,1.85,5.1,3.92,1.82,4.79,3.68,1.78
2019,2020-06-28,Watford,Southampton,2.5,3.3,2.87,2.4,3.25,3.1,2.6,3.42,3.1,2.49,3.32,2.92
2019,2020-06-29,Crystal Palace,Burnley,2.25,3.2,3.4,2.0,3.2,4.2,2.42,3.32,3.55,2.29,3.16,3.41
2019,2020-06-30,Brighton,Manchester United,6.0,3.8,1.61,6.5,4.2,1.53,7.0,4.1,1.64,6.31,3.85,1.61
2019,2020-07-01,Arsenal,Norwich City,1.44,4.75,7.0,1.45,4.75,6.5,1.48,4.9,8.2,1.44,4.69,7.23
2019,2020-07-01,Bournemouth,Newcastle United,2.4,3.1,3.2,2.15,3.2,3.75,2.51,3.3,3.32,2.4,3.16,3.21
2019,2020-07-01,Everton,Leicester City,2.5,3.3,2.9,2.55,3.25,2.87,2.64,3.42,3.05,2.54,3.28,2.9
2019,2020-07-01,West Ham United,Chelsea,5.5,4.33,1.57,6.5,4.75,1.44,6.0,4.5,1.65,5.48,4.27,1.59
2019,2020-07-02,Manchester City,Liverpool,2.05,3.9,3.3,1.95,3.8,3.6,2.14,4.32,3.52,2.07,3.85,3.32
2019,2020-07-02,Sheffield United,Tottenham Hotspur,4.2,3.4,1.95,4.75,3.75,1.75,4.3,3.54,2.08,4.1,3.41,1.98
2019,2020-07-04,Chelsea,Watford,1.4,4.75,8.0,1.33,5.25,8.5,1.46,4.9,9.3,1.43,4.61,7.96
2019,2020-07-04,Leicester City,Crystal Palace,1.66,3.6,5.75,1.61,3.7,6.0,1.72,3.8,6.5,1.68,3.63,5.84
2019,2020-07-04,Manchester United,Bournemouth,1.16,7.5,17.0,1.18,7.5,13.0,1.19,8.3,21.0,1.17,7.46,17.41
2019,2020-07-04,Norwich City,Brighton,3.3,3.4,2.2,3.5,3.3,2.15,3.56,3.45,2.33,3.39,3.32,2.23
2019,2020-07-04,Wolverhampton Wanderers,Arsenal,2.25,3.4,3.25,2.3,3.25,3.2,2.36,3.48,3.5,2.27,3.3,3.32
2019,2020-07-05,Burnley,Sheffield United,2.9,3.0,2.7,3.1,2.9,2.6,3.02,3.1,2.86,2.91,2.97,2.75
2019,2020-07-05,Liverpool,Aston Villa,1.33,5.5,8.5,1.18,7.5,13.0,1.38,5.9,9.8,1.35,5.45,8.4
2019,2020-07-05,Newcastle United,West Ham United,2.6,3.3,2.75,2.7,3.4,2.6,2.77,3.48,2.9,2.66,3.28,2.74
2019,2020-07-05,Southampton,Manchester City,8.5,6.0,1.3,9.0,5.75,1.3,11.31,6.1,1.36,9.03,5.56,1.33
2019,2020-07-06,Tottenham Hotspur,Everton,2.1,3.5,3.4,1.95,3.6,3.8,2.22,3.74,3.58,2.13,3.51,3.45
2019,2020-07-07,Arsenal,Leicester City,2.3,3.5,3.0,2.2,3.5,3.2,2.49,3.59,3.15,2.38,3.43,3.03
2019,2020-07-07,Crystal Palace,Chelsea,8.5,4.5,1.4,8.0,4.33,1.44,9.05,4.85,1.46,8.43,4.5,1.43
2019,2020-07-07,Watford,Norwich City,1.7,3.75,5.0,1.7,3.8,5.0,1.8,3.94,5.5,1.75,3.71,5.02
2019,2020-07-08,Brighton,Liverpool,6.0,4.33,1.53,6.0,4.1,1.57,6.5,4.45,1.62,5.99,4.26,1.56
2019,2020-07-08,Manchester City,Newcastle United,1.12,9.0,21.0,1.11,10.0,21.0,1.16,10.5,29.0,1.13,9.15,22.2
2019,2020-07-08,Sheffield United,Wolverhampton Wanderers,3.8,3.2,2.1,4.2,3.0,2.05,4.1,3.26,2.25,3.96,3.08,2.14
2019,2020-07-08,West Ham United,Burnley,2.0,3.4,3.9,1.85,3.6,4.2,2.1,3.6,4.05,2.02,3.42,3.89
2019,2020-07-09,Aston Villa,Manchester United,9.0,5.25,1.33,8.5,5.5,1.33,10.5,5.45,1.38,9.26,5.15,1.35
2019,2020-07-09,Bournemouth,Tottenham Hotspur,5.25,3.8,1.66,4.5,3.9,1.72,5.45,4.2,1.72,5.03,4.0,1.68
2019,2020-07-09,Everton,Southampton,2.05,3.5,3.6,2.05,3.5,3.6,2.15,3.65,3.86,2.07,3.51,3.62
2019,2020-07-11,Brighton,Manchester City,10.0,5.5,1.28,11.0,7.0,1.22,12.0,6.05,1.35,9.95,5.62,1.31
2019,2020-07-11,Liverpool,Burnley,1.22,6.5,12.0,1.2,7.0,13.0,1.28,6.7,13.0,1.25,6.27,11.44
2019,2020-07-11,Norwich City,West Ham United,3.75,3.75,1.95,3.6,3.5,2.05,3.9,3.8,2.07,3.76,3.65,1.99
2019,2020-07-11,Sheffield United,Chelsea,6.0,3.8,1.6,4.75,3.75,1.72,6.8,4.15,1.65,6.07,3.93,1.6
2019,2020-07-11,Watford,Newcastle United,1.8,3.6,4.5,1.85,3.6,4.33,1.88,3.72,5.0,1.82,3.58,4.65
2019,2020-07-12,Aston Villa,Crystal Palace,2.25,3.3,3.3,2.35,3.4,3.0,2.35,3.48,3.45,2.29,3.35,3.24
2019,2020-07-12,Bournemouth,Leicester City,5.25,3.8,1.66,5.0,3.8,1.7,5.6,4.0,1.75,5.14,3.82,1.7
2019,2020-07-12,Tottenham Hotspur,Arsenal,2.62,3.4,2.7,2.7,3.4,2.6,2.75,4.48,2.83,2.6,3.48,2.68
2019,2020-07-12,Wolverhampton Wanderers,Everton,2.05,3.3,3.8,2.05,3.2,3.9,2.16,3.35,4.2,2.06,3.25,4.01
2019,2020-07-13,Manchester United,Southampton,1.3,5.5,10.0,1.25,6.0,12.0,1.33,6.3,12.0,1.29,5.73,10.41
2019,2020-07-14,Chelsea,Norwich City,1.12,9.5,17.0,1.12,9.5,17.0,1.14,10.8,24.75,1.13,9.5,20.76
2019,2020-07-15,Arsenal,Liverpool,3.8,3.8,1.9,4.2,4.2,1.72,4.1,4.05,1.95,3.89,3.89,1.89
2019,2020-07-15,Burnley,Wolverhampton Wanderers,4.5,3.3,1.9,4.5,3.25,1.9,5.0,3.42,1.97,4.65,3.3,1.9
2019,2020-07-15,Manchester City,Bournemouth,1.14,8.5,17.0,1.12,9.5,17.0,1.18,9.8,20.5,1.15,8.68,16.72
2019,2020-07-15,Newcastle United,Tottenham Hotspur,4.6,3.8,1.75,5.0,4.2,1.61,4.8,3.98,1.85,4.56,3.77,1.79
2019,2020-07-16,Crystal Palace,Manchester United,9.5,4.75,1.36,8.0,5.25,1.36,10.9,5.4,1.38,9.84,5.0,1.35
2019,2020-07-16,Everton,Aston Villa,2.0,3.5,3.75,2.1,3.5,3.4,2.1,3.74,3.94,2.02,3.57,3.74
2019,2020-07-16,Leicester City,Sheffield United,2.05,3.25,3.9,2.1,3.25,3.75,2.1,3.58,4.2,2.02,3.34,4.01
2019,2020-07-16,Southampton,Brighton,2.15,3.3,3.5,2.25,3.4,3.2,2.26,3.48,3.68,2.18,3.31,3.53
2019,2020-07-17,West Ham United,Watford,2.4,3.0,3.3,2.45,2.9,3.3,2.5,3.18,3.5,2.42,3.04,3.31
2019,2020-07-18,Norwich City,Burnley,3.2,3.4,2.25,3.1,3.4,2.3,3.52,3.43,2.36,3.32,3.33,2.25
2019,2020-07-19,Bournemouth,Southampton,2.4,3.6,2.8,2.4,3.75,2.7,2.5,3.82,3.01,2.39,3.65,2.84
2019,2020-07-19,Tottenham Hotspur,Leicester City,2.25,3.3,3.25,2.25,3.4,3.2,2.41,3.58,3.25,2.32,3.42,3.11
2019,2020-07-20,Brighton,Newcastle United,1.9,3.4,4.33,1.95,3.5,4.0,2.0,3.62,4.5,1.93,3.42,4.23
2019,2020-07-20,Sheffield United,Everton,2.2,3.25,3.5,1.95,3.3,4.2,2.27,3.45,3.7,2.17,3.29,3.52
2019,2020-07-20,Wolverhampton Wanderers,Crystal Palace,1.5,4.0,7.5,1.4,4.2,9.5,1.54,4.35,8.3,1.5,4.03,7.72
2019,2020-07-21,Aston Villa,Arsenal,3.3,3.6,2.1,3.1,3.75,2.2,3.4,3.98,2.2,3.24,3.78,2.11
2019,2020-07-21,Watford,Manchester City,8.5,5.5,1.33,9.0,5.75,1.3,10.0,6.15,1.37,8.62,5.6,1.33
2019,2020-07-22,Liverpool,Chelsea,2.0,3.75,3.5,1.9,3.8,3.8,2.13,3.95,3.7,2.04,3.7,3.51
2019,2020-07-22,Manchester United,West Ham United,1.22,6.5,11.0,1.22,6.5,12.0,1.28,7.0,13.5,1.24,6.38,11.56
2019,2020-07-26,Arsenal,Watford,1.9,3.8,3.8,2.0,3.8,3.5,2.05,4.05,4.0,1.93,3.89,3.72
2019,2020-07-26,Burnley,Brighton,2.37,3.4,3.0,2.62,3.3,2.7,2.38,3.65,3.26,2.32,3.44,3.09
2019,2020-07-26,Chelsea,Wolverhampton Wanderers,1.85,3.8,4.0,1.85,3.4,4.5,1.9,3.92,4.55,1.84,3.76,4.23
2019,2020-07-26,Crystal Palace,Tottenham Hotspur,6.0,4.2,1.55,6.5,4.2,1.5,6.75,4.45,1.6,6.12,4.23,1.55
2019,2020-07-26,Everton,Bournemouth,2.25,3.7,3.0,2.3,3.75,2.87,2.33,4.1,3.15,2.24,3.78,2.98
2019,2020-07-26,Leicester City,Manchester United,3.25,3.5,2.2,3.6,3.5,2.05,3.36,4.54,2.35,3.17,3.49,2.24
2019,2020-07-26,Manchester City,Norwich City,1.08,11.0,26.0,1.03,19.0,41.0,1.1,15.25,41.0,1.07,12.8,30.42
2019,2020-07-26,Newcastle United,Liverpool,7.5,5.25,1.36,5.5,4.6,1.53,8.2,5.4,1.45,7.6,4.99,1.4
2019,2020-07-26,Southampton,Sheffield United,2.15,3.5,3.3,2.0,3.5,3.8,2.25,3.6,3.56,2.18,3.47,3.34
2019,2020-07-26,West Ham United,Aston Villa,3.0,3.6,2.3,2.55,3.5,2.62,3.2,3.82,2.36,3.05,3.57,2.28
2020,2020-09-12,Crystal Palace,Southampton,3.1,3.25,2.37,3.0,3.25,2.4,3.36,3.36,2.5,3.18,3.22,2.39
2020,2020-09-12,Fulham,Arsenal,6.0,4.33,1.53,5.0,4.0,1.66,6.55,4.55,1.6,5.94,4.34,1.55
2020,2020-09-12,Liverpool,Leeds United,1.28,6.0,9.5,1.25,6.0,11.0,1.35,6.5,10.75,1.3,5.96,9.68
2020,2020-09-12,West Ham United,Newcastle United,2.15,3.4,3.4,1.95,3.6,3.75,2.24,3.7,3.6,2.15,3.48,3.42
2020,2020-09-13,Tottenham Hotspur,Everton,1.83,3.6,4.33,2.0,3.4,3.8,1.98,3.68,4.5,1.9,3.55,4.2
2020,2020-09-13,West Bromwich Albion,Leicester City,3.8,3.6,1.95,3.25,3.4,2.2,4.0,3.82,2.04,3.87,3.57,1.97
2020,2020-09-14,Brighton,Chelsea,5.0,4.33,1.61,5.75,4.4,1.53,5.36,4.35,1.71,5.12,4.13,1.65
2020,2020-09-14,Sheffield United,Wolverhampton Wanderers,3.25,3.1,2.37,3.2,2.9,2.55,3.46,3.24,2.52,3.36,3.0,2.41
2020,2020-09-19,Arsenal,West Ham United,1.53,4.5,5.5,1.45,4.5,7.0,1.57,4.75,6.55,1.53,4.51,5.91
2020,2020-09-19,Everton,West Bromwich Albion,1.5,4.2,6.5,1.57,4.0,6.0,1.59,4.5,7.0,1.54,4.25,6.3
2020,2020-09-19,Leeds United,Fulham,1.61,3.9,5.75,1.66,3.8,5.25,1.7,4.15,6.0,1.64,3.97,5.5
2020,2020-09-19,Manchester United,Crystal Palace,1.3,5.5,9.5,1.36,5.0,8.0,1.36,6.1,11.0,1.32,5.57,9.56
2020,2020-09-20,Chelsea,Liverpool,3.1,3.6,2.2,3.4,3.9,2.0,3.32,3.88,2.26,3.15,3.72,2.18
2020,2020-09-20,Leicester City,Burnley,1.61,4.0,5.5,1.5,4.33,6.5,1.69,4.15,6.05,1.63,3.98,5.64
2020,2020-09-20,Newcastle United,Brighton,2.6,3.1,2.87,2.5,3.25,2.9,2.82,3.35,2.91,2.68,3.15,2.82
2020,2020-09-20,Southampton,Tottenham Hotspur,3.0,3.3,2.37,3.3,3.4,2.2,3.25,3.5,2.44,3.1,3.35,2.37
2020,2020-09-21,Aston Villa,Sheffield United,2.7,3.1,2.75,2.45,3.2,3.1,2.81,3.4,2.85,2.71,3.19,2.75
2020,2020-09-21,Wolverhampton Wanderers,Manchester City,6.5,4.33,1.5,7.0,4.5,1.44,6.55,4.55,1.59,6.11,4.35,1.54
2020,2020-09-26,Brighton,Manchester United,4.75,3.75,1.72,5.25,4.0,1.61,5.3,3.92,1.81,4.83,3.75,1.75
2020,2020-09-26,Burnley,Southampton,3.2,3.3,2.3,3.3,3.4,2.2,3.41,3.38,2.4,3.3,3.25,2.31
2020,2020-09-26,Crystal Palace,Everton,3.75,3.25,2.1,3.5,3.3,2.15,3.9,3.44,2.2,3.69,3.32,2.12
2020,2020-09-26,West Bromwich Albion,Chelsea,9.0,4.75,1.36,6.5,4.75,1.44,9.0,5.35,1.42,8.24,5.02,1.38
2020,2020-09-27,Manchester City,Leicester City,1.28,6.0,9.5,1.28,5.75,9.5,1.32,6.35,11.5,1.29,5.93,9.68
2020,2020-09-27,Sheffield United,Leeds United,2.7,3.3,2.62,2.8,3.4,2.5,2.83,3.5,2.75,2.72,3.37,2.63
2020,2020-09-27,Tottenham Hotspur,Newcastle United,1.45,4.5,7.0,1.4,4.8,8.0,1.51,4.75,7.8,1.47,4.5,6.95
2020,2020-09-27,West Ham United,Wolverhampton Wanderers,3.6,3.5,2.05,3.3,3.3,2.25,3.87,3.56,2.15,3.74,3.38,2.07
2020,2020-09-28,Fulham,Aston Villa,2.9,3.25,2.5,3.0,3.4,2.37,3.0,3.44,2.62,2.92,3.26,2.52
2020,2020-09-28,Liverpool,Arsenal,1.45,4.75,6.5,1.44,5.25,6.0,1.54,5.0,6.95,1.49,4.68,6.3
2020,2020-10-03,Chelsea,Crystal Palace,1.4,4.75,8.0,1.5,4.33,6.5,1.47,5.0,8.0,1.43,4.77,7.39
2020,2020-10-03,Everton,Brighton,1.72,3.75,4.8,1.75,3.75,4.75,1.81,3.85,5.1,1.76,3.73,4.79
2020,2020-10-03,Leeds United,Manchester City,7.5,5.25,1.36,8.0,7.5,1.25,8.4,5.7,1.42,7.45,5.34,1.38
2020,2020-10-03,Newcastle United,Burnley,2.4,3.2,3.1,2.37,3.25,3.1,2.55,3.28,3.2,2.47,3.15,3.08
2020,2020-10-04,Arsenal,Sheffield United,1.57,4.0,6.0,1.5,4.2,7.0,1.6,4.3,6.75,1.56,4.09,6.25
2020,2020-10-04,Aston Villa,Liverpool,10.0,5.5,1.3,6.5,4.8,1.44,10.25,5.7,1.38,9.35,5.41,1.33
2020,2020-10-04,Leicester City,West Ham United,1.61,4.2,5.25,1.75,4.0,4.2,1.73,4.3,5.25,1.68,4.12,4.86
2020,2020-10-04,Manchester United,Tottenham Hotspur,1.85,3.8,4.0,2.0,3.7,3.6,1.97,3.96,4.15,1.92,3.71,3.97
2020,2020-10-04,Southampton,West Bromwich Albion,1.72,3.8,4.75,1.85,3.75,4.0,1.82,4.02,4.8,1.76,3.86,4.58
2020,2020-10-04,Wolverhampton Wanderers,Fulham,1.5,4.0,7.5,1.75,3.4,5.25,1.56,4.28,7.78,1.51,4.07,7.19
2020,2020-10-17,Chelsea,Southampton,1.45,4.75,6.5,1.53,4.6,5.5,1.58,4.8,6.5,1.53,4.56,5.92
2020,2020-10-17,Everton,Liverpool,3.75,4.2,1.83,4.2,4.2,1.72,4.15,4.21,1.91,3.91,4.08,1.85
2020,2020-10-17,Manchester City,Arsenal,1.44,5.0,6.5,1.5,4.75,5.5,1.53,5.1,6.55,1.49,4.85,6.09
2020,2020-10-17,Newcastle United,Manchester United,4.75,4.0,1.66,4.5,4.2,1.7,5.0,4.3,1.76,4.78,4.08,1.7
2020,2020-10-18,Crystal Palace,Brighton,2.62,3.3,2.7,3.0,3.25,2.4,2.8,3.42,2.88,2.68,3.25,2.76
2020,2020-10-18,Leicester City,Aston Villa,1.83,3.8,4.1,2.35,3.6,2.87,1.96,4.0,4.23,1.89,3.82,3.97
2020,2020-10-18,Sheffield United,Fulham,2.1,3.3,3.7,2.25,3.2,3.5,2.17,3.45,3.95,2.11,3.32,3.74
2020,2020-10-18,Tottenham Hotspur,West Ham United,1.57,4.33,5.5,1.6,4.2,5.5,1.67,4.35,5.75,1.62,4.19,5.34
2020,2020-10-19,Leeds United,Wolverhampton Wanderers,2.5,3.3,2.87,2.4,3.4,2.9,2.58,3.44,3.1,2.5,3.26,2.97
2020,2020-10-19,West Bromwich Albion,Burnley,2.45,3.3,2.9,2.55,3.25,2.9,2.58,3.5,3.1,2.49,3.3,2.97
2020,2020-10-23,Aston Villa,Leeds United,2.05,3.75,3.3,1.85,4.0,3.8,2.16,3.9,3.47,2.11,3.75,3.33
2020,2020-10-24,Fulham,Crystal Palace,2.75,3.1,2.7,2.5,3.2,2.9,2.83,3.34,2.86,2.74,3.14,2.77
2020,2020-10-24,Liverpool,Sheffield United,1.22,6.5,12.0,1.2,7.5,12.0,1.29,6.75,13.0,1.25,6.36,11.55
2020,2020-10-24,Manchester United,Chelsea,2.37,3.6,2.8,2.55,3.5,2.62,2.45,3.84,3.02,2.38,3.59,2.9
2020,2020-10-24,West Ham United,Manchester City,8.0,5.25,1.36,6.5,5.25,1.4,8.0,5.55,1.44,7.2,5.16,1.41
2020,2020-10-25,Arsenal,Leicester City,1.9,3.75,3.8,1.9,3.6,4.0,1.98,3.9,4.1,1.93,3.74,3.92
2020,2020-10-25,Southampton,Everton,2.75,3.4,2.55,3.0,3.6,2.25,2.88,3.58,2.62,2.78,3.47,2.54
2020,2020-10-25,Wolverhampton Wanderers,Newcastle United,1.75,3.5,5.25,1.8,3.5,4.75,1.85,3.64,5.52,1.78,3.49,5.16
2020,2020-10-26,Brighton,West Bromwich Albion,1.7,4.0,4.75,1.66,3.9,5.0,1.8,4.15,4.8,1.75,3.93,4.61
2020,2020-10-26,Burnley,Tottenham Hotspur,5.75,4.0,1.6,5.75,4.33,1.53,6.0,4.22,1.68,5.49,4.02,1.63
2020,2020-10-30,Wolverhampton Wanderers,Crystal Palace,2.0,3.2,4.33,2.0,3.2,4.2,2.1,3.21,4.53,2.05,3.13,4.27
2020,2020-10-31,Burnley,Chelsea,6.0,4.5,1.5,5.5,4.33,1.57,6.5,4.69,1.59,6.05,4.37,1.54
2020,2020-10-31,Liverpool,West Ham United,1.36,5.25,7.5,1.4,5.0,7.0,1.43,5.6,8.1,1.39,5.26,7.43
2020,2020-10-31,Sheffield United,Manchester City,9.5,6.0,1.28,9.5,6.0,1.28,10.5,6.1,1.35,9.43,5.76,1.31
2020,2020-11-01,Aston Villa,Southampton,2.45,3.5,2.8,2.6,3.5,2.62,2.6,3.84,2.85,2.46,3.6,2.78
2020,2020-11-01,Manchester United,Arsenal,2.0,3.6,3.6,1.95,3.6,3.8,2.1,3.85,3.76,2.04,3.66,3.58
2020,2020-11-01,Newcastle United,Everton,3.7,3.4,2.05,3.3,3.3,2.25,4.0,3.59,2.15,3.71,3.47,2.06
2020,2020-11-01,Tottenham Hotspur,Brighton,1.61,4.0,5.5,1.55,4.33,6.0,1.67,4.3,5.75,1.63,4.17,5.29
2020,2020-11-02,Fulham,West Bromwich Albion,2.4,3.3,3.0,2.4,3.3,3.0,2.56,3.5,3.17,2.44,3.32,3.01
2020,2020-11-02,Leeds United,Leicester City,2.5,3.6,2.62,2.4,3.7,2.75,2.66,3.72,2.82,2.56,3.56,2.68
2020,2020-11-06,Brighton,Burnley,1.85,3.5,4.33,1.9,3.4,4.2,1.94,3.65,4.71,1.9,3.48,4.42
2020,2020-11-06,Southampton,Newcastle United,2.0,3.6,3.7,2.1,3.5,3.4,2.1,3.76,3.84,2.04,3.58,3.7
2020,2020-11-07,Chelsea,Sheffield United,1.36,5.0,8.5,1.36,5.0,8.0,1.44,5.2,9.0,1.39,4.93,8.23
2020,2020-11-07,Crystal Palace,Leeds United,2.87,3.4,2.45,2.8,3.5,2.45,3.01,3.49,2.58,2.92,3.37,2.47
2020,2020-11-07,Everton,Manchester United,2.9,3.5,2.37,3.25,3.6,2.15,3.04,3.65,2.51,2.91,3.52,2.42
2020,2020-11-07,West Ham United,Fulham,1.83,3.75,4.2,1.83,3.8,4.0,1.88,4.0,4.5,1.83,3.82,4.23
2020,2020-11-08,Arsenal,Aston Villa,1.65,4.1,5.0,1.61,4.4,4.75,1.75,4.2,5.27,1.7,3.97,4.92
2020,2020-11-08,Leicester City,Wolverhampton Wanderers,2.3,3.2,3.25,2.25,3.2,3.3,2.5,3.34,3.45,2.38,3.14,3.28
2020,2020-11-08,Manchester City,Liverpool,1.95,4.2,3.4,1.9,4.2,3.5,2.05,4.33,3.59,1.99,4.03,3.42
2020,2020-11-08,West Bromwich Albion,Tottenham Hotspur,7.0,4.33,1.45,6.0,4.6,1.5,7.0,4.58,1.56,6.38,4.38,1.52
2020,2020-11-21,Aston Villa,Brighton,2.15,3.6,3.2,2.3,3.5,3.0,2.27,3.78,3.34,2.19,3.61,3.21
2020,2020-11-21,Manchester United,West Bromwich Albion,1.3,5.5,9.5,1.3,5.75,9.0,1.38,5.75,10.5,1.34,5.34,9.21
2020,2020-11-21,Newcastle United,Chelsea,6.5,4.75,1.45,7.0,4.75,1.44,7.0,4.75,1.54,6.39,4.54,1.5
2020,2020-11-21,Tottenham Hotspur,Manchester City,4.0,4.0,1.8,4.2,4.0,1.75,4.35,4.21,1.88,4.1,4.03,1.81
2020,2020-11-22,Fulham,Everton,3.9,3.9,1.85,4.2,3.8,1.8,4.12,3.96,1.96,3.93,3.79,1.9
2020,2020-11-22,Leeds United,Arsenal,3.0,3.75,2.2,3.4,3.8,2.0,3.28,3.84,2.3,3.13,3.7,2.21
2020,2020-11-22,Liverpool,Leicester City,1.85,4.0,3.8,1.75,4.0,4.33,1.99,4.15,4.1,1.9,3.92,3.82
2020,2020-11-22,Sheffield United,West Ham United,3.0,3.25,2.4,3.1,3.2,2.4,3.2,3.46,2.53,3.06,3.26,2.43
2020,2020-11-23,Burnley,Crystal Palace,2.75,3.1,2.75,2.6,3.1,2.9,2.9,3.24,2.95,2.79,3.06,2.8
2020,2020-11-23,Wolverhampton Wanderers,Southampton,2.3,3.25,3.25,2.3,3.25,3.25,2.38,3.42,3.5,2.32,3.25,3.27
2020,2020-11-27,Crystal Palace,Newcastle United,2.05,3.25,3.75,2.1,3.2,3.75,2.23,3.3,3.9,2.15,3.21,3.74
2020,2020-11-28,Brighton,Liverpool,5.5,4.2,1.57,5.0,4.2,1.61,5.75,4.4,1.68,5.32,4.19,1.62
2020,2020-11-28,Everton,Leeds United,1.95,3.8,3.6,2.2,3.75,3.0,2.1,3.99,3.77,2.02,3.72,3.57
2020,2020-11-28,Manchester City,Burnley,1.16,7.5,16.0,1.12,10.0,17.0,1.19,8.5,21.0,1.17,7.84,16.81
2020,2020-11-28,West Bromwich Albion,Sheffield United,2.6,3.2,2.8,2.6,3.2,2.8,2.72,3.34,3.03,2.6,3.17,2.9
2020,2020-11-29,Arsenal,Wolverhampton Wanderers,2.05,3.4,3.75,2.05,3.25,3.8,2.22,3.45,3.81,2.13,3.28,3.72
2020,2020-11-29,Chelsea,Tottenham Hotspur,2.05,3.5,3.6,1.95,3.6,3.75,2.19,3.83,3.69,2.1,3.52,3.53
2020,2020-11-29,Southampton,Manchester United,4.0,3.5,1.95,3.8,3.6,1.95,4.06,3.68,2.07,3.8,3.57,2.0
2020,2020-11-30,Leicester City,Fulham,1.5,4.33,6.5,1.55,4.2,6.0,1.58,4.53,6.55,1.54,4.35,6.15
2020,2020-11-30,West Ham United,Aston Villa,2.25,3.6,3.0,2.3,3.5,3.0,2.38,3.8,3.1,2.32,3.57,3.01
2020,2020-12-05,Burnley,Everton,4.0,3.5,1.9,3.6,3.6,2.0,4.2,3.64,2.04,4.02,3.5,1.97
2020,2020-12-05,Chelsea,Leeds United,1.5,4.5,6.0,1.44,5.0,6.0,1.58,4.74,6.2,1.54,4.5,5.82
2020,2020-12-05,Manchester City,Fulham,1.1,11.0,19.0,1.1,11.0,19.0,1.15,11.0,26.0,1.12,9.74,21.84
2020,2020-12-05,West Ham United,Manchester United,3.6,3.6,2.0,3.3,3.5,2.15,3.76,3.86,2.12,3.62,3.57,2.05
2020,2020-12-06,Liverpool,Wolverhampton Wanderers,1.5,4.33,6.5,1.57,4.2,5.5,1.57,4.48,7.17,1.52,4.25,6.59
2020,2020-12-06,Sheffield United,Leicester City,3.8,3.5,1.95,4.0,3.5,1.95,4.02,3.68,2.08,3.86,3.49,2.01
2020,2020-12-06,Tottenham Hotspur,Arsenal,1.95,3.6,3.8,2.15,3.5,3.4,2.1,3.7,4.0,2.01,3.54,3.79
2020,2020-12-06,West Bromwich Albion,Crystal Palace,2.87,3.2,2.55,2.87,3.25,2.5,3.02,3.34,2.65,2.9,3.21,2.58
2020,2020-12-07,Brighton,Southampton,2.45,3.4,2.9,2.4,3.4,2.9,2.65,3.58,2.96,2.52,3.36,2.86
2020,2020-12-11,Leeds United,West Ham United,2.15,3.7,3.1,2.05,3.75,3.3,2.25,3.8,3.35,2.18,3.67,3.2
2020,2020-12-12,Everton,Chelsea,4.33,4.2,1.7,4.5,4.33,1.66,4.57,4.4,1.8,4.36,4.12,1.75
2020,2020-12-12,Manchester United,Manchester City,4.33,4.2,1.72,4.5,4.33,1.66,4.75,4.35,1.79,4.39,4.16,1.74
2020,2020-12-12,Newcastle United,West Bromwich Albion,2.45,3.2,3.0,2.4,3.25,3.0,2.63,3.42,3.33,2.51,3.25,2.95
2020,2020-12-12,Wolverhampton Wanderers,Aston Villa,2.25,3.25,3.25,2.5,3.25,2.87,2.44,3.43,3.32,2.34,3.27,3.21
2020,2020-12-13,Arsenal,Burnley,1.53,4.2,6.25,1.4,4.75,8.0,1.58,4.48,7.0,1.54,4.22,6.42
2020,2020-12-13,Crystal Palace,Tottenham Hotspur,4.5,3.9,1.72,4.0,3.8,1.85,4.92,3.94,1.82,4.71,3.75,1.76
2020,2020-12-13,Fulham,Liverpool,9.0,5.5,1.3,8.0,5.5,1.33,9.3,6.0,1.37,8.44,5.66,1.34
2020,2020-12-13,Leicester City,Brighton,2.0,3.5,3.8,2.0,3.5,3.75,2.11,3.72,3.93,2.03,3.49,3.76
2020,2020-12-13,Southampton,Sheffield United,1.7,3.75,5.0,1.61,3.8,5.25,1.76,4.01,5.25,1.72,3.83,4.95
2020,2020-12-15,Manchester City,West Bromwich Albion,1.09,11.0,21.0,1.1,11.0,21.0,1.16,11.75,29.0,1.12,9.96,22.77
2020,2020-12-15,Wolverhampton Wanderers,Chelsea,5.25,3.8,1.66,5.25,3.8,1.66,5.8,4.05,1.74,5.44,3.79,1.68
2020,2020-12-16,Arsenal,Southampton,2.25,3.5,3.1,2.1,3.5,3.4,2.33,3.68,3.32,2.25,3.47,3.19
2020,2020-12-16,Fulham,Brighton,2.87,3.3,2.5,3.0,3.2,2.5,3.06,3.45,2.64,2.9,3.28,2.51
2020,2020-12-16,Leeds United,Newcastle United,1.75,4.0,4.33,1.55,4.33,5.75,1.83,4.1,4.7,1.76,3.89,4.49
2020,2020-12-16,Leicester City,Everton,2.15,3.6,3.25,2.1,3.4,3.5,2.26,3.78,3.37,2.2,3.55,3.22
2020,2020-12-16,Liverpool,Tottenham Hotspur,1.75,3.8,4.5,1.8,3.8,4.2,1.85,4.03,4.72,1.79,3.84,4.44
2020,2020-12-16,West Ham United,Crystal Palace,2.05,3.4,3.6,2.1,3.4,3.5,2.18,3.6,3.82,2.1,3.4,3.64
2020,2020-12-17,Aston Villa,Burnley,1.75,3.8,4.5,1.83,3.75,4.2,1.79,4.04,4.95,1.74,3.84,4.73
2020,2020-12-17,Sheffield United,Manchester United,7.0,4.6,1.44,7.0,4.5,1.44,7.75,4.8,1.5,7.14,4.54,1.46
2020,2020-12-19,Crystal Palace,Liverpool,6.5,4.33,1.5,5.25,4.0,1.61,6.52,4.74,1.57,6.2,4.45,1.52
2020,2020-12-19,Everton,Arsenal,2.45,3.5,2.8,2.62,3.4,2.62,2.53,3.6,3.1,2.42,3.44,2.93
2020,2020-12-19,Newcastle United,Fulham,2.5,3.25,2.9,2.87,3.3,2.5,2.66,3.39,2.96,2.58,3.25,2.87
2020,2020-12-19,Southampton,Manchester City,7.0,4.5,1.44,6.0,4.5,1.45,7.0,4.95,1.53,6.48,4.63,1.48
2020,2020-12-20,Brighton,Sheffield United,1.65,3.75,5.5,1.83,3.4,4.75,1.75,3.88,5.79,1.69,3.72,5.43
2020,2020-12-20,Manchester United,Leeds United,1.66,4.33,4.5,1.7,4.2,4.33,1.77,4.42,4.75,1.71,4.23,4.49
2020,2020-12-20,Tottenham Hotspur,Leicester City,2.05,3.5,3.6,2.05,3.5,3.6,2.16,3.79,3.79,2.08,3.48,3.62
2020,2020-12-20,West Bromwich Albion,Aston Villa,3.6,3.8,1.95,4.5,4.0,1.72,3.88,3.86,2.06,3.69,3.7,1.99
2020,2020-12-21,Burnley,Wolverhampton Wanderers,3.5,3.25,2.2,3.4,3.1,2.3,3.75,3.28,2.32,3.61,3.13,2.23
2020,2020-12-21,Chelsea,West Ham United,1.44,5.0,6.25,1.53,4.33,5.75,1.55,5.0,7.0,1.49,4.63,6.29
2020,2020-12-26,Arsenal,Chelsea,4.0,3.6,1.9,4.75,3.8,1.72,4.45,3.75,2.02,4.06,3.59,1.93
2020,2020-12-26,Aston Villa,Crystal Palace,1.9,3.75,3.8,1.8,3.75,4.33,2.01,3.95,4.0,1.94,3.75,3.8
2020,2020-12-26,Fulham,Southampton,3.2,3.3,2.3,2.87,3.3,2.5,3.35,3.48,2.38,3.19,3.32,2.32
2020,2020-12-26,Leicester City,Manchester United,2.9,3.6,2.3,2.9,3.6,2.3,3.13,3.71,2.42,3.01,3.55,2.32
2020,2020-12-26,Manchester City,Newcastle United,1.11,10.0,19.0,1.12,9.5,17.0,1.15,10.25,32.0,1.12,9.31,23.28
2020,2020-12-26,Sheffield United,Everton,4.2,3.6,1.85,3.4,3.3,2.2,4.4,3.77,1.95,4.2,3.59,1.9
2020,2020-12-27,Leeds United,Burnley,1.72,4.0,4.33,1.7,4.2,4.5,1.82,4.28,4.85,1.75,3.98,4.5
2020,2020-12-27,Liverpool,West Bromwich Albion,1.11,10.0,19.0,1.12,9.0,19.0,1.15,10.19,26.0,1.13,9.05,20.61
2020,2020-12-27,West Ham United,Brighton,2.3,3.4,3.1,2.37,3.3,3.1,2.43,3.56,3.3,2.37,3.32,3.11
2020,2020-12-27,Wolverhampton Wanderers,Tottenham Hotspur,3.6,3.25,2.15,3.4,3.3,2.2,3.78,3.46,2.23,3.62,3.28,2.16
2020,2020-12-28,Chelsea,Aston Villa,1.61,4.2,5.0,1.75,4.0,4.33,1.74,4.32,5.0,1.69,4.18,4.72
2020,2020-12-28,Crystal Palace,Leicester City,3.75,3.5,2.0,3.3,3.4,2.2,3.96,3.66,2.08,3.81,3.52,2.01
2020,2020-12-29,Brighton,Arsenal,3.25,3.5,2.2,3.6,3.4,2.05,3.35,3.52,2.39,3.22,3.38,2.29
2020,2020-12-29,Burnley,Sheffield United,2.37,3.1,3.25,2.4,3.2,3.1,2.48,3.25,3.42,2.41,3.15,3.22
2020,2020-12-29,Manchester United,Wolverhampton Wanderers,1.53,4.2,6.25,1.53,4.2,6.0,1.6,4.52,6.5,1.55,4.21,6.1
2020,2020-12-29,Southampton,West Ham United,2.1,3.6,3.4,2.0,3.5,3.75,2.27,3.6,3.52,2.19,3.48,3.33
2020,2020-12-29,West Bromwich Albion,Leeds United,3.6,3.6,2.0,4.0,4.0,1.8,4.07,3.83,2.12,3.59,3.67,2.03
2020,2020-12-30,Newcastle United,Liverpool,12.0,6.0,1.25,11.0,6.0,1.25,12.0,6.5,1.32,9.81,5.93,1.29
2020,2021-01-01,Everton,West Ham United,2.1,3.5,3.5,2.2,3.5,3.25,2.22,3.58,3.81,2.15,3.44,3.5
2020,2021-01-01,Manchester United,Aston Villa,1.72,4.2,4.2,1.66,4.0,4.75,1.81,4.35,4.7,1.74,4.14,4.42
2020,2021-01-02,Brighton,Wolverhampton Wanderers,2.62,3.25,2.75,2.8,3.0,2.75,2.76,3.3,2.92,2.66,3.15,2.85
2020,2021-01-02,Crystal Palace,Sheffield United,1.95,3.5,3.9,2.05,3.25,3.9,2.09,3.55,4.1,2.01,3.4,3.93
2020,2021-01-02,Tottenham Hotspur,Leeds United,1.75,4.1,4.2,1.83,4.0,4.0,1.85,4.28,4.37,1.8,4.05,4.15
2020,2021-01-02,West Bromwich Albion,Arsenal,5.75,4.0,1.57,6.0,4.0,1.57,6.5,4.2,1.66,5.78,4.01,1.61
2020,2021-01-03,Chelsea,Manchester City,3.0,3.7,2.2,3.4,3.6,2.05,3.2,3.8,2.36,3.01,3.66,2.24
2020,2021-01-03,Newcastle United,Leicester City,5.25,4.2,1.61,6.0,4.0,1.57,5.52,4.2,1.72,5.19,3.97,1.67
2020,2021-01-04,Southampton,Liverpool,5.0,4.33,1.61,5.75,4.75,1.5,5.1,4.5,1.7,4.89,4.24,1.65
2020,2021-01-12,Burnley,Manchester United,7.0,4.5,1.45,8.0,4.75,1.4,7.7,4.7,1.52,7.03,4.56,1.47
2020,2021-01-12,Sheffield United,Newcastle United,2.45,3.1,3.1,2.3,3.1,3.3,2.58,3.24,3.25,2.49,3.11,3.13
2020,2021-01-12,Wolverhampton Wanderers,Everton,2.45,3.1,3.1,2.5,2.8,3.25,2.62,3.22,3.2,2.5,3.12,3.1
2020,2021-01-13,Manchester City,Brighton,1.14,8.5,16.0,1.14,8.0,19.0,1.21,8.5,19.0,1.18,7.48,15.78
2020,2021-01-13,Tottenham Hotspur,Fulham,1.36,5.0,8.5,1.61,3.8,6.0,1.43,5.3,8.75,1.4,4.91,7.98
2020,2021-01-14,Arsenal,Crystal Palace,1.53,4.0,6.5,1.66,3.75,5.25,1.61,4.25,7.0,1.55,4.1,6.37
2020,2021-01-16,Fulham,Chelsea,6.5,4.33,1.5,6.5,4.2,1.5,7.0,4.44,1.6,6.3,4.21,1.55
2020,2021-01-16,Leeds United,Brighton,2.1,3.5,3.4,2.2,3.5,3.2,2.24,3.72,3.45,2.17,3.57,3.31
2020,2021-01-16,Leicester City,Southampton,1.8,3.75,4.5,1.66,3.9,5.0,1.85,3.91,5.05,1.8,3.72,4.58
2020,2021-01-16,West Ham United,Burnley,1.8,3.5,4.75,1.75,3.7,4.75,1.91,3.74,5.0,1.84,3.49,4.69
2020,2021-01-16,Wolverhampton Wanderers,West Bromwich Albion,1.6,3.5,7.0,1.61,3.7,6.0,1.65,3.92,7.14,1.61,3.67,6.71
2020,2021-01-17,Liverpool,Manchester United,1.95,3.8,3.6,1.95,3.8,3.6,2.02,4.1,3.76,1.97,3.84,3.65
2020,2021-01-17,Manchester City,Crystal Palace,1.14,8.5,17.0,1.16,8.0,15.0,1.19,8.6,21.0,1.17,7.67,17.03
2020,2021-01-17,Sheffield United,Tottenham Hotspur,6.25,3.75,1.6,4.5,3.6,1.83,6.5,3.91,1.7,5.96,3.73,1.65
2020,2021-01-18,Arsenal,Newcastle United,1.4,4.5,8.0,1.4,4.75,8.0,1.47,4.85,8.2,1.44,4.61,7.54
2020,2021-01-19,Leicester City,Chelsea,2.87,3.4,2.45,2.75,3.4,2.5,3.04,3.55,2.58,2.9,3.41,2.49
2020,2021-01-19,West Ham United,West Bromwich Albion,1.57,4.2,5.5,1.53,4.2,6.0,1.62,4.26,6.59,1.58,4.08,6.09
2020,2021-01-20,Fulham,Manchester United,6.0,4.33,1.53,5.5,4.0,1.6,6.5,4.54,1.59,6.05,4.31,1.55
2020,2021-01-20,Manchester City,Aston Villa,1.22,6.5,12.0,1.28,6.0,10.0,1.29,6.75,13.0,1.25,6.21,11.36
2020,2021-01-21,Liverpool,Burnley,1.18,7.5,15.0,1.28,6.0,10.0,1.23,8.0,17.75,1.2,7.05,14.89
2020,2021-01-23,Aston Villa,Newcastle United,1.45,4.75,6.5,1.5,4.75,5.75,1.55,4.75,6.8,1.5,4.53,6.37
2020,2021-01-26,Crystal Palace,West Ham United,3.1,3.25,2.37,3.5,3.3,2.15,3.27,3.4,2.5,3.16,3.27,2.39
2020,2021-01-26,Newcastle United,Leeds United,3.9,3.8,1.85,3.9,4.0,1.83,3.97,4.0,2.0,3.83,3.83,1.93
2020,2021-01-26,Southampton,Arsenal,3.5,3.6,2.05,3.5,3.75,2.0,3.62,3.73,2.18,3.49,3.6,2.09
2020,2021-01-26,West Bromwich Albion,Manchester City,15.0,7.5,1.18,18.0,8.0,1.14,18.0,7.5,1.23,15.44,7.06,1.2
2020,2021-01-27,Brighton,Fulham,2.05,3.4,3.75,2.0,3.4,4.0,2.14,3.56,4.0,2.06,3.38,3.82
2020,2021-01-27,Burnley,Aston Villa,3.8,3.5,1.95,4.2,3.6,1.8,4.03,3.69,2.06,3.84,3.53,2.0
2020,2021-01-27,Chelsea,Wolverhampton Wanderers,1.6,4.2,5.25,1.61,3.75,5.75,1.69,4.3,6.0,1.62,4.08,5.53
2020,2021-01-27,Everton,Leicester City,2.8,3.3,2.55,3.0,3.25,2.4,2.94,3.4,2.71,2.83,3.25,2.61
2020,2021-01-27,Manchester United,Sheffield United,1.25,6.0,11.0,1.25,5.75,10.0,1.32,6.3,12.0,1.28,5.94,10.6
2020,2021-01-28,Tottenham Hotspur,Liverpool,3.2,3.6,2.2,3.6,3.9,1.95,3.45,3.73,2.3,3.22,3.54,2.22
2020,2021-01-30,Arsenal,Manchester United,2.8,3.5,2.45,3.5,3.6,2.05,2.98,3.65,2.62,2.86,3.4,2.51
2020,2021-01-30,Crystal Palace,Wolverhampton Wanderers,2.87,3.2,2.55,2.9,3.1,2.55,3.09,3.26,2.72,2.96,3.1,2.61
2020,2021-01-30,Everton,Newcastle United,1.55,4.0,6.5,1.55,4.0,6.5,1.63,4.18,6.7,1.59,3.95,6.27
2020,2021-01-30,Manchester City,Sheffield United,1.12,9.0,18.0,1.14,7.5,19.0,1.16,9.6,27.0,1.13,8.75,21.73
2020,2021-01-30,Southampton,Aston Villa,2.8,3.6,2.37,3.2,3.7,2.1,2.98,3.76,2.52,2.86,3.59,2.41
2020,2021-01-30,West Bromwich Albion,Fulham,3.3,3.2,2.3,3.5,3.3,2.15,3.45,3.27,2.44,3.33,3.19,2.32
2020,2021-01-31,Brighton,Tottenham Hotspur,3.2,3.4,2.25,3.2,3.3,2.3,3.2,3.52,2.44,3.12,3.36,2.35
2020,2021-01-31,Chelsea,Burnley,1.33,5.0,9.5,1.3,5.25,10.0,1.38,5.5,10.5,1.34,5.15,9.64
2020,2021-01-31,Leicester City,Leeds United,1.8,4.0,4.2,1.8,3.8,4.2,1.88,4.2,4.3,1.82,4.02,4.11
2020,2021-01-31,West Ham United,Liverpool,4.33,4.0,1.75,3.5,3.75,2.0,4.7,4.27,1.82,4.39,3.99,1.77
2020,2021-02-02,Manchester United,Southampton,1.4,4.75,7.0,1.44,4.75,6.5,1.49,4.93,8.3,1.44,4.73,7.22
2020,2021-02-02,Newcastle United,Crystal Palace,2.8,3.2,2.6,2.87,3.3,2.5,3.02,3.35,2.72,2.91,3.15,2.63
2020,2021-02-02,Sheffield United,West Bromwich Albion,2.0,3.3,4.0,2.05,3.3,3.8,2.14,3.48,4.3,2.05,3.3,3.99
2020,2021-02-02,Wolverhampton Wanderers,Arsenal,3.6,3.3,2.1,3.6,3.2,2.15,3.75,3.46,2.22,3.63,3.29,2.17
2020,2021-02-03,Aston Villa,West Ham United,2.2,3.4,3.25,2.25,3.5,3.1,2.28,3.59,3.48,2.21,3.43,3.33
2020,2021-02-03,Burnley,Manchester City,13.0,7.0,1.2,16.0,7.5,1.16,17.5,7.1,1.24,14.33,6.54,1.22
2020,2021-02-03,Fulham,Leicester City,4.0,3.5,1.9,3.75,3.3,2.05,4.17,3.72,2.04,4.0,3.49,1.97
2020,2021-02-03,Leeds United,Everton,2.5,3.5,2.7,2.5,3.4,2.75,2.58,3.84,2.83,2.47,3.63,2.75
2020,2021-02-03,Liverpool,Brighton,1.33,5.25,9.0,1.44,4.75,6.5,1.41,5.55,9.0,1.36,5.23,8.38
2020,2021-02-04,Tottenham Hotspur,Chelsea,3.5,3.4,2.1,4.0,3.4,1.95,3.64,3.58,2.25,3.48,3.43,2.16
2020,2021-02-06,Aston Villa,Arsenal,2.62,3.5,2.6,2.87,3.5,2.37,2.87,3.66,2.65,2.74,3.47,2.56
2020,2021-02-06,Burnley,Brighton,3.6,3.1,2.2,3.6,3.2,2.15,3.75,3.37,2.3,3.58,3.17,2.22
2020,2021-02-06,Fulham,West Ham United,3.6,3.5,2.05,4.0,3.75,1.85,3.75,3.62,2.16,3.57,3.46,2.1
2020,2021-02-06,Manchester United,Everton,1.53,4.2,6.0,1.57,4.2,5.5,1.6,4.5,6.65,1.56,4.26,5.99
2020,2021-02-06,Newcastle United,Southampton,3.0,3.3,2.4,3.3,3.5,2.2,3.15,3.34,2.62,2.99,3.27,2.47
2020,2021-02-07,Liverpool,Manchester City,3.4,3.6,2.05,3.2,3.6,2.15,3.54,3.78,2.2,3.37,3.63,2.12
2020,2021-02-07,Sheffield United,Chelsea,7.0,4.5,1.45,7.0,4.33,1.45,7.8,4.75,1.52,7.18,4.38,1.48
2020,2021-02-07,Tottenham Hotspur,West Bromwich Albion,1.45,4.5,7.0,1.36,5.0,8.5,1.5,4.73,8.0,1.46,4.51,7.23
2020,2021-02-07,Wolverhampton Wanderers,Leicester City,3.5,3.4,2.1,3.2,3.25,2.3,3.7,3.5,2.22,3.52,3.37,2.16
2020,2021-02-08,Leeds United,Crystal Palace,1.8,3.8,4.2,1.8,3.75,4.33,1.93,4.08,4.3,1.86,3.82,4.06
2020,2021-02-13,Brighton,Aston Villa,2.7,3.5,2.5,2.87,3.3,2.45,2.88,3.55,2.64,2.77,3.4,2.56
2020,2021-02-13,Crystal Palace,Burnley,2.37,3.1,3.2,2.8,3.1,2.7,2.54,3.32,3.35,2.42,3.11,3.22
2020,2021-02-13,Leicester City,Liverpool,3.5,3.4,2.1,3.6,3.8,1.95,3.6,3.66,2.24,3.45,3.49,2.14
2020,2021-02-13,Manchester City,Tottenham Hotspur,1.28,5.75,9.5,1.3,5.75,9.0,1.37,6.1,9.5,1.33,5.56,8.65
2020,2021-02-14,Arsenal,Leeds United,1.83,3.8,4.0,1.8,3.8,4.33,1.96,3.92,4.11,1.89,3.77,3.98
2020,2021-02-14,Everton,Fulham,1.85,3.6,4.2,2.0,3.4,3.9,1.98,3.74,4.24,1.93,3.53,4.09
2020,2021-02-14,Southampton,Wolverhampton Wanderers,2.37,3.2,3.1,2.2,3.2,3.6,2.56,3.36,3.28,2.42,3.21,3.12
2020,2021-02-14,West Bromwich Albion,Manchester United,10.0,5.5,1.3,10.0,5.75,1.28,10.0,6.0,1.35,9.19,5.52,1.33
2020,2021-02-15,Chelsea,Newcastle United,1.22,6.5,12.0,1.28,5.75,9.5,1.29,6.9,13.75,1.24,6.36,11.97
2020,2021-02-15,West Ham United,Sheffield United,1.66,3.75,5.25,2.0,3.3,4.0,1.79,3.9,5.32,1.73,3.74,5.04
2020,2021-02-17,Burnley,Fulham,2.75,3.2,2.7,2.9,3.1,2.55,2.89,3.34,2.85,2.77,3.15,2.72
2020,2021-02-17,Everton,Manchester City,8.5,5.5,1.33,11.0,5.5,1.28,9.5,5.75,1.38,8.56,5.33,1.35
2020,2021-02-19,Wolverhampton Wanderers,Leeds United,2.37,3.3,3.0,2.25,3.4,3.2,2.46,3.5,3.22,2.38,3.36,3.08
2020,2021-02-20,Burnley,West Bromwich Albion,2.0,3.3,4.0,2.1,3.25,3.6,2.12,3.47,4.12,2.04,3.31,3.96
2020,2021-02-20,Fulham,Sheffield United,2.15,3.2,3.6,1.9,3.4,4.2,2.27,3.29,3.85,2.2,3.19,3.61
2020,2021-02-20,Liverpool,Everton,1.44,4.5,7.0,1.36,5.5,7.0,1.51,4.9,7.6,1.47,4.59,6.79
2020,2021-02-20,Southampton,Chelsea,5.0,3.8,1.7,4.75,3.75,1.75,5.25,3.9,1.79,4.93,3.76,1.74
2020,2021-02-21,Arsenal,Manchester City,6.5,4.33,1.5,7.0,4.5,1.44,6.9,4.58,1.57,6.27,4.36,1.53
2020,2021-02-21,Aston Villa,Leicester City,2.87,3.5,2.4,3.7,3.7,1.95,2.95,3.73,2.5,2.87,3.5,2.44
2020,2021-02-21,Manchester United,Newcastle United,1.28,5.5,10.0,1.3,5.5,10.0,1.32,6.0,12.0,1.3,5.75,10.27
2020,2021-02-21,West Ham United,Tottenham Hotspur,2.62,3.4,2.7,2.9,3.4,2.4,2.78,3.52,2.8,2.64,3.33,2.73
2020,2021-02-22,Brighton,Crystal Palace,1.7,3.5,5.5,1.72,3.5,5.25,1.81,3.7,5.75,1.74,3.53,5.36
2020,2021-02-23,Leeds United,Southampton,2.25,3.5,3.1,2.1,3.7,3.3,2.42,3.6,3.2,2.34,3.47,3.06
2020,2021-02-27,Leeds United,Aston Villa,2.15,3.6,3.2,2.0,3.8,3.4,2.32,3.75,3.26,2.23,3.63,3.12
2020,2021-02-27,Manchester City,West Ham United,1.22,6.5,12.0,1.25,6.5,11.0,1.26,7.2,14.5,1.23,6.55,12.55
2020,2021-02-27,Newcastle United,Wolverhampton Wanderers,3.5,3.2,2.2,3.6,3.1,2.2,3.78,3.27,2.38,3.51,3.12,2.28
2020,2021-02-27,West Bromwich Albion,Brighton,4.2,3.3,1.95,4.5,3.5,1.8,4.35,3.6,2.04,4.14,3.44,1.96
2020,2021-02-28,Chelsea,Manchester United,2.15,3.4,3.4,2.3,3.4,3.1,2.38,3.45,3.6,2.27,3.29,3.35
2020,2021-02-28,Crystal Palace,Fulham,3.5,3.2,2.2,3.5,3.2,2.2,3.68,3.32,2.35,3.49,3.17,2.26
2020,2021-02-28,Leicester City,Arsenal,2.5,3.4,2.8,2.37,3.3,3.1,2.64,3.5,3.08,2.51,3.34,2.89
2020,2021-02-28,Sheffield United,Liverpool,8.0,5.0,1.36,8.0,5.0,1.36,8.11,5.3,1.45,7.56,4.94,1.41
2020,2021-02-28,Tottenham Hotspur,Burnley,1.53,4.0,6.5,1.45,4.33,7.5,1.6,4.35,7.22,1.55,4.04,6.66
2020,2021-03-01,Everton,Southampton,2.15,3.5,3.3,2.1,3.5,3.4,2.28,3.58,3.53,2.19,3.45,3.34
2020,2021-03-02,Manchester City,Wolverhampton Wanderers,1.18,7.0,15.0,1.2,6.5,15.0,1.25,7.08,19.0,1.22,6.41,15.26
2020,2021-03-03,Burnley,Leicester City,4.0,3.25,2.0,3.75,3.2,2.1,4.1,3.65,2.15,3.97,3.3,2.05
2020,2021-03-03,Crystal Palace,Manchester United,8.0,4.75,1.4,7.5,4.75,1.4,8.18,4.8,1.48,7.56,4.6,1.44
2020,2021-03-03,Sheffield United,Aston Villa,3.75,3.4,2.05,3.5,3.5,2.1,3.9,3.6,2.15,3.73,3.44,2.07
2020,2021-03-04,Fulham,Tottenham Hotspur,4.0,3.6,1.9,3.7,3.4,2.05,4.1,3.75,2.02,3.95,3.57,1.96
2020,2021-03-04,Liverpool,Chelsea,2.25,3.6,3.0,2.15,3.5,3.25,2.36,3.79,3.24,2.26,3.59,3.1
2020,2021-03-04,West Bromwich Albion,Everton,4.33,3.6,1.83,3.9,3.5,1.95,4.6,3.91,1.89,4.43,3.67,1.84
2020,2021-03-06,Aston Villa,Wolverhampton Wanderers,2.37,3.25,3.1,2.55,3.1,2.9,2.5,3.41,3.28,2.42,3.2,3.14
2020,2021-03-06,Brighton,Leicester City,2.55,3.25,2.8,2.45,3.2,3.0,2.66,3.4,3.07,2.56,3.24,2.9
2020,2021-03-06,Burnley,Arsenal,5.5,4.0,1.61,5.0,3.6,1.75,5.8,4.12,1.69,5.48,3.94,1.64
2020,2021-03-06,Sheffield United,Southampton,3.6,3.5,2.0,3.8,3.4,2.0,3.8,3.6,2.18,3.67,3.4,2.09
2020,2021-03-07,Liverpool,Fulham,1.36,5.0,8.5,1.61,4.0,5.5,1.44,5.35,9.5,1.38,4.98,8.39
2020,2021-03-07,Manchester City,Manchester United,1.45,4.5,7.0,1.44,4.5,7.0,1.54,4.55,7.5,1.5,4.35,6.74
2020,2021-03-07,Tottenham Hotspur,Crystal Palace,1.45,4.5,7.0,1.53,4.0,6.5,1.53,4.75,7.5,1.47,4.48,7.11
2020,2021-03-07,West Bromwich Albion,Newcastle United,2.37,3.2,3.1,2.3,3.2,3.2,2.55,3.38,3.2,2.45,3.2,3.09
2020,2021-03-08,Chelsea,Everton,1.53,4.0,6.5,1.57,3.9,6.0,1.62,4.4,6.9,1.55,4.14,6.29
2020,2021-03-08,West Ham United,Leeds United,2.05,3.6,3.5,2.25,3.6,3.0,2.18,3.8,3.57,2.09,3.59,3.46
2020,2021-03-10,Manchester City,Southampton,1.18,7.5,15.0,1.16,7.0,17.0,1.23,7.51,17.0,1.21,6.91,14.17
2020,2021-03-12,Newcastle United,Aston Villa,3.8,3.3,2.05,3.6,3.3,2.1,4.04,3.5,2.18,3.8,3.33,2.09
2020,2021-03-13,Crystal Palace,West Bromwich Albion,2.15,3.2,3.6,2.3,3.1,3.4,2.32,3.34,3.7,2.24,3.17,3.55
2020,2021-03-13,Everton,Burnley,1.83,3.5,4.5,1.9,3.4,4.2,1.95,3.66,4.7,1.88,3.49,4.42
2020,2021-03-13,Fulham,Manchester City,10.0,5.0,1.33,8.0,4.75,1.4,10.59,5.41,1.38,9.63,4.98,1.35
2020,2021-03-13,Leeds United,Chelsea,4.75,4.0,1.7,5.25,3.8,1.66,4.8,4.12,1.81,4.57,3.9,1.76
2020,2021-03-14,Arsenal,Tottenham Hotspur,2.55,3.4,2.75,2.62,3.4,2.75,2.68,3.58,2.9,2.56,3.34,2.82
2020,2021-03-14,Leicester City,Sheffield United,1.5,4.2,6.5,1.5,4.0,7.5,1.6,4.31,7.0,1.54,4.12,6.6
2020,2021-03-14,Manchester United,West Ham United,1.83,3.6,4.33,1.75,3.6,4.8,1.92,3.7,4.6,1.86,3.57,4.42
2020,2021-03-14,Southampton,Brighton,2.9,3.1,2.5,3.25,3.1,2.37,3.08,3.2,2.7,2.98,3.07,2.6
2020,2021-03-15,Wolverhampton Wanderers,Liverpool,4.75,3.75,1.72,5.5,3.9,1.61,5.1,3.9,1.82,4.81,3.74,1.76
2020,2021-03-19,Fulham,Leeds United,2.37,3.4,3.0,2.5,3.3,2.87,2.5,3.52,3.1,2.43,3.35,3.0
2020,2021-03-20,Brighton,Newcastle United,1.66,3.5,6.0,1.66,3.6,5.5,1.72,3.62,7.0,1.66,3.54,6.24
2020,2021-03-21,Aston Villa,Tottenham Hotspur,2.9,3.3,2.45,2.9,3.4,2.4,3.11,3.5,2.5,2.97,3.38,2.42
2020,2021-03-21,West Ham United,Arsenal,2.8,3.5,2.45,3.5,3.5,2.1,2.96,3.6,2.6,2.83,3.43,2.5
2020,2021-04-03,Arsenal,Liverpool,3.1,3.7,2.15,2.75,3.6,2.4,3.26,3.7,2.35,3.13,3.56,2.26
2020,2021-04-03,Chelsea,West Bromwich Albion,1.22,6.0,15.0,1.25,5.75,12.0,1.25,6.95,17.0,1.22,6.33,14.99
2020,2021-04-03,Leeds United,Sheffield United,1.5,4.33,6.5,1.53,4.2,6.0,1.56,4.6,7.0,1.52,4.4,6.36
2020,2021-04-03,Leicester City,Manchester City,6.0,4.2,1.53,5.25,4.1,1.61,6.75,4.33,1.63,6.16,4.07,1.57
2020,2021-04-04,Aston Villa,Fulham,2.25,3.3,3.3,2.55,3.1,2.9,2.33,3.41,3.46,2.28,3.29,3.32
2020,2021-04-04,Manchester United,Brighton,1.61,4.0,5.5,1.66,3.75,5.25,1.7,4.21,5.75,1.64,3.97,5.39
2020,2021-04-04,Newcastle United,Tottenham Hotspur,5.5,4.0,1.6,5.5,3.8,1.65,5.9,4.27,1.66,5.56,4.03,1.62
2020,2021-04-04,Southampton,Burnley,2.05,3.3,3.8,1.95,3.3,4.2,2.17,3.43,3.97,2.1,3.29,3.78
2020,2021-04-05,Everton,Crystal Palace,1.75,3.5,5.0,1.8,3.5,4.75,1.86,3.6,5.2,1.8,3.46,4.91
2020,2021-04-05,Wolverhampton Wanderers,West Ham United,2.87,3.2,2.55,2.9,3.1,2.6,3.02,3.25,2.67,2.95,3.13,2.58
2020,2021-04-09,Fulham,Wolverhampton Wanderers,2.5,3.0,3.1,2.5,3.1,3.0,2.65,3.13,3.26,2.57,3.01,3.14
2020,2021-04-10,Crystal Palace,Chelsea,7.0,3.8,1.53,7.5,4.33,1.45,7.5,4.2,1.57,6.95,3.98,1.54
2020,2021-04-10,Liverpool,Aston Villa,1.5,4.33,6.5,1.45,4.75,6.5,1.56,4.75,6.85,1.52,4.51,6.22
2020,2021-04-10,Manchester City,Leeds United,1.28,5.75,10.0,1.36,5.25,7.5,1.33,6.5,10.61,1.3,5.92,9.56
2020,2021-04-11,Burnley,Newcastle United,2.3,3.1,3.4,2.25,3.3,3.25,2.43,3.25,3.75,2.34,3.12,3.39
2020,2021-04-11,Sheffield United,Arsenal,6.5,3.75,1.57,5.5,3.6,1.66,6.5,4.1,1.63,6.15,3.97,1.59
2020,2021-04-11,Tottenham Hotspur,Manchester United,2.87,3.4,2.45,2.9,3.5,2.37,2.98,3.65,2.59,2.87,3.44,2.49
2020,2021-04-11,West Ham United,Leicester City,3.0,3.3,2.37,3.1,3.3,2.3,3.15,3.54,2.5,3.01,3.38,2.41
2020,2021-04-12,Brighton,Everton,2.25,3.3,3.3,2.1,3.4,3.5,2.47,3.42,3.48,2.3,3.26,3.31
2020,2021-04-12,West Bromwich Albion,Southampton,3.6,3.3,2.1,3.6,3.6,2.0,3.7,3.58,2.24,3.55,3.28,2.19
2020,2021-04-16,Everton,Tottenham Hotspur,3.4,3.5,2.1,3.4,3.5,2.1,3.6,3.6,2.24,3.42,3.47,2.17
2020,2021-04-17,Newcastle United,West Ham United,3.5,3.5,2.05,3.4,3.4,2.15,3.97,3.56,2.15,3.65,3.45,2.08
2020,2021-04-17,Wolverhampton Wanderers,Sheffield United,1.66,3.5,5.75,1.72,3.4,5.25,1.74,3.72,6.15,1.69,3.55,5.81
2020,2021-04-18,Arsenal,Fulham,1.7,3.8,4.8,1.8,3.75,4.33,1.8,3.85,5.25,1.75,3.72,4.91
2020,2021-04-18,Manchester United,Burnley,1.33,5.25,9.0,1.33,5.25,9.0,1.4,5.5,10.5,1.36,5.05,9.25
2020,2021-04-19,Leeds United,Liverpool,4.5,4.33,1.66,5.0,4.5,1.6,4.9,4.48,1.73,4.7,4.26,1.68
2020,2021-04-20,Chelsea,Brighton,1.57,4.0,6.0,1.66,3.6,5.5,1.67,4.0,6.66,1.61,3.85,6.26
2020,2021-04-21,Aston Villa,Manchester City,9.0,4.75,1.36,10.0,5.25,1.3,9.7,5.15,1.42,8.68,4.88,1.38
2020,2021-04-21,Tottenham Hotspur,Southampton,1.75,3.8,4.5,1.8,3.9,4.2,1.86,4.04,4.7,1.8,3.79,4.42
2020,2021-04-22,Leicester City,West Bromwich Albion,1.53,3.8,6.0,1.61,3.8,5.75,1.63,4.24,6.25,1.59,4.08,5.94
2020,2021-04-23,Arsenal,Everton,2.0,3.5,3.75,1.95,3.5,3.9,2.13,3.6,3.96,2.06,3.46,3.77
2020,2021-04-24,Liverpool,Newcastle United,1.22,6.5,12.0,1.18,7.5,13.0,1.28,6.75,13.5,1.24,6.38,12.06
2020,2021-04-24,Sheffield United,Brighton,5.25,3.4,1.75,6.0,4.0,1.57,5.6,3.77,1.8,5.33,3.56,1.74
2020,2021-04-24,West Ham United,Chelsea,4.75,3.6,1.75,5.25,3.9,1.65,5.0,3.9,1.86,4.74,3.75,1.77
2020,2021-04-25,Aston Villa,West Bromwich Albion,1.85,3.6,4.2,2.05,3.5,3.6,1.93,3.82,4.4,1.88,3.67,4.19
2020,2021-04-25,Leeds United,Manchester United,4.0,4.2,1.75,4.2,4.0,1.75,4.3,4.25,1.92,4.05,4.05,1.82
2020,2021-04-25,Wolverhampton Wanderers,Burnley,2.0,3.4,3.9,2.3,3.1,3.4,2.15,3.46,4.05,2.07,3.31,3.88
2020,2021-04-26,Leicester City,Crystal Palace,1.4,4.33,8.5,1.4,4.75,8.0,1.5,4.46,8.5,1.47,4.26,7.71
2020,2021-04-30,Southampton,Leicester City,3.8,3.8,1.9,4.0,3.8,1.85,4.0,3.96,2.0,3.82,3.81,1.94
2020,2021-05-01,Brighton,Leeds United,2.05,3.5,3.5,2.05,3.5,3.6,2.24,3.55,3.59,2.16,3.45,3.43
2020,2021-05-01,Chelsea,Fulham,1.44,4.4,7.5,1.44,4.2,8.0,1.53,4.45,8.05,1.48,4.27,7.59
2020,2021-05-01,Crystal Palace,Manchester City,10.0,5.0,1.33,9.5,5.5,1.3,11.0,5.5,1.38,10.1,5.14,1.34
2020,2021-05-01,Everton,Aston Villa,1.95,3.6,3.8,1.9,3.8,3.75,2.09,3.75,4.2,2.02,3.62,3.69
2020,2021-05-02,Newcastle United,Arsenal,3.6,3.6,2.0,3.75,3.6,1.95,3.79,3.74,2.13,3.64,3.57,2.05
2020,2021-05-02,Tottenham Hotspur,Sheffield United,1.25,6.0,12.0,1.3,5.5,9.5,1.33,6.3,13.0,1.29,5.73,11.16
2020,2021-05-03,Burnley,West Ham United,3.1,3.6,2.2,3.0,3.5,2.3,3.3,3.62,2.4,3.17,3.49,2.26
2020,2021-05-03,West Bromwich Albion,Wolverhampton Wanderers,2.9,3.2,2.5,2.5,3.1,3.0,3.0,3.3,2.75,2.91,3.19,2.58
2020,2021-05-07,Leicester City,Newcastle United,1.4,4.75,8.0,1.36,4.75,8.5,1.46,5.0,8.5,1.42,4.8,7.83
2020,2021-05-08,Leeds United,Tottenham Hotspur,3.4,3.8,2.0,3.9,4.0,1.83,3.58,3.93,2.11,3.46,3.8,2.04
2020,2021-05-08,Liverpool,Southampton,1.25,6.0,11.0,1.28,5.75,9.5,1.32,6.34,12.0,1.29,5.97,10.14
2020,2021-05-08,Manchester City,Chelsea,1.9,3.4,4.2,2.0,3.4,3.8,1.99,3.65,4.4,1.94,3.45,4.26
2020,2021-05-08,Sheffield United,Crystal Palace,3.0,3.2,2.45,2.9,3.2,2.5,3.07,3.36,2.6,2.97,3.25,2.52
2020,2021-05-09,Arsenal,West Bromwich Albion,1.44,4.5,7.0,1.44,4.5,6.5,1.54,4.75,7.6,1.47,4.53,7.01
2020,2021-05-09,Aston Villa,Manchester United,4.2,3.8,1.8,4.33,4.0,1.75,4.7,3.9,1.87,4.38,3.81,1.82
2020,2021-05-09,West Ham United,Everton,2.2,3.5,3.2,2.1,3.5,3.4,2.35,3.56,3.36,2.27,3.44,3.22
2020,2021-05-09,Wolverhampton Wanderers,Brighton,3.3,3.3,2.2,4.0,3.3,2.0,3.5,3.46,2.35,3.35,3.3,2.27
2020,2021-05-10,Fulham,Burnley,2.2,3.4,3.3,2.2,3.4,3.4,2.29,3.56,3.47,2.21,3.41,3.35
2020,2021-05-11,Manchester United,Leicester City,2.5,3.4,2.8,3.6,3.5,2.05,2.64,3.48,3.0,2.54,3.37,2.88
2020,2021-05-11,Southampton,Crystal Palace,2.05,3.6,3.5,1.85,3.75,4.0,2.15,3.7,3.75,2.1,3.56,3.56
2020,2021-05-12,Chelsea,Arsenal,1.65,4.0,5.0,1.9,3.4,4.2,1.81,4.0,5.3,1.73,3.8,5.04
2020,2021-05-13,Aston Villa,Everton,2.7,3.4,2.6,3.0,3.3,2.4,2.82,3.63,2.75,2.72,3.44,2.61
2020,2021-05-13,Manchester United,Liverpool,3.0,3.75,2.2,2.75,3.75,2.37,3.3,3.95,2.25,3.15,3.76,2.18
2020,2021-05-14,Newcastle United,Manchester City,11.0,6.0,1.25,9.0,5.75,1.3,12.0,6.25,1.34,10.52,5.8,1.3
2020,2021-05-15,Brighton,West Ham United,2.9,3.6,2.3,3.4,3.6,2.05,3.1,3.7,2.48,2.98,3.49,2.39
2020,2021-05-15,Burnley,Leeds United,3.2,3.75,2.1,3.5,3.9,1.95,3.27,3.75,2.32,3.14,3.64,2.23
2020,2021-05-15,Southampton,Fulham,2.0,3.6,3.6,1.83,3.8,4.0,2.08,3.73,3.94,2.02,3.58,3.73
2020,2021-05-16,Crystal Palace,Aston Villa,3.0,3.6,2.25,3.0,3.5,2.3,3.16,3.62,2.45,3.05,3.5,2.33
2020,2021-05-16,Everton,Sheffield United,1.36,4.75,8.5,1.33,5.25,9.0,1.46,5.0,9.0,1.4,4.73,8.34
2020,2021-05-16,Tottenham Hotspur,Wolverhampton Wanderers,1.5,4.33,6.5,1.53,4.5,5.75,1.58,4.45,6.5,1.54,4.28,6.27
2020,2021-05-16,West Bromwich Albion,Liverpool,12.0,6.5,1.22,12.0,7.5,1.2,15.0,7.3,1.27,12.37,6.75,1.23
2020,2021-05-18,Brighton,Manchester City,7.0,4.5,1.45,7.0,4.5,1.44,7.5,4.7,1.53,6.93,4.49,1.49
2020,2021-05-18,Chelsea,Leicester City,1.7,3.75,5.0,1.66,3.75,5.25,1.78,3.82,5.6,1.72,3.71,5.37
2020,2021-05-18,Manchester United,Fulham,1.28,6.0,9.0,1.28,6.0,9.5,1.35,6.1,10.25,1.32,5.71,9.38
2020,2021-05-18,Southampton,Leeds United,2.55,3.9,2.5,2.6,3.75,2.5,2.72,3.95,2.63,2.6,3.81,2.54
2020,2021-05-19,Burnley,Liverpool,11.0,7.0,1.22,9.0,6.0,1.28,12.0,7.0,1.28,10.82,6.67,1.25
2020,2021-05-19,Crystal Palace,Arsenal,6.0,4.5,1.5,5.75,4.2,1.55,6.5,4.64,1.58,6.14,4.41,1.53
2020,2021-05-19,Everton,Wolverhampton Wanderers,1.85,3.6,4.2,1.72,3.75,4.75,1.96,3.75,4.5,1.89,3.61,4.25
2020,2021-05-19,Newcastle United,Sheffield United,1.72,3.8,4.75,1.8,3.75,4.33,1.79,3.96,5.0,1.75,3.83,4.75
2020,2021-05-19,Tottenham Hotspur,Aston Villa,1.5,4.5,6.0,1.6,4.5,5.0,1.58,4.9,6.2,1.53,4.65,5.85
2020,2021-05-19,West Bromwich Albion,West Ham United,5.0,4.33,1.6,5.0,4.2,1.61,5.5,4.48,1.67,5.26,4.25,1.62
2020,2021-05-23,Arsenal,Brighton,1.57,4.33,5.25,1.65,4.2,4.75,1.67,4.5,5.5,1.62,4.29,5.23
2020,2021-05-23,Aston Villa,Chelsea,6.5,4.6,1.45,6.5,4.75,1.45,7.0,4.78,1.52,6.62,4.56,1.49
2020,2021-05-23,Fulham,Newcastle United,2.05,3.8,3.3,2.4,3.4,2.9,2.21,3.97,3.45,2.09,3.81,3.32
2020,2021-05-23,Leeds United,West Bromwich Albion,1.4,5.25,6.5,1.53,4.75,5.25,1.49,5.5,7.0,1.44,5.18,6.51
2020,2021-05-23,Leicester City,Tottenham Hotspur,2.0,4.0,3.3,1.83,4.2,3.75,2.11,4.2,3.5,2.04,4.02,3.33
2020,2021-05-23,Liverpool,Crystal Palace,1.14,8.5,15.0,1.14,8.5,15.0,1.19,9.0,20.0,1.16,8.28,17.35
2020,2021-05-23,Manchester City,Everton,1.44,5.0,6.5,1.3,6.0,9.0,1.48,5.25,7.4,1.44,4.94,6.83
2020,2021-05-23,Sheffield United,Burnley,2.8,3.6,2.4,2.8,3.4,2.5,2.9,3.76,2.48,2.84,3.63,2.41
2020,2021-05-23,West Ham United,Southampton,1.65,4.0,5.0,1.75,3.9,4.5,1.76,4.18,5.04,1.72,4.0,4.76
2020,2021-05-23,Wolverhampton Wanderers,Manchester United,2.5,3.5,2.7,2.25,3.4,3.2,2.63,3.78,2.81,2.53,3.63,2.69
2021,2021-08-13,Brentford,Arsenal,4.0,3.4,1.95,3.8,3.25,2.05,4.62,3.72,2.1,4.02,3.43,2.02
2021,2021-08-14,Burnley,Brighton,3.1,3.1,2.45,3.1,3.1,2.45,3.33,3.2,2.6,3.19,3.09,2.49
2021,2021-08-14,Chelsea,Crystal Palace,1.25,5.75,13.0,1.3,5.25,11.0,1.3,6.3,15.0,1.26,5.92,12.8
2021,2021-08-14,Everton,Southampton,1.9,3.5,4.0,2.0,3.4,3.9,2.04,3.66,4.25,1.97,3.53,4.04
2021,2021-08-14,Leicester City,Wolverhampton Wanderers,1.66,3.8,5.25,1.7,3.75,5.0,1.75,3.96,5.6,1.71,3.75,5.32
2021,2021-08-14,Manchester United,Leeds United,1.53,4.5,5.75,1.61,4.2,5.25,1.59,4.65,6.35,1.55,4.48,5.87
2021,2021-08-14,Norwich City,Liverpool,9.0,5.75,1.3,6.5,4.75,1.44,9.9,6.0,1.37,8.78,5.71,1.33
2021,2021-08-14,Watford,Aston Villa,3.1,3.2,2.37,3.4,3.3,2.2,3.3,3.4,2.5,3.14,3.26,2.41
2021,2021-08-15,Newcastle United,West Ham United,3.2,3.5,2.2,3.3,3.4,2.2,3.36,3.61,2.36,3.2,3.51,2.26
2021,2021-08-15,Tottenham Hotspur,Manchester City,5.5,4.2,1.6,6.0,4.1,1.55,5.85,4.3,1.68,5.49,4.1,1.64
2021,2021-08-21,Aston Villa,Newcastle United,1.8,3.75,4.33,1.8,3.8,4.33,1.87,4.2,4.5,1.82,3.92,4.25
2021,2021-08-21,Brighton,Watford,1.7,3.5,5.75,1.7,3.6,5.25,1.8,3.6,5.9,1.74,3.52,5.53
2021,2021-08-21,Crystal Palace,Brentford,2.55,3.2,2.87,2.6,3.2,2.8,2.7,3.3,3.02,2.61,3.18,2.9
2021,2021-08-21,Leeds United,Everton,2.37,3.4,3.0,2.05,3.5,3.6,2.45,3.6,3.19,2.37,3.47,3.03
2021,2021-08-21,Liverpool,Burnley,1.18,7.5,13.0,1.25,6.0,11.0,1.24,7.5,17.0,1.21,6.97,14.41
2021,2021-08-21,Manchester City,Norwich City,1.08,11.0,26.0,1.1,9.5,23.0,1.13,12.5,33.0,1.11,10.58,25.64
2021,2021-08-22,Arsenal,Chelsea,4.75,3.75,1.72,4.5,3.5,1.85,5.0,3.9,1.83,4.76,3.74,1.78
2021,2021-08-22,Southampton,Manchester United,5.5,4.2,1.57,5.25,4.33,1.6,5.75,4.42,1.66,5.36,4.26,1.61
2021,2021-08-22,Wolverhampton Wanderers,Tottenham Hotspur,3.2,3.2,2.35,2.8,3.1,2.62,3.42,3.29,2.55,3.2,3.15,2.43
2021,2021-08-23,West Ham United,Leicester City,2.5,3.5,2.75,2.4,3.4,2.9,2.66,3.55,2.87,2.58,3.44,2.75
2021,2021-08-28,Aston Villa,Brentford,1.95,3.6,3.8,2.0,3.25,4.0,2.06,3.74,4.0,2.0,3.57,3.84
2021,2021-08-28,Brighton,Everton,2.3,3.2,3.3,2.25,3.25,3.3,2.42,3.39,3.42,2.35,3.25,3.27
2021,2021-08-28,Liverpool,Chelsea,2.45,3.3,2.9,2.45,3.3,2.9,2.6,3.51,3.08,2.5,3.33,2.95
2021,2021-08-28,Manchester City,Arsenal,1.25,6.0,12.0,1.33,5.25,9.0,1.3,6.6,13.7,1.26,6.16,11.99
2021,2021-08-28,Newcastle United,Southampton,2.5,3.4,2.8,2.4,3.5,2.9,2.6,3.77,2.94,2.52,3.47,2.82
2021,2021-08-28,Norwich City,Leicester City,4.5,3.5,1.85,4.2,3.6,1.85,4.7,3.7,1.97,4.34,3.55,1.9
2021,2021-08-28,West Ham United,Crystal Palace,1.55,4.0,6.5,1.53,4.0,6.5,1.63,4.15,6.7,1.58,4.02,6.29
2021,2021-08-29,Burnley,Leeds United,3.1,3.5,2.25,3.2,3.5,2.2,3.17,3.71,2.42,3.07,3.51,2.33
2021,2021-08-29,Tottenham Hotspur,Watford,1.36,4.75,9.0,1.4,4.5,8.5,1.48,4.75,9.1,1.44,4.48,8.42
2021,2021-08-29,Wolverhampton Wanderers,Manchester United,5.0,3.5,1.75,4.75,3.75,1.75,5.2,3.65,1.91,4.91,3.48,1.82
2021,2021-09-11,Arsenal,Norwich City,1.5,4.6,6.0,1.36,5.0,8.0,1.55,4.6,6.95,1.52,4.48,6.4
2021,2021-09-11,Brentford,Brighton,2.8,3.2,2.62,3.1,3.0,2.55,2.99,3.26,2.78,2.86,3.14,2.69
2021,2021-09-11,Chelsea,Aston Villa,1.28,5.5,11.0,1.33,5.0,9.0,1.33,5.75,12.94,1.3,5.46,11.28
2021,2021-09-11,Crystal Palace,Tottenham Hotspur,4.2,3.5,1.9,3.8,3.4,2.05,4.63,3.56,2.0,4.25,3.44,1.95
2021,2021-09-11,Leicester City,Manchester City,6.0,4.0,1.57,5.25,4.0,1.61,6.15,4.5,1.63,5.7,4.22,1.6
2021,2021-09-11,Manchester United,Newcastle United,1.18,7.5,15.0,1.18,7.0,15.0,1.24,7.8,17.0,1.2,7.27,14.77
2021,2021-09-11,Southampton,West Ham United,2.9,3.5,2.4,3.0,3.5,2.3,2.98,3.56,2.57,2.89,3.46,2.47
2021,2021-09-11,Watford,Wolverhampton Wanderers,3.4,3.2,2.25,3.6,3.1,2.15,3.48,3.28,2.38,3.36,3.19,2.33
2021,2021-09-12,Leeds United,Liverpool,4.33,4.0,1.75,4.5,4.33,1.66,4.7,4.2,1.83,4.34,4.05,1.78
2021,2021-09-13,Everton,Burnley,1.7,3.75,5.0,1.75,3.5,5.25,1.8,3.83,5.4,1.75,3.71,5.01
2021,2021-09-17,Newcastle United,Leeds United,3.0,3.6,2.3,3.1,3.6,2.2,3.15,3.75,2.42,3.01,3.62,2.33
2021,2021-09-18,Aston Villa,Everton,2.4,3.3,3.0,2.1,3.4,3.5,2.5,3.51,3.19,2.4,3.36,3.06
2021,2021-09-18,Burnley,Arsenal,3.8,3.6,1.95,3.75,3.6,1.95,4.0,3.66,2.1,3.82,3.5,2.03
2021,2021-09-18,Liverpool,Crystal Palace,1.2,7.0,13.0,1.28,5.75,10.0,1.25,7.3,17.0,1.22,6.84,14.04
2021,2021-09-18,Manchester City,Southampton,1.12,9.5,17.0,1.14,8.0,17.0,1.19,9.5,21.0,1.15,8.46,18.55
2021,2021-09-18,Norwich City,Watford,2.15,3.3,3.5,2.25,3.3,3.3,2.28,3.52,3.6,2.18,3.39,3.47
2021,2021-09-18,Wolverhampton Wanderers,Brentford,1.83,3.25,5.0,1.8,3.25,5.0,1.95,3.35,5.0,1.9,3.27,4.83
2021,2021-09-19,Brighton,Leicester City,2.7,3.2,2.75,2.45,3.2,3.0,2.88,3.42,2.85,2.75,3.23,2.73
2021,2021-09-19,Tottenham Hotspur,Chelsea,5.0,3.8,1.7,4.33,3.4,1.85,5.1,4.05,1.81,4.89,3.83,1.74
2021,2021-09-19,West Ham United,Manchester United,4.33,4.0,1.75,4.2,3.8,1.8,4.84,4.05,1.83,4.51,3.9,1.78
2021,2021-09-25,Brentford,Liverpool,7.0,4.5,1.45,7.5,5.25,1.36,7.5,4.65,1.53,6.96,4.48,1.49
2021,2021-09-25,Chelsea,Manchester City,2.62,3.2,2.75,2.9,3.2,2.5,2.78,3.36,2.9,2.66,3.26,2.79
2021,2021-09-25,Everton,Norwich City,1.61,3.8,5.75,1.7,3.75,5.25,1.68,4.0,6.5,1.63,3.86,5.96
2021,2021-09-25,Leeds United,West Ham United,3.0,3.6,2.25,2.9,3.6,2.3,3.18,3.75,2.4,3.04,3.67,2.29
2021,2021-09-25,Leicester City,Burnley,1.57,4.0,6.0,1.65,3.8,5.25,1.64,4.25,6.5,1.59,4.05,6.12
2021,2021-09-25,Manchester United,Aston Villa,1.36,5.25,8.0,1.36,5.0,8.0,1.43,5.5,8.5,1.4,5.08,7.84
2021,2021-09-25,Watford,Newcastle United,2.2,3.4,3.3,2.05,3.5,3.5,2.35,3.5,3.47,2.27,3.37,3.32
2021,2021-09-26,Arsenal,Tottenham Hotspur,2.15,3.3,3.5,2.15,3.4,3.4,2.38,3.5,3.55,2.28,3.31,3.35
2021,2021-09-26,Southampton,Wolverhampton Wanderers,2.62,3.2,2.8,2.1,3.3,3.6,2.78,3.38,2.92,2.65,3.24,2.83
2021,2021-09-27,Crystal Palace,Brighton,3.1,3.2,2.45,2.8,3.1,2.7,3.16,3.25,2.67,3.04,3.15,2.54
2021,2021-10-02,Brighton,Arsenal,3.0,3.25,2.4,3.2,3.25,2.3,3.2,3.34,2.6,3.05,3.22,2.5
2021,2021-10-02,Burnley,Norwich City,1.85,3.6,4.33,1.9,3.6,4.0,1.94,3.71,4.54,1.88,3.61,4.33
2021,2021-10-02,Chelsea,Southampton,1.36,4.75,9.0,1.4,4.75,8.0,1.42,5.13,10.0,1.38,4.9,8.92
2021,2021-10-02,Leeds United,Watford,1.7,4.0,4.75,1.72,3.8,4.75,1.83,4.13,4.9,1.76,3.9,4.63
2021,2021-10-02,Manchester United,Everton,1.45,4.33,7.5,1.55,4.0,6.5,1.54,4.55,7.59,1.5,4.38,7.08
2021,2021-10-02,Wolverhampton Wanderers,Newcastle United,1.61,4.2,5.25,1.7,3.75,5.0,1.75,4.2,5.5,1.69,4.0,5.02
2021,2021-10-03,Crystal Palace,Leicester City,3.1,3.4,2.3,2.8,3.25,2.62,3.2,3.52,2.44,3.11,3.41,2.36
2021,2021-10-03,Liverpool,Manchester City,2.87,3.5,2.4,2.9,3.6,2.3,3.0,3.75,2.52,2.9,3.53,2.43
2021,2021-10-03,Tottenham Hotspur,Aston Villa,2.1,3.6,3.4,2.05,3.4,3.7,2.2,3.65,3.66,2.12,3.53,3.5
2021,2021-10-03,West Ham United,Brentford,1.75,3.75,4.75,1.72,3.75,4.75,1.86,3.85,4.9,1.82,3.62,4.67
2021,2021-10-16,Aston Villa,Wolverhampton Wanderers,2.15,3.25,3.5,2.0,3.25,4.0,2.36,3.4,3.56,2.25,3.28,3.42
2021,2021-10-16,Brentford,Chelsea,6.5,3.8,1.57,5.75,3.9,1.6,6.75,4.0,1.66,6.37,3.84,1.6
2021,2021-10-16,Leicester City,Manchester United,3.5,3.6,2.05,3.6,3.75,1.95,3.72,3.7,2.18,3.49,3.59,2.1
2021,2021-10-16,Manchester City,Burnley,1.12,9.0,19.0,1.12,9.0,19.0,1.14,10.5,29.0,1.12,9.47,22.12
2021,2021-10-16,Norwich City,Brighton,3.6,3.4,2.1,3.9,3.5,1.95,3.86,3.41,2.21,3.67,3.34,2.13
2021,2021-10-16,Southampton,Leeds United,2.3,3.5,3.0,2.1,3.6,3.3,2.48,3.77,3.07,2.4,3.52,2.93
2021,2021-10-16,Watford,Liverpool,8.5,5.5,1.33,9.0,5.75,1.3,9.5,5.75,1.39,8.67,5.33,1.36
2021,2021-10-17,Everton,West Ham United,2.5,3.4,2.8,2.8,3.2,2.6,2.64,3.58,3.02,2.52,3.35,2.89
2021,2021-10-17,Newcastle United,Tottenham Hotspur,3.5,3.6,2.05,3.5,3.6,2.05,3.84,3.75,2.15,3.51,3.58,2.09
2021,2021-10-18,Arsenal,Crystal Palace,1.6,3.8,6.0,1.57,4.0,6.0,1.7,4.1,6.13,1.65,3.87,5.65
2021,2021-10-22,Arsenal,Aston Villa,1.83,3.75,4.2,1.85,3.75,4.0,2.09,3.9,4.3,1.91,3.73,4.05
2021,2021-10-23,Brighton,Manchester City,8.0,4.75,1.4,8.5,4.75,1.36,8.5,5.0,1.46,7.71,4.77,1.42
2021,2021-10-23,Chelsea,Norwich City,1.18,7.0,15.0,1.22,6.0,15.0,1.22,7.75,20.0,1.19,7.07,17.21
2021,2021-10-23,Crystal Palace,Newcastle United,1.9,3.6,4.0,1.85,3.6,4.2,2.05,3.78,4.05,1.97,3.61,3.88
2021,2021-10-23,Everton,Watford,1.65,3.8,5.5,1.75,3.6,4.75,1.72,4.08,5.79,1.67,3.86,5.49
2021,2021-10-23,Leeds United,Wolverhampton Wanderers,2.4,3.4,2.87,2.37,3.4,3.0,2.68,3.52,2.98,2.57,3.37,2.79
2021,2021-10-23,Southampton,Burnley,1.95,3.5,3.9,1.9,3.6,4.0,2.08,3.68,4.1,2.0,3.54,3.87
2021,2021-10-24,Brentford,Leicester City,2.62,3.3,2.7,2.75,3.4,2.6,2.75,3.6,2.83,2.63,3.39,2.72
2021,2021-10-24,Manchester United,Liverpool,3.1,3.6,2.2,2.9,3.6,2.3,3.25,3.81,2.38,3.06,3.66,2.27
2021,2021-10-24,West Ham United,Tottenham Hotspur,2.3,3.5,3.0,2.2,3.5,3.2,2.48,3.62,3.23,2.35,3.49,3.01
2021,2021-10-30,Burnley,Brentford,2.6,3.3,2.75,2.6,3.1,2.87,2.73,3.42,2.86,2.66,3.24,2.78
2021,2021-10-30,Leicester City,Arsenal,2.4,3.5,2.87,2.45,3.5,2.8,2.56,3.6,3.0,2.47,3.47,2.87
2021,2021-10-30,Liverpool,Brighton,1.22,6.5,13.0,1.25,6.0,11.0,1.27,6.92,13.5,1.24,6.49,12.11
2021,2021-10-30,Manchester City,Crystal Palace,1.14,8.0,19.0,1.12,9.0,19.0,1.19,8.94,22.14,1.16,8.13,18.61
2021,2021-10-30,Newcastle United,Chelsea,8.5,5.0,1.36,7.5,4.5,1.44,9.5,5.15,1.42,8.63,4.91,1.38
2021,2021-10-30,Tottenham Hotspur,Manchester United,2.87,3.6,2.37,3.0,3.6,2.25,3.05,3.74,2.47,2.93,3.57,2.37
2021,2021-10-30,Watford,Southampton,3.2,3.3,2.3,3.3,3.5,2.15,3.25,3.5,2.45,3.12,3.37,2.35
2021,2021-10-31,Aston Villa,West Ham United,2.8,3.5,2.45,2.9,3.5,2.37,2.95,3.68,2.57,2.83,3.5,2.48
2021,2021-10-31,Norwich City,Leeds United,3.4,3.5,2.1,3.6,3.75,1.95,3.6,3.75,2.17,3.44,3.6,2.11
2021,2021-11-01,Wolverhampton Wanderers,Everton,2.2,3.2,3.5,2.15,3.2,3.6,2.32,3.4,3.6,2.24,3.28,3.39
2021,2021-11-05,Southampton,Aston Villa,1.95,3.6,3.75,2.0,3.6,3.6,2.08,3.82,3.8,2.02,3.66,3.68
2021,2021-11-06,Brentford,Norwich City,1.6,4.0,5.75,1.6,4.0,5.5,1.68,4.05,6.06,1.63,3.92,5.8
2021,2021-11-06,Brighton,Newcastle United,1.57,3.9,6.0,1.53,4.2,6.0,1.68,4.18,6.04,1.62,3.99,5.76
2021,2021-11-06,Chelsea,Burnley,1.25,6.0,12.0,1.28,5.25,12.0,1.29,6.23,14.0,1.26,5.94,12.51
2021,2021-11-06,Crystal Palace,Wolverhampton Wanderers,2.45,3.2,3.0,2.3,3.1,3.4,2.62,3.33,3.21,2.5,3.15,3.08
2021,2021-11-06,Manchester United,Manchester City,4.75,4.0,1.7,4.75,4.2,1.66,4.95,4.3,1.76,4.69,4.09,1.72
2021,2021-11-07,Arsenal,Watford,1.36,4.75,8.5,1.44,4.75,6.5,1.43,5.25,9.0,1.39,4.9,8.25
2021,2021-11-07,Everton,Tottenham Hotspur,3.1,3.25,2.37,3.4,3.3,2.2,3.2,3.54,2.52,3.06,3.28,2.42
2021,2021-11-07,Leeds United,Leicester City,2.8,3.5,2.45,2.6,3.5,2.62,2.9,3.78,2.6,2.76,3.56,2.5
2021,2021-11-07,West Ham United,Liverpool,4.75,4.0,1.7,4.2,4.1,1.75,5.0,4.25,1.77,4.59,4.11,1.72
2021,2021-11-20,Aston Villa,Brighton,2.45,3.3,2.9,2.45,3.3,2.9,2.52,3.47,3.15,2.43,3.31,3.04
2021,2021-11-20,Burnley,Crystal Palace,2.7,3.2,2.7,2.8,3.2,2.62,2.9,3.33,2.83,2.77,3.23,2.7
2021,2021-11-20,Leicester City,Chelsea,4.75,3.75,1.75,5.0,3.75,1.7,5.0,3.86,1.84,4.74,3.72,1.78
2021,2021-11-20,Liverpool,Arsenal,1.45,4.75,6.5,1.5,4.75,5.75,1.53,5.0,7.16,1.48,4.77,6.38
2021,2021-11-20,Newcastle United,Brentford,2.62,3.4,2.7,2.4,3.4,2.9,2.75,3.58,2.82,2.64,3.37,2.72
2021,2021-11-20,Norwich City,Southampton,3.6,3.5,2.05,3.5,3.5,2.05,3.75,3.6,2.2,3.63,3.46,2.1
2021,2021-11-20,Watford,Manchester United,6.5,4.75,1.45,6.5,4.5,1.45,6.7,4.9,1.55,6.22,4.65,1.5
2021,2021-11-20,Wolverhampton Wanderers,West Ham United,3.0,3.25,2.4,3.1,3.25,2.37,3.18,3.38,2.56,3.02,3.27,2.47
2021,2021-11-21,Manchester City,Everton,1.14,8.0,19.0,1.2,6.5,15.0,1.22,8.3,19.0,1.18,7.56,15.95
2021,2021-11-21,Tottenham Hotspur,Leeds United,1.7,4.2,4.5,1.57,4.0,6.0,1.8,4.3,4.75,1.73,4.07,4.56
2021,2021-11-27,Arsenal,Newcastle United,1.44,4.75,7.0,1.5,4.5,6.0,1.52,5.0,7.0,1.47,4.77,6.61
2021,2021-11-27,Brighton,Leeds United,2.05,3.4,3.75,2.15,3.3,3.4,2.18,3.5,3.92,2.11,3.41,3.67
2021,2021-11-27,Crystal Palace,Aston Villa,2.2,3.4,3.3,2.25,3.3,3.3,2.32,3.56,3.52,2.24,3.37,3.36
2021,2021-11-27,Liverpool,Southampton,1.28,6.0,9.0,1.25,6.0,11.0,1.33,6.37,11.0,1.29,5.99,9.78
2021,2021-11-27,Norwich City,Wolverhampton Wanderers,3.5,3.3,2.15,3.5,3.3,2.15,3.65,3.5,2.26,3.54,3.35,2.17
2021,2021-11-28,Brentford,Everton,2.25,3.2,3.4,2.15,3.25,3.5,2.34,3.4,3.6,2.25,3.27,3.4
2021,2021-11-28,Chelsea,Manchester United,1.57,4.0,6.0,1.53,4.0,6.5,1.65,4.31,6.2,1.61,4.12,5.67
2021,2021-11-28,Leicester City,Watford,1.61,4.0,5.5,1.65,3.8,5.25,1.68,4.38,5.73,1.63,4.15,5.26
2021,2021-11-28,Manchester City,West Ham United,1.28,5.75,10.0,1.25,6.0,11.0,1.34,6.25,11.0,1.3,5.82,10.01
2021,2021-11-30,Leeds United,Crystal Palace,2.4,3.3,3.0,2.2,3.4,3.25,2.52,3.43,3.17,2.42,3.33,3.06
2021,2021-11-30,Newcastle United,Norwich City,1.95,3.5,3.9,2.0,3.5,3.75,2.06,3.75,3.98,1.99,3.63,3.82
2021,2021-12-01,Aston Villa,Manchester City,9.0,5.25,1.33,7.0,4.33,1.45,10.0,5.5,1.41,8.6,5.2,1.36
2021,2021-12-01,Everton,Liverpool,7.5,5.25,1.36,8.0,5.0,1.36,8.5,5.31,1.44,7.52,5.05,1.41
2021,2021-12-01,Southampton,Leicester City,2.37,3.5,2.87,2.25,3.5,3.1,2.56,3.56,3.0,2.43,3.47,2.91
2021,2021-12-01,Watford,Chelsea,10.0,5.25,1.3,9.0,5.25,1.33,11.5,5.75,1.35,10.3,5.43,1.31
2021,2021-12-01,West Ham United,Brighton,1.95,3.6,3.8,1.95,3.4,4.0,2.08,3.67,4.0,2.01,3.53,3.79
2021,2021-12-01,Wolverhampton Wanderers,Burnley,1.85,3.5,4.33,1.9,3.4,4.2,2.02,3.53,4.44,1.95,3.41,4.23
2021,2021-12-02,Manchester United,Arsenal,1.95,3.75,3.75,2.1,3.5,3.4,2.1,3.85,3.76,2.02,3.66,3.66
2021,2021-12-02,Tottenham Hotspur,Brentford,1.6,4.2,5.25,1.61,3.9,5.5,1.7,4.3,5.6,1.64,4.07,5.25
2021,2021-12-04,Newcastle United,Burnley,2.3,3.3,3.2,2.3,3.4,3.0,2.44,3.59,3.26,2.33,3.35,3.19
2021,2021-12-04,Southampton,Brighton,2.45,3.2,3.0,2.6,3.1,2.87,2.54,3.4,3.26,2.45,3.21,3.1
2021,2021-12-04,Watford,Manchester City,12.0,7.0,1.2,12.0,7.0,1.2,17.0,7.7,1.23,14.65,7.19,1.2
2021,2021-12-04,West Ham United,Chelsea,4.75,3.6,1.75,4.75,3.75,1.75,5.0,3.75,1.9,4.7,3.6,1.82
2021,2021-12-04,Wolverhampton Wanderers,Liverpool,8.0,4.75,1.4,8.5,5.0,1.36,8.33,5.19,1.47,7.73,4.75,1.43
2021,2021-12-05,Aston Villa,Leicester City,2.37,3.4,3.0,2.2,3.4,3.3,2.51,3.66,3.19,2.36,3.45,3.03
2021,2021-12-05,Leeds United,Brentford,1.95,3.6,3.8,1.83,3.5,4.5,2.0,3.8,4.2,1.94,3.62,3.99
2021,2021-12-05,Manchester United,Crystal Palace,1.5,4.33,6.5,1.5,4.33,6.5,1.61,4.45,6.6,1.57,4.19,6.09
2021,2021-12-05,Tottenham Hotspur,Norwich City,1.36,5.0,8.5,1.44,4.5,7.0,1.45,5.0,8.5,1.41,4.75,8.11
2021,2021-12-06,Everton,Arsenal,3.4,3.5,2.1,3.6,3.5,2.05,3.62,3.7,2.26,3.38,3.52,2.16
2021,2021-12-10,Brentford,Watford,2.25,3.3,3.3,2.45,3.3,2.87,2.36,3.45,3.45,2.29,3.32,3.34
2021,2021-12-11,Arsenal,Southampton,1.61,4.0,5.5,1.75,3.75,4.5,1.71,4.25,5.61,1.67,3.99,5.32
2021,2021-12-11,Chelsea,Leeds United,1.25,5.75,12.0,1.2,6.5,13.0,1.32,6.25,13.75,1.28,5.95,11.46
2021,2021-12-11,Liverpool,Aston Villa,1.2,7.0,13.0,1.22,6.5,12.0,1.27,7.25,13.04,1.23,6.85,11.92
2021,2021-12-11,Manchester City,Wolverhampton Wanderers,1.14,8.0,19.0,1.14,8.0,19.0,1.19,8.8,25.0,1.16,8.11,20.35
2021,2021-12-11,Norwich City,Manchester United,7.0,4.5,1.45,7.0,4.5,1.44,7.52,4.94,1.47,7.25,4.73,1.45
2021,2021-12-12,Burnley,West Ham United,3.6,3.6,2.0,3.4,3.5,2.1,3.75,3.77,2.12,3.61,3.64,2.05
2021,2021-12-12,Crystal Palace,Everton,2.3,3.2,3.3,2.1,3.2,3.75,2.36,3.42,3.67,2.29,3.21,3.42
2021,2021-12-12,Leicester City,Newcastle United,1.66,4.1,4.75,1.7,4.0,4.75,1.78,4.28,4.82,1.75,4.01,4.56
2021,2021-12-14,Manchester City,Leeds United,1.14,8.5,15.0,1.14,8.5,15.0,1.18,9.5,21.0,1.15,8.7,18.17
2021,2021-12-14,Norwich City,Aston Villa,3.3,3.3,2.25,3.5,3.4,2.1,3.58,3.35,2.36,3.37,3.26,2.29
2021,2021-12-15,Arsenal,West Ham United,2.1,3.6,3.3,2.0,3.6,3.6,2.28,3.78,3.44,2.2,3.58,3.26
2021,2021-12-15,Brighton,Wolverhampton Wanderers,2.25,3.1,3.5,2.0,3.1,4.5,2.42,3.25,3.7,2.32,3.05,3.51
2021,2021-12-15,Crystal Palace,Southampton,2.15,3.3,3.5,1.95,3.4,4.0,2.22,3.56,3.76,2.14,3.38,3.59
2021,2021-12-16,Chelsea,Everton,1.22,6.5,13.0,1.18,6.5,19.0,1.27,6.75,15.0,1.24,6.17,13.27
2021,2021-12-16,Liverpool,Newcastle United,1.12,9.0,19.0,1.11,9.5,21.0,1.15,10.25,24.98,1.12,9.52,21.43
2021,2021-12-18,Leeds United,Arsenal,3.9,3.8,1.83,5.25,4.33,1.57,4.0,3.95,1.98,3.89,3.78,1.91
2021,2021-12-19,Newcastle United,Manchester City,13.0,7.5,1.18,21.0,9.0,1.11,20.0,8.3,1.21,16.25,7.72,1.18
2021,2021-12-19,Tottenham Hotspur,Liverpool,5.25,4.75,1.53,4.75,4.1,1.66,5.65,4.9,1.62,5.18,4.5,1.59
2021,2021-12-19,Wolverhampton Wanderers,Chelsea,7.0,4.2,1.5,5.5,3.4,1.72,7.0,4.2,1.62,6.42,3.93,1.58
2021,2021-12-26,Aston Villa,Chelsea,5.25,3.8,1.65,5.25,3.8,1.65,5.8,3.95,1.75,5.35,3.77,1.7
2021,2021-12-26,Brighton,Brentford,1.9,3.4,4.2,1.9,3.4,4.33,2.02,3.6,4.36,1.95,3.45,4.15
2021,2021-12-26,Manchester City,Leicester City,1.18,7.5,13.0,1.12,10.0,17.0,1.22,8.4,18.0,1.18,7.85,14.75
2021,2021-12-26,Norwich City,Arsenal,8.0,4.75,1.4,6.5,4.5,1.5,8.3,5.0,1.46,7.73,4.77,1.42
2021,2021-12-26,Tottenham Hotspur,Crystal Palace,1.72,3.8,4.75,1.7,3.8,5.0,1.76,4.02,5.4,1.72,3.87,4.97
2021,2021-12-26,West Ham United,Southampton,1.8,3.9,4.2,1.9,3.75,3.8,1.92,4.04,4.4,1.85,3.8,4.18
2021,2021-12-27,Newcastle United,Manchester United,6.5,4.75,1.44,6.5,4.75,1.45,7.2,4.84,1.52,6.66,4.58,1.48
2021,2021-12-28,Crystal Palace,Norwich City,1.65,3.75,5.5,1.72,3.5,5.25,1.74,3.92,6.09,1.68,3.74,5.68
2021,2021-12-28,Leicester City,Liverpool,8.0,5.5,1.33,9.0,6.0,1.28,8.6,6.4,1.4,7.72,5.72,1.36
2021,2021-12-28,Southampton,Tottenham Hotspur,3.75,3.5,2.0,3.75,3.5,2.0,3.96,3.67,2.11,3.74,3.51,2.05
2021,2021-12-28,Watford,West Ham United,3.4,3.6,2.1,3.6,3.75,1.95,3.45,3.75,2.26,3.28,3.58,2.2
2021,2021-12-29,Brentford,Manchester City,19.0,8.0,1.14,17.0,9.0,1.12,21.0,8.7,1.19,17.6,7.93,1.17
2021,2021-12-29,Chelsea,Brighton,1.4,4.5,7.5,1.33,5.0,9.5,1.47,4.81,9.17,1.43,4.5,8.18
2021,2021-12-30,Manchester United,Burnley,1.36,5.0,9.0,1.36,5.0,8.0,1.42,5.25,9.5,1.38,4.99,8.54
2021,2022-01-01,Arsenal,Manchester City,5.75,4.75,1.5,5.25,4.2,1.6,6.27,4.9,1.59,5.91,4.62,1.53
2021,2022-01-01,Crystal Palace,West Ham United,3.1,3.4,2.3,3.4,3.4,2.15,3.29,3.66,2.42,3.09,3.46,2.33
2021,2022-01-01,Watford,Tottenham Hotspur,5.0,4.2,1.61,5.5,4.0,1.6,5.6,4.35,1.66,5.32,4.17,1.62
2021,2022-01-02,Brentford,Aston Villa,3.0,3.3,2.4,2.8,3.25,2.55,3.12,3.48,2.58,3.0,3.31,2.45
2021,2022-01-02,Chelsea,Liverpool,3.1,3.5,2.25,2.5,3.5,2.7,3.28,3.68,2.38,3.06,3.54,2.31
2021,2022-01-02,Everton,Brighton,2.75,3.2,2.62,3.0,3.1,2.5,2.91,3.33,2.9,2.78,3.16,2.72
2021,2022-01-02,Leeds United,Burnley,2.05,3.5,3.5,2.0,3.5,3.6,2.15,3.78,3.95,2.03,3.57,3.65
2021,2022-01-03,Manchester United,Wolverhampton Wanderers,1.53,4.33,6.0,1.65,3.75,5.75,1.61,4.5,6.5,1.56,4.17,6.08
2021,2022-01-11,Southampton,Brentford,2.05,3.4,3.6,2.1,3.25,3.6,2.18,3.45,3.97,2.11,3.37,3.73
2021,2022-01-12,West Ham United,Norwich City,1.28,5.5,10.0,1.36,5.0,8.0,1.34,6.0,11.33,1.31,5.52,10.28
2021,2022-01-14,Brighton,Crystal Palace,2.05,3.3,3.8,2.05,3.3,3.8,2.2,3.4,4.12,2.1,3.28,3.91
2021,2022-01-15,Aston Villa,Manchester United,2.87,3.5,2.4,2.5,3.5,2.75,3.0,3.64,2.54,2.92,3.49,2.42
2021,2022-01-15,Manchester City,Chelsea,1.65,4.0,5.0,1.6,4.2,5.25,1.77,4.1,5.4,1.72,3.87,5.0
2021,2022-01-15,Newcastle United,Watford,2.0,3.6,3.6,1.8,3.8,4.33,2.12,3.75,3.72,2.06,3.62,3.55
2021,2022-01-15,Norwich City,Everton,3.75,3.5,2.0,3.5,3.3,2.15,4.0,3.6,2.12,3.74,3.48,2.05
2021,2022-01-15,Wolverhampton Wanderers,Southampton,2.25,3.2,3.4,2.37,3.0,3.3,2.4,3.3,3.72,2.32,3.16,3.4
2021,2022-01-16,Liverpool,Brentford,1.3,5.5,10.0,1.22,6.5,12.0,1.33,6.05,13.0,1.3,5.68,10.64
2021,2022-01-16,West Ham United,Leeds United,1.61,4.2,5.0,1.61,4.2,5.0,1.7,4.44,5.5,1.65,4.21,4.98
2021,2022-01-18,Brighton,Chelsea,4.75,3.75,1.72,5.25,3.6,1.66,5.25,3.88,1.82,4.81,3.72,1.77
2021,2022-01-19,Brentford,Manchester United,4.5,3.7,1.8,4.6,3.8,1.75,4.8,3.89,1.88,4.51,3.64,1.83
2021,2022-01-19,Leicester City,Tottenham Hotspur,3.0,3.5,2.3,3.1,3.5,2.25,3.22,3.6,2.47,3.04,3.42,2.36
2021,2022-01-21,Watford,Norwich City,2.0,3.5,3.75,2.0,3.5,3.75,2.12,3.62,3.78,2.07,3.52,3.63
2021,2022-01-22,Brentford,Wolverhampton Wanderers,3.2,2.8,2.6,2.37,3.1,3.25,3.21,3.22,2.63,3.09,3.05,2.54
2021,2022-01-22,Everton,Aston Villa,2.75,3.25,2.62,2.7,3.4,2.62,2.86,3.4,2.76,2.75,3.29,2.66
2021,2022-01-22,Leeds United,Newcastle United,2.0,3.5,3.75,1.9,3.9,3.75,2.06,3.85,3.8,2.01,3.72,3.63
2021,2022-01-22,Manchester United,West Ham United,1.85,3.8,4.0,2.05,3.6,3.5,1.97,3.96,4.1,1.91,3.8,3.88
2021,2022-01-22,Southampton,Manchester City,10.0,6.5,1.25,11.0,6.0,1.25,11.5,6.5,1.31,10.18,6.08,1.28
2021,2022-01-23,Arsenal,Burnley,1.36,4.75,9.0,1.28,5.25,11.0,1.42,5.3,11.25,1.36,4.97,9.11
2021,2022-01-23,Chelsea,Tottenham Hotspur,1.61,4.2,5.0,1.7,3.75,5.0,1.75,4.3,5.26,1.69,3.99,4.96
2021,2022-01-23,Crystal Palace,Liverpool,6.0,4.2,1.53,5.75,4.2,1.55,6.5,4.4,1.63,5.73,4.21,1.58
2021,2022-01-23,Leicester City,Brighton,2.5,3.25,2.9,2.5,3.4,2.8,2.68,3.55,2.9,2.55,3.37,2.8
2021,2022-02-05,Burnley,Watford,2.2,3.25,3.5,2.15,3.25,3.6,2.27,3.35,3.71,2.21,3.27,3.51
2021,2022-02-08,Burnley,Manchester United,5.5,4.0,1.61,6.0,4.2,1.55,6.25,4.24,1.73,5.82,4.07,1.61
2021,2022-02-08,Newcastle United,Everton,2.5,3.25,2.87,2.5,3.3,2.8,2.66,3.54,3.0,2.52,3.38,2.88
2021,2022-02-08,West Ham United,Watford,1.55,4.2,5.75,1.53,4.2,6.0,1.63,4.5,7.14,1.55,4.3,6.28
2021,2022-02-09,Aston Villa,Leeds United,1.8,3.8,4.2,1.95,3.8,3.6,1.85,4.12,4.53,1.8,3.96,4.26
2021,2022-02-09,Manchester City,Brentford,1.1,9.5,23.0,1.07,11.0,26.0,1.14,10.5,27.6,1.11,9.98,23.47
2021,2022-02-09,Norwich City,Crystal Palace,3.5,3.25,2.15,3.6,3.3,2.15,3.66,3.54,2.25,3.5,3.36,2.18
2021,2022-02-09,Tottenham Hotspur,Southampton,1.6,4.0,5.5,1.61,4.0,5.25,1.65,4.35,6.03,1.61,4.13,5.57
2021,2022-02-10,Liverpool,Leicester City,1.25,6.5,10.0,1.18,7.0,13.0,1.29,7.3,12.75,1.26,6.56,10.5
2021,2022-02-10,Wolverhampton Wanderers,Arsenal,3.5,3.2,2.2,4.0,3.2,2.05,3.75,3.42,2.28,3.57,3.25,2.2
2021,2022-02-12,Brentford,Crystal Palace,2.55,3.1,3.0,3.0,3.1,2.5,2.78,3.2,3.05,2.66,3.09,2.92
2021,2022-02-12,Everton,Leeds United,2.25,3.5,3.0,2.55,3.6,2.6,2.4,3.87,3.17,2.32,3.64,2.99
2021,2022-02-12,Manchester United,Southampton,1.6,4.0,5.5,1.53,4.33,5.75,1.67,4.45,5.75,1.61,4.22,5.43
2021,2022-02-12,Norwich City,Manchester City,15.0,8.0,1.16,15.0,7.5,1.18,21.0,8.5,1.2,18.09,7.86,1.17
2021,2022-02-12,Watford,Brighton,3.5,3.3,2.05,4.0,3.4,1.95,3.86,3.44,2.2,3.7,3.27,2.14
2021,2022-02-13,Burnley,Liverpool,10.0,5.25,1.28,12.0,6.5,1.2,12.5,6.2,1.32,10.72,5.75,1.29
2021,2022-02-13,Leicester City,West Ham United,2.9,3.5,2.3,2.9,3.4,2.4,3.05,3.8,2.54,2.88,3.58,2.4
2021,2022-02-13,Newcastle United,Aston Villa,2.7,3.3,2.62,2.75,3.3,2.55,2.8,3.68,2.7,2.72,3.44,2.6
2021,2022-02-13,Tottenham Hotspur,Wolverhampton Wanderers,1.7,3.6,5.5,1.66,3.75,5.5,1.73,3.94,6.0,1.68,3.76,5.57
2021,2022-02-15,Manchester United,Brighton,1.72,3.75,4.75,1.75,3.6,4.75,1.85,3.9,5.0,1.78,3.78,4.74
2021,2022-02-19,Arsenal,Brentford,1.44,4.2,8.0,1.5,3.75,8.0,1.5,4.6,8.5,1.46,4.46,7.68
2021,2022-02-19,Aston Villa,Watford,1.65,3.6,5.75,1.6,3.8,6.0,1.7,4.14,5.75,1.67,3.93,5.41
2021,2022-02-19,Brighton,Burnley,1.66,3.5,6.0,1.65,3.6,6.0,1.71,3.88,6.2,1.67,3.74,5.75
2021,2022-02-19,Crystal Palace,Chelsea,5.5,3.8,1.65,5.5,3.75,1.65,5.95,4.1,1.7,5.59,3.9,1.65
2021,2022-02-19,Liverpool,Norwich City,1.1,9.0,23.0,1.12,9.5,17.0,1.14,11.0,32.0,1.12,9.63,24.83
2021,2022-02-19,Manchester City,Tottenham Hotspur,1.28,6.0,10.0,1.28,5.75,10.0,1.32,6.35,12.25,1.29,5.87,10.84
2021,2022-02-19,Southampton,Everton,2.1,3.5,3.5,2.0,3.6,3.6,2.15,3.65,3.72,2.08,3.56,3.58
2021,2022-02-19,West Ham United,Newcastle United,1.7,4.0,4.75,1.61,4.0,5.5,1.76,4.1,5.45,1.7,3.91,5.11
2021,2022-02-20,Leeds United,Manchester United,3.9,3.8,1.85,4.75,4.2,1.66,4.2,4.1,1.95,3.91,3.86,1.9
2021,2022-02-20,Wolverhampton Wanderers,Leicester City,2.25,3.3,3.25,2.2,3.2,3.6,2.36,3.48,3.51,2.29,3.28,3.33
2021,2022-02-23,Burnley,Tottenham Hotspur,4.6,3.8,1.75,4.5,3.6,1.83,5.0,3.83,1.85,4.72,3.73,1.79
2021,2022-02-23,Liverpool,Leeds United,1.16,8.0,15.0,1.18,7.5,13.0,1.18,9.3,19.5,1.16,8.73,16.66
2021,2022-02-23,Watford,Crystal Palace,3.1,3.3,2.3,2.87,3.1,2.6,3.33,3.45,2.48,3.2,3.24,2.4
2021,2022-02-24,Arsenal,Wolverhampton Wanderers,1.65,3.8,5.5,1.61,3.6,5.75,1.7,4.0,6.25,1.65,3.8,5.83
2021,2022-02-25,Southampton,Norwich City,1.53,4.33,6.0,1.45,4.5,7.0,1.63,4.54,6.6,1.54,4.37,6.22
2021,2022-02-26,Brentford,Newcastle United,2.5,3.2,3.0,2.25,3.1,3.5,2.6,3.35,3.16,2.52,3.17,3.04
2021,2022-02-26,Brighton,Aston Villa,2.2,3.3,3.5,2.15,3.4,3.4,2.35,3.42,3.52,2.27,3.28,3.41
2021,2022-02-26,Crystal Palace,Burnley,1.9,3.6,4.0,1.9,3.3,4.5,2.02,3.6,4.34,1.97,3.42,4.19
2021,2022-02-26,Everton,Manchester City,10.0,5.75,1.28,12.0,6.0,1.25,12.5,6.5,1.32,10.95,6.04,1.28
2021,2022-02-26,Leeds United,Tottenham Hotspur,4.2,3.6,1.85,3.75,3.6,1.95,4.25,4.15,1.94,4.03,3.96,1.86
2021,2022-02-26,Manchester United,Watford,1.3,5.5,9.5,1.36,5.0,7.5,1.38,5.8,10.19,1.34,5.44,9.04
2021,2022-02-27,West Ham United,Wolverhampton Wanderers,2.05,3.3,3.8,1.95,3.3,4.33,2.2,3.35,4.28,2.11,3.24,3.89
2021,2022-03-01,Burnley,Leicester City,2.9,3.4,2.4,2.9,3.25,2.5,3.05,3.41,2.6,2.94,3.34,2.52
2021,2022-03-05,Aston Villa,Southampton,2.3,3.5,3.0,2.15,3.6,3.1,2.45,3.7,3.15,2.36,3.48,3.04
2021,2022-03-05,Burnley,Chelsea,6.5,4.33,1.5,7.0,3.8,1.5,8.0,4.34,1.54,7.44,4.15,1.5
2021,2022-03-05,Leicester City,Leeds United,1.75,4.0,4.2,2.05,3.6,3.6,1.86,4.25,4.47,1.8,4.12,4.14
2021,2022-03-05,Liverpool,West Ham United,1.28,5.75,9.5,1.22,7.0,12.0,1.33,6.35,11.0,1.3,5.86,9.95
2021,2022-03-05,Newcastle United,Brighton,2.75,3.2,2.62,2.7,3.2,2.7,2.88,3.36,2.82,2.77,3.19,2.74
2021,2022-03-05,Norwich City,Brentford,2.9,3.1,2.5,3.1,3.1,2.4,3.04,3.34,2.68,2.95,3.15,2.6
2021,2022-03-05,Wolverhampton Wanderers,Crystal Palace,2.3,3.1,3.4,2.3,3.1,3.4,2.48,3.26,3.52,2.37,3.1,3.4
2021,2022-03-06,Manchester City,Manchester United,1.4,4.75,7.5,1.4,4.5,7.0,1.45,5.3,8.6,1.41,4.91,7.86
2021,2022-03-06,Watford,Arsenal,6.0,4.0,1.57,6.5,4.2,1.5,6.6,4.18,1.65,6.14,4.02,1.59
2021,2022-03-07,Tottenham Hotspur,Everton,1.57,3.8,5.75,1.7,3.8,4.75,1.66,4.4,6.0,1.61,4.13,5.61
2021,2022-03-10,Leeds United,Aston Villa,2.7,3.5,2.5,2.8,3.5,2.4,2.86,3.7,2.64,2.72,3.59,2.54
2021,2022-03-10,Norwich City,Chelsea,11.0,4.75,1.3,8.5,4.75,1.36,14.15,5.85,1.32,11.9,5.59,1.29
2021,2022-03-10,Southampton,Newcastle United,2.0,3.75,3.5,1.9,3.6,4.0,2.05,3.82,4.05,2.0,3.7,3.71
2021,2022-03-10,Wolverhampton Wanderers,Watford,1.75,3.6,4.5,1.9,3.4,4.2,1.88,3.62,5.1,1.82,3.5,4.84
2021,2022-03-12,Brentford,Burnley,2.15,3.2,3.6,2.05,3.25,3.8,2.3,3.4,3.8,2.2,3.23,3.65
2021,2022-03-12,Brighton,Liverpool,6.0,4.33,1.5,7.0,4.5,1.45,6.65,4.73,1.58,6.2,4.47,1.53
2021,2022-03-12,Manchester United,Tottenham Hotspur,2.2,3.4,3.25,2.25,3.5,3.1,2.24,3.68,3.52,2.18,3.56,3.33
2021,2022-03-13,Arsenal,Leicester City,1.5,4.5,6.0,1.4,4.75,7.0,1.58,4.74,6.5,1.53,4.55,6.0
2021,2022-03-13,Chelsea,Newcastle United,1.3,5.25,11.0,1.4,4.75,7.5,1.36,5.65,11.2,1.33,5.3,10.16
2021,2022-03-13,Everton,Wolverhampton Wanderers,2.3,3.2,3.3,2.25,3.0,3.6,2.38,3.38,3.5,2.31,3.24,3.35
2021,2022-03-13,Leeds United,Norwich City,1.55,4.2,5.75,1.65,4.0,5.0,1.67,4.5,6.0,1.6,4.31,5.51
2021,2022-03-13,Southampton,Watford,1.6,4.2,5.25,1.66,4.2,4.75,1.66,4.33,6.0,1.61,4.17,5.59
2021,2022-03-13,West Ham United,Aston Villa,2.25,3.3,3.3,2.4,3.3,2.9,2.45,3.45,3.55,2.33,3.31,3.24
2021,2022-03-14,Crystal Palace,Manchester City,10.0,5.0,1.33,9.0,5.25,1.33,11.25,5.8,1.36,9.82,5.5,1.32
2021,2022-03-16,Arsenal,Liverpool,3.5,4.0,1.9,3.5,3.75,2.0,4.0,4.25,1.98,3.78,3.98,1.92
2021,2022-03-16,Brighton,Tottenham Hotspur,3.3,3.3,2.25,3.5,3.4,2.1,3.38,3.48,2.38,3.28,3.34,2.3
2021,2022-03-17,Everton,Newcastle United,2.4,3.25,3.1,2.4,3.25,3.1,2.43,3.58,3.23,2.37,3.38,3.11
2021,2022-03-18,Wolverhampton Wanderers,Leeds United,2.1,3.5,3.4,2.15,3.5,3.25,2.25,3.66,3.75,2.14,3.49,3.56
2021,2022-03-19,Aston Villa,Arsenal,3.0,3.3,2.4,2.8,3.4,2.45,3.1,3.6,2.52,2.99,3.47,2.41
2021,2022-03-20,Leicester City,Brentford,2.15,3.4,3.4,2.1,3.4,3.6,2.26,3.55,3.59,2.19,3.45,3.41
2021,2022-03-20,Tottenham Hotspur,West Ham United,1.72,3.8,4.75,1.7,3.75,5.25,1.8,4.15,5.02,1.75,3.94,4.7
2021,2022-04-02,Brighton,Norwich City,1.5,4.0,7.0,1.5,4.2,7.0,1.54,4.47,8.3,1.5,4.12,7.51
2021,2022-04-02,Burnley,Manchester City,15.0,6.5,1.2,19.0,7.0,1.16,15.0,7.0,1.26,13.75,6.54,1.23
2021,2022-04-02,Chelsea,Brentford,1.33,5.0,10.0,1.4,4.5,8.5,1.38,5.33,11.0,1.35,4.99,10.04
2021,2022-04-02,Leeds United,Southampton,2.37,3.75,2.75,2.4,3.6,2.8,2.54,3.89,3.02,2.42,3.61,2.86
2021,2022-04-02,Liverpool,Watford,1.12,9.5,17.0,1.14,8.5,15.0,1.16,10.0,26.0,1.13,9.36,21.82
2021,2022-04-02,Manchester United,Leicester City,1.5,4.5,6.0,1.53,4.33,5.75,1.56,4.8,6.75,1.52,4.6,6.1
2021,2022-04-02,Wolverhampton Wanderers,Aston Villa,3.0,3.1,2.55,3.0,3.1,2.5,3.13,3.3,2.71,3.01,3.1,2.59
2021,2022-04-03,Tottenham Hotspur,Newcastle United,1.5,4.33,6.5,1.53,4.2,6.0,1.56,4.55,7.0,1.52,4.36,6.58
2021,2022-04-03,West Ham United,Everton,1.75,3.8,4.5,1.75,3.75,4.75,1.85,3.91,4.9,1.79,3.75,4.6
2021,2022-04-04,Crystal Palace,Arsenal,4.0,3.4,1.95,4.0,3.4,1.95,4.25,3.56,2.06,4.05,3.41,1.99
2021,2022-04-06,Burnley,Everton,2.62,3.1,2.87,2.45,3.1,3.1,2.75,3.26,3.13,2.57,3.16,2.98
2021,2022-04-08,Newcastle United,Wolverhampton Wanderers,2.25,3.1,3.4,1.95,3.2,4.33,2.4,3.26,3.69,2.31,3.11,3.51
2021,2022-04-09,Arsenal,Brighton,1.61,3.8,5.75,1.57,3.75,6.0,1.7,4.05,6.0,1.65,3.9,5.64
2021,2022-04-09,Aston Villa,Tottenham Hotspur,3.2,3.4,2.25,3.3,3.4,2.2,3.3,3.68,2.34,3.15,3.55,2.27
2021,2022-04-09,Everton,Manchester United,4.6,3.75,1.75,4.0,3.75,1.9,4.74,3.95,1.85,4.48,3.84,1.8
2021,2022-04-09,Southampton,Chelsea,3.8,3.6,1.95,3.6,3.6,2.0,4.19,3.85,2.0,3.98,3.69,1.93
2021,2022-04-09,Watford,Leeds United,2.7,3.4,2.55,2.8,3.3,2.55,2.77,3.7,2.69,2.69,3.54,2.58
2021,2022-04-10,Brentford,West Ham United,2.62,3.3,2.62,2.62,3.25,2.6,2.86,3.48,2.88,2.69,3.31,2.73
2021,2022-04-10,Leicester City,Crystal Palace,2.37,3.3,2.9,2.4,3.2,3.0,2.5,3.58,3.15,2.41,3.44,2.98
2021,2022-04-10,Manchester City,Liverpool,2.0,3.75,3.5,1.95,3.75,3.8,2.14,3.88,3.7,2.06,3.71,3.5
2021,2022-04-10,Norwich City,Burnley,2.87,3.2,2.55,3.0,3.5,2.3,3.15,3.32,2.65,2.97,3.19,2.56
2021,2022-04-16,Manchester United,Norwich City,1.25,6.5,10.0,1.28,6.0,10.0,1.28,6.8,15.0,1.24,6.45,12.84
2021,2022-04-16,Southampton,Arsenal,3.8,3.6,1.95,3.8,3.75,1.9,4.05,3.9,2.02,3.9,3.68,1.95
2021,2022-04-16,Tottenham Hotspur,Brighton,1.53,4.0,6.5,1.5,4.33,5.75,1.59,4.4,6.9,1.54,4.25,6.35
2021,2022-04-16,Watford,Brentford,2.7,3.3,2.55,2.87,3.3,2.45,2.95,3.4,2.65,2.86,3.28,2.59
2021,2022-04-17,Newcastle United,Leicester City,2.2,3.4,3.3,2.0,3.5,3.6,2.36,3.5,3.46,2.25,3.38,3.32
2021,2022-04-17,West Ham United,Burnley,1.7,3.8,5.0,1.75,3.75,4.5,1.79,4.04,5.46,1.72,3.84,5.02
2021,2022-04-19,Liverpool,Manchester United,1.4,5.0,7.0,1.3,5.75,9.0,1.51,5.5,8.0,1.41,5.21,7.44
2021,2022-04-20,Chelsea,Arsenal,1.83,3.6,4.33,1.9,3.5,4.2,1.92,3.8,4.65,1.87,3.64,4.34
2021,2022-04-20,Everton,Leicester City,2.25,3.4,3.25,2.6,3.3,2.7,2.4,3.62,3.27,2.32,3.45,3.15
2021,2022-04-20,Manchester City,Brighton,1.16,7.0,17.0,1.22,6.5,13.0,1.23,7.3,19.5,1.2,6.85,17.12
2021,2022-04-20,Newcastle United,Crystal Palace,2.25,3.4,3.25,2.2,3.3,3.3,2.44,3.4,3.36,2.34,3.26,3.25
2021,2022-04-21,Burnley,Southampton,2.75,3.25,2.62,2.6,3.3,2.75,2.95,3.56,2.72,2.76,3.41,2.61
2021,2022-04-23,Arsenal,Manchester United,2.05,3.5,3.5,2.0,3.6,3.6,2.18,3.75,3.7,2.11,3.58,3.5
2021,2022-04-23,Brentford,Tottenham Hotspur,4.33,3.5,1.85,4.75,3.8,1.7,4.5,3.8,1.94,4.28,3.67,1.87
2021,2022-04-23,Leicester City,Aston Villa,2.8,3.4,2.5,2.9,3.3,2.45,3.0,3.5,2.68,2.85,3.39,2.54
2021,2022-04-23,Manchester City,Watford,1.1,10.0,26.0,1.1,10.0,23.0,1.14,10.5,32.0,1.11,9.78,25.83
2021,2022-04-23,Norwich City,Newcastle United,3.5,3.3,2.15,3.3,3.4,2.2,3.76,3.57,2.26,3.55,3.33,2.18
2021,2022-04-24,Brighton,Southampton,2.1,3.4,3.6,2.1,3.3,3.75,2.23,3.45,3.78,2.17,3.32,3.59
2021,2022-04-24,Burnley,Wolverhampton Wanderers,2.7,3.0,2.87,2.45,3.1,3.1,2.91,3.32,2.95,2.71,3.11,2.86
2021,2022-04-24,Chelsea,West Ham United,1.5,4.33,6.5,1.4,4.75,8.0,1.59,4.6,6.7,1.53,4.37,6.4
2021,2022-04-24,Liverpool,Everton,1.18,7.0,15.0,1.18,7.0,15.0,1.22,7.9,19.0,1.19,7.35,15.64
2021,2022-04-25,Crystal Palace,Leeds United,2.05,3.5,3.5,2.37,3.5,2.9,2.14,3.7,3.7,2.08,3.59,3.53
2021,2022-04-28,Manchester United,Chelsea,3.2,3.4,2.25,3.5,3.6,2.05,3.25,3.76,2.35,3.17,3.57,2.25
2021,2022-04-30,Aston Villa,Norwich City,1.4,4.5,9.0,1.4,4.75,8.5,1.43,5.2,9.0,1.4,4.94,8.3
2021,2022-04-30,Leeds United,Manchester City,8.5,6.0,1.3,8.5,5.75,1.33,11.0,6.3,1.33,9.69,5.85,1.31
2021,2022-04-30,Newcastle United,Liverpool,8.5,5.0,1.36,6.0,4.33,1.53,8.5,5.1,1.47,7.81,4.87,1.41
2021,2022-04-30,Southampton,Crystal Palace,2.4,3.3,3.1,2.45,3.1,3.0,2.5,3.54,3.14,2.41,3.37,3.05
2021,2022-04-30,Watford,Burnley,2.6,3.3,2.75,2.6,3.2,2.87,2.78,3.45,2.84,2.68,3.31,2.75
2021,2022-04-30,Wolverhampton Wanderers,Brighton,2.7,3.2,2.75,2.7,3.0,3.0,2.88,3.25,2.93,2.75,3.09,2.83
2021,2022-05-01,Everton,Chelsea,5.0,3.6,1.75,5.0,3.75,1.7,5.21,3.88,1.82,4.83,3.71,1.77
2021,2022-05-01,Tottenham Hotspur,Leicester City,1.44,4.75,7.0,1.33,5.25,9.0,1.49,5.0,7.5,1.46,4.8,6.88
2021,2022-05-01,West Ham United,Arsenal,4.33,3.8,1.8,4.2,4.0,1.8,4.75,4.1,1.84,4.54,3.84,1.79
2021,2022-05-02,Manchester United,Brentford,1.72,4.0,4.5,1.72,3.8,4.5,1.82,4.1,4.75,1.76,3.95,4.51
2021,2022-05-07,Brentford,Southampton,2.15,3.5,3.3,2.1,3.4,3.5,2.28,3.62,3.55,2.21,3.44,3.35
2021,2022-05-07,Brighton,Manchester United,2.8,3.5,2.45,2.87,3.4,2.45,2.86,3.58,2.67,2.8,3.44,2.56
2021,2022-05-07,Burnley,Aston Villa,3.0,3.3,2.4,3.0,3.2,2.5,3.1,3.51,2.55,3.0,3.33,2.46
2021,2022-05-07,Chelsea,Wolverhampton Wanderers,1.33,5.0,9.5,1.4,4.75,8.0,1.39,5.3,11.25,1.36,4.95,9.62
2021,2022-05-07,Crystal Palace,Watford,1.65,4.0,5.0,1.66,3.8,5.25,1.74,4.05,5.5,1.69,3.89,5.2
2021,2022-05-07,Liverpool,Tottenham Hotspur,1.4,5.0,7.0,1.4,5.25,6.5,1.5,5.2,7.3,1.46,4.89,6.68
2021,2022-05-08,Arsenal,Leeds United,1.45,4.5,7.0,1.53,4.5,5.5,1.5,5.03,7.31,1.46,4.81,6.77
2021,2022-05-08,Leicester City,Everton,2.6,3.3,2.75,2.6,3.25,2.7,2.72,3.44,3.05,2.61,3.34,2.8
2021,2022-05-08,Manchester City,Newcastle United,1.16,7.0,17.0,1.16,7.5,15.0,1.2,8.0,21.0,1.18,7.63,17.16
2021,2022-05-08,Norwich City,West Ham United,4.5,3.8,1.75,4.5,3.8,1.72,4.7,3.96,1.86,4.51,3.81,1.8
2021,2022-05-10,Aston Villa,Liverpool,7.5,4.75,1.4,6.25,4.5,1.5,8.0,5.0,1.56,7.35,4.85,1.44
2021,2022-05-11,Leeds United,Chelsea,4.75,4.2,1.65,4.75,4.0,1.7,5.34,4.4,1.7,4.98,4.17,1.67
2021,2022-05-11,Leicester City,Norwich City,1.44,4.75,7.0,1.33,5.5,8.5,1.49,5.2,8.0,1.44,4.9,7.02
2021,2022-05-11,Watford,Everton,4.2,3.6,1.83,5.5,3.75,1.65,4.5,3.89,1.93,4.26,3.68,1.87
2021,2022-05-11,Wolverhampton Wanderers,Manchester City,11.0,6.0,1.25,10.0,5.75,1.28,14.04,6.4,1.29,12.83,5.88,1.26
2021,2022-05-12,Tottenham Hotspur,Arsenal,2.05,3.75,3.5,2.2,3.5,3.2,2.2,3.79,3.62,2.12,3.6,3.42
2021,2022-05-15,Aston Villa,Crystal Palace,2.0,3.5,3.75,1.8,3.5,4.5,2.15,3.72,3.75,2.06,3.55,3.63
2021,2022-05-15,Everton,Brentford,2.05,3.6,3.5,1.85,3.5,4.2,2.18,3.65,3.75,2.1,3.55,3.53
2021,2022-05-15,Leeds United,Brighton,2.62,3.5,2.62,2.62,3.4,2.62,2.8,3.7,2.75,2.67,3.52,2.61
2021,2022-05-15,Tottenham Hotspur,Burnley,1.33,5.25,9.0,1.3,5.5,9.5,1.38,5.6,9.71,1.34,5.36,9.11
2021,2022-05-15,Watford,Leicester City,3.8,3.5,1.95,5.5,4.0,1.65,3.86,3.84,2.1,3.65,3.68,2.02
2021,2022-05-15,West Ham United,Manchester City,7.5,5.0,1.4,7.5,5.0,1.4,8.5,5.55,1.42,8.01,5.2,1.38
2021,2022-05-15,Wolverhampton Wanderers,Norwich City,1.45,4.75,6.5,1.55,4.5,5.75,1.5,4.8,8.0,1.46,4.58,7.25
2021,2022-05-16,Newcastle United,Arsenal,4.33,3.6,1.83,4.2,3.75,1.83,4.33,3.98,1.95,4.14,3.68,1.88
2021,2022-05-17,Southampton,Liverpool,7.5,5.5,1.33,6.5,5.0,1.44,9.0,5.8,1.42,8.02,5.49,1.37
2021,2022-05-19,Aston Villa,Burnley,2.05,3.5,3.6,1.95,3.5,3.8,2.12,3.7,3.9,2.05,3.56,3.7
2021,2022-05-19,Chelsea,Leicester City,1.4,4.75,8.0,1.4,4.75,8.0,1.42,5.4,9.25,1.38,4.91,8.66
2021,2022-05-19,Everton,Crystal Palace,1.9,3.4,4.33,1.85,3.5,4.33,2.01,3.66,4.5,1.95,3.47,4.16
2021,2022-05-22,Arsenal,Everton,1.36,4.75,9.0,1.33,5.25,8.5,1.4,5.5,9.6,1.37,5.15,8.69
2021,2022-05-22,Brentford,Leeds United,2.45,3.8,2.62,2.3,3.8,2.8,2.48,3.92,2.88,2.41,3.76,2.79
2021,2022-05-22,Brighton,West Ham United,2.37,3.5,2.9,2.6,3.4,2.62,2.5,3.7,3.0,2.4,3.57,2.91
2021,2022-05-22,Burnley,Newcastle United,2.25,3.4,3.2,2.45,3.3,2.9,2.34,3.62,3.37,2.24,3.48,3.25
2021,2022-05-22,Chelsea,Watford,1.18,7.5,15.0,1.2,7.0,13.0,1.22,8.7,20.0,1.17,7.89,17.63
2021,2022-05-22,Crystal Palace,Manchester United,3.0,3.6,2.25,2.7,3.5,2.5,3.23,3.81,2.35,3.1,3.66,2.25
2021,2022-05-22,Leicester City,Southampton,1.85,4.0,3.8,1.65,4.33,4.5,1.95,4.25,4.0,1.88,4.03,3.86
2021,2022-05-22,Liverpool,Wolverhampton Wanderers,1.14,8.5,15.0,1.12,9.0,17.0,1.19,8.8,23.0,1.16,8.12,18.95
2021,2022-05-22,Manchester City,Aston Villa,1.16,8.0,17.0,1.18,7.5,13.0,1.2,9.1,24.0,1.16,8.18,18.24
2021,2022-05-22,Norwich City,Tottenham Hotspur,9.5,6.5,1.25,8.5,5.25,1.33,13.0,7.0,1.29,11.19,6.45,1.26
2022,2022-08-05,Crystal Palace,Arsenal,4.2,3.6,1.85,4.5,3.6,1.8,4.6,3.78,1.95,4.39,3.59,1.88
2022,2022-08-06,Bournemouth,Aston Villa,3.75,3.5,2.0,4.0,3.5,1.95,4.0,3.66,2.1,3.8,3.5,2.04
2022,2022-08-06,Everton,Chelsea,5.5,4.0,1.61,6.5,4.2,1.55,6.1,4.2,1.67,5.74,3.96,1.63
2022,2022-08-06,Fulham,Liverpool,11.0,6.0,1.25,11.0,5.75,1.28,13.0,6.4,1.31,10.99,6.05,1.28
2022,2022-08-06,Leeds United,Wolverhampton Wanderers,2.25,3.4,3.2,2.37,3.3,3.0,2.42,3.54,3.3,2.34,3.34,3.18
2022,2022-08-06,Newcastle United,Nottingham Forest,1.66,3.8,5.25,1.53,4.0,6.0,1.72,3.96,6.0,1.67,3.8,5.57
2022,2022-08-06,Tottenham Hotspur,Southampton,1.33,5.5,8.5,1.36,5.0,8.5,1.4,5.5,9.2,1.36,5.27,8.64
2022,2022-08-07,Leicester City,Brentford,2.0,3.75,3.5,1.85,3.8,4.0,2.1,3.84,3.8,2.03,3.66,3.64
2022,2022-08-07,Manchester United,Brighton,1.6,4.2,5.25,1.8,3.75,4.33,1.66,4.22,6.12,1.62,4.01,5.68
2022,2022-08-07,West Ham United,Manchester City,8.0,5.0,1.36,7.5,5.25,1.36,9.6,5.6,1.41,8.32,5.25,1.37
2022,2022-08-13,Arsenal,Leicester City,1.53,4.33,5.75,1.55,4.33,5.5,1.6,4.65,6.42,1.55,4.37,6.04
2022,2022-08-13,Aston Villa,Everton,1.8,3.5,4.75,1.75,3.5,5.0,1.85,3.68,5.12,1.82,3.56,4.87
2022,2022-08-13,Brentford,Manchester United,3.75,3.5,2.0,4.5,3.75,1.75,4.04,3.65,2.08,3.77,3.56,2.02
2022,2022-08-13,Brighton,Newcastle United,2.45,3.2,3.0,2.37,3.3,3.0,2.54,3.46,3.27,2.44,3.25,3.1
2022,2022-08-13,Manchester City,Bournemouth,1.06,13.0,29.0,1.08,12.0,21.0,1.09,16.0,50.0,1.07,12.72,37.57
2022,2022-08-13,Southampton,Leeds United,2.25,3.5,3.1,2.4,3.5,2.8,2.4,3.64,3.2,2.32,3.51,3.1
2022,2022-08-13,Wolverhampton Wanderers,Fulham,2.3,3.3,3.2,2.2,3.4,3.3,2.48,3.46,3.29,2.4,3.28,3.15
2022,2022-08-14,Chelsea,Tottenham Hotspur,2.25,3.4,3.2,2.1,3.5,3.5,2.38,3.55,3.36,2.29,3.44,3.21
2022,2022-08-14,Nottingham Forest,West Ham United,4.2,3.6,1.85,3.8,3.5,1.95,4.4,3.75,1.94,4.21,3.64,1.9
2022,2022-08-15,Liverpool,Crystal Palace,1.18,6.75,16.0,1.28,5.75,11.0,1.23,7.23,19.0,1.2,6.85,16.33
2022,2022-08-20,Bournemouth,Arsenal,8.0,4.75,1.4,7.5,4.75,1.4,8.01,4.9,1.47,7.65,4.7,1.43
2022,2022-08-20,Crystal Palace,Aston Villa,2.5,3.25,2.9,2.45,3.2,3.0,2.6,3.35,3.16,2.52,3.2,3.0
2022,2022-08-20,Everton,Nottingham Forest,1.9,3.6,4.0,1.85,3.6,4.2,2.02,3.64,4.3,1.97,3.48,4.05
2022,2022-08-20,Fulham,Brentford,2.45,3.4,2.9,2.62,3.4,2.7,2.62,3.54,3.04,2.46,3.42,2.92
2022,2022-08-20,Leicester City,Southampton,1.83,4.0,4.0,1.72,4.0,4.33,1.88,4.1,4.2,1.85,3.97,4.01
2022,2022-08-20,Tottenham Hotspur,Wolverhampton Wanderers,1.4,4.75,7.5,1.4,4.75,7.5,1.44,5.14,8.5,1.41,4.88,7.96
2022,2022-08-21,Leeds United,Chelsea,5.75,4.5,1.53,5.75,4.75,1.5,6.23,4.6,1.6,5.93,4.43,1.55
2022,2022-08-21,Newcastle United,Manchester City,7.5,5.0,1.36,6.5,4.75,1.44,9.5,5.35,1.41,8.67,5.11,1.37
2022,2022-08-21,West Ham United,Brighton,2.3,3.4,3.1,2.5,3.4,2.8,2.42,3.52,3.29,2.32,3.41,3.14
2022,2022-08-22,Manchester United,Liverpool,5.25,4.33,1.6,4.75,4.2,1.66,5.6,4.7,1.65,5.22,4.38,1.6
2022,2022-08-27,Arsenal,Fulham,1.3,5.75,9.0,1.4,5.5,6.5,1.36,6.1,10.0,1.32,5.77,9.44
2022,2022-08-27,Brentford,Everton,2.0,3.5,3.75,2.05,3.3,3.8,2.16,3.58,3.92,2.06,3.47,3.77
2022,2022-08-27,Brighton,Leeds United,1.9,3.8,3.8,1.66,4.0,5.25,1.96,3.85,4.24,1.91,3.73,4.04
2022,2022-08-27,Chelsea,Leicester City,1.4,5.0,7.0,1.4,5.0,7.5,1.46,5.2,8.2,1.42,4.93,7.52
2022,2022-08-27,Liverpool,Bournemouth,1.1,10.0,26.0,1.14,8.0,17.0,1.14,11.0,34.0,1.11,10.17,25.51
2022,2022-08-27,Manchester City,Crystal Palace,1.18,7.5,13.0,1.2,7.0,15.0,1.22,8.2,18.0,1.19,7.56,15.25
2022,2022-08-27,Southampton,Manchester United,4.2,4.0,1.8,3.4,3.8,1.95,4.5,4.35,1.85,4.27,4.06,1.8
2022,2022-08-28,Aston Villa,West Ham United,2.3,3.4,3.1,2.1,3.5,3.75,2.41,3.6,3.3,2.3,3.43,3.18
2022,2022-08-28,Nottingham Forest,Tottenham Hotspur,7.0,4.6,1.44,7.0,4.75,1.45,7.5,4.8,1.51,6.98,4.59,1.47
2022,2022-08-28,Wolverhampton Wanderers,Newcastle United,2.7,3.3,2.7,2.45,3.25,2.9,2.86,3.46,2.79,2.75,3.26,2.7
2022,2022-08-30,Crystal Palace,Brentford,2.05,3.4,3.6,2.05,3.4,3.6,2.16,3.58,3.9,2.1,3.42,3.72
2022,2022-08-30,Fulham,Brighton,3.1,3.3,2.3,3.3,3.2,2.3,3.44,3.45,2.4,3.21,3.35,2.33
2022,2022-08-30,Leeds United,Everton,2.15,3.5,3.3,2.05,3.6,3.4,2.18,3.72,3.58,2.14,3.57,3.46
2022,2022-08-30,Southampton,Chelsea,5.25,4.0,1.61,5.0,4.0,1.65,5.5,4.3,1.69,5.22,4.16,1.65
2022,2022-08-31,Arsenal,Aston Villa,1.45,4.5,6.0,1.5,4.5,6.0,1.5,4.8,7.5,1.47,4.63,7.0
2022,2022-08-31,Bournemouth,Wolverhampton Wanderers,3.5,3.3,2.15,3.2,3.25,2.3,3.67,3.54,2.24,3.53,3.38,2.16
2022,2022-08-31,Liverpool,Newcastle United,1.33,5.25,9.0,1.28,6.0,10.0,1.34,6.25,11.0,1.31,5.81,9.58
2022,2022-08-31,Manchester City,Nottingham Forest,1.06,13.0,29.0,1.08,11.0,23.0,1.1,14.5,43.0,1.08,12.84,30.99
2022,2022-08-31,West Ham United,Tottenham Hotspur,3.6,3.8,1.95,3.2,3.6,2.2,3.8,3.9,2.08,3.63,3.74,2.01
2022,2022-09-01,Leicester City,Manchester United,3.4,3.75,2.05,3.1,3.75,2.15,3.54,4.0,2.14,3.41,3.81,2.07
2022,2022-09-03,Aston Villa,Manchester City,8.0,5.5,1.33,8.0,5.75,1.33,9.9,6.0,1.38,8.75,5.63,1.34
2022,2022-09-03,Brentford,Leeds United,2.1,3.5,3.4,2.1,3.6,3.3,2.25,3.75,3.45,2.17,3.59,3.33
2022,2022-09-03,Chelsea,West Ham United,1.55,4.5,5.5,1.65,4.0,5.0,1.59,4.58,6.4,1.55,4.38,6.03
2022,2022-09-03,Everton,Liverpool,7.0,4.75,1.4,7.5,4.75,1.36,8.5,5.39,1.44,7.77,5.06,1.4
2022,2022-09-03,Newcastle United,Crystal Palace,2.0,3.5,3.75,2.1,3.5,3.6,2.12,3.6,4.0,2.05,3.48,3.8
2022,2022-09-03,Nottingham Forest,Bournemouth,1.95,3.5,3.8,2.15,3.3,3.5,2.06,3.56,4.0,2.02,3.47,3.89
2022,2022-09-03,Tottenham Hotspur,Fulham,1.5,4.5,6.5,1.5,4.33,6.5,1.53,4.8,7.04,1.49,4.62,6.54
2022,2022-09-03,Wolverhampton Wanderers,Southampton,2.2,3.4,3.25,2.2,3.4,3.25,2.32,3.54,3.45,2.24,3.4,3.33
2022,2022-09-04,Brighton,Leicester City,1.83,3.5,4.5,1.9,3.5,4.2,1.92,3.77,4.85,1.87,3.6,4.43
2022,2022-09-04,Manchester United,Arsenal,2.5,3.5,2.7,2.6,3.5,2.6,2.7,3.74,2.78,2.61,3.55,2.67
2022,2022-09-16,Aston Villa,Southampton,2.1,3.5,3.5,2.1,3.5,3.5,2.18,3.72,3.62,2.1,3.55,3.53
2022,2022-09-16,Nottingham Forest,Fulham,2.75,3.3,2.62,2.75,3.3,2.6,2.92,3.54,2.68,2.81,3.4,2.57
2022,2022-09-17,Newcastle United,Bournemouth,1.44,4.4,7.5,1.4,4.5,7.5,1.5,4.7,7.77,1.47,4.47,7.39
2022,2022-09-17,Tottenham Hotspur,Leicester City,1.45,4.5,7.0,1.55,4.5,6.0,1.54,5.0,7.1,1.49,4.59,6.7
2022,2022-09-17,Wolverhampton Wanderers,Manchester City,9.5,5.0,1.33,8.0,5.75,1.33,10.0,5.9,1.37,9.25,5.47,1.34
2022,2022-09-18,Brentford,Arsenal,4.2,3.8,1.8,4.5,3.8,1.75,4.5,4.05,1.86,4.3,3.91,1.81
2022,2022-09-18,Everton,West Ham United,2.9,3.25,2.5,2.9,3.25,2.5,3.05,3.45,2.58,2.95,3.31,2.5
2022,2022-10-01,Arsenal,Tottenham Hotspur,2.05,3.75,3.3,1.95,3.8,3.8,2.15,3.85,3.65,2.08,3.7,3.48
2022,2022-10-01,Bournemouth,Brentford,3.3,3.4,2.2,3.2,3.4,2.25,3.5,3.56,2.28,3.36,3.44,2.21
2022,2022-10-01,Crystal Palace,Chelsea,4.2,3.6,1.85,4.75,3.75,1.75,4.6,3.7,1.95,4.29,3.57,1.9
2022,2022-10-01,Fulham,Newcastle United,3.0,3.4,2.37,2.9,3.4,2.45,3.15,3.68,2.42,3.04,3.46,2.37
2022,2022-10-01,Liverpool,Brighton,1.33,5.25,8.5,1.45,4.75,6.0,1.41,5.5,8.9,1.37,5.33,8.25
2022,2022-10-01,Southampton,Everton,2.15,3.4,3.4,2.3,3.3,3.1,2.28,3.52,3.55,2.19,3.41,3.44
2022,2022-10-01,West Ham United,Wolverhampton Wanderers,1.95,3.5,4.2,2.0,3.4,4.0,2.02,3.65,4.31,1.96,3.48,4.12
2022,2022-10-02,Leeds United,Aston Villa,2.35,3.4,3.0,2.37,3.25,3.0,2.48,3.66,3.12,2.36,3.46,3.03
2022,2022-10-02,Manchester City,Manchester United,1.33,5.75,7.5,1.44,5.5,6.5,1.4,6.0,9.4,1.35,5.7,8.0
2022,2022-10-03,Leicester City,Nottingham Forest,1.75,4.0,4.33,1.7,4.0,4.5,1.8,4.2,4.51,1.76,4.05,4.41
2022,2022-10-08,Bournemouth,Leicester City,3.6,3.4,2.05,3.2,3.5,2.2,3.65,3.85,2.16,3.53,3.63,2.09
2022,2022-10-08,Brighton,Tottenham Hotspur,2.8,3.4,2.5,2.5,3.3,2.8,2.83,3.66,2.68,2.76,3.47,2.58
2022,2022-10-08,Chelsea,Wolverhampton Wanderers,1.4,4.5,8.0,1.5,4.2,7.0,1.44,5.0,9.2,1.4,4.82,8.5
2022,2022-10-08,Manchester City,Southampton,1.11,10.0,17.0,1.11,10.0,21.0,1.14,11.0,27.0,1.12,10.3,21.15
2022,2022-10-08,Newcastle United,Brentford,1.83,3.8,4.2,1.65,4.0,5.25,1.88,4.08,4.6,1.8,3.92,4.38
2022,2022-10-09,Arsenal,Liverpool,2.5,3.6,2.62,2.5,3.75,2.6,2.69,3.96,2.7,2.58,3.72,2.62
2022,2022-10-09,Crystal Palace,Leeds United,2.05,3.5,3.6,2.05,3.5,3.5,2.17,3.85,3.77,2.07,3.62,3.57
2022,2022-10-09,Everton,Manchester United,3.6,3.5,2.05,3.6,3.5,2.0,3.71,3.8,2.15,3.56,3.58,2.09
2022,2022-10-09,West Ham United,Fulham,1.72,3.8,4.75,1.6,3.8,5.5,1.84,4.05,4.82,1.78,3.9,4.56
2022,2022-10-10,Nottingham Forest,Aston Villa,3.3,3.4,2.2,3.6,3.6,2.0,3.48,3.65,2.25,3.35,3.49,2.19
2022,2022-10-14,Brentford,Brighton,3.1,3.4,2.3,3.1,3.4,2.3,3.33,3.52,2.38,3.21,3.44,2.3
2022,2022-10-15,Fulham,Bournemouth,1.85,3.75,4.0,1.9,3.6,4.0,1.96,3.9,4.3,1.89,3.72,4.13
2022,2022-10-15,Leicester City,Crystal Palace,2.3,3.4,3.1,2.3,3.5,3.0,2.44,3.68,3.21,2.31,3.49,3.12
2022,2022-10-15,Tottenham Hotspur,Everton,1.5,4.5,6.5,1.45,4.5,7.5,1.52,4.75,7.26,1.49,4.56,6.81
2022,2022-10-15,Wolverhampton Wanderers,Nottingham Forest,1.7,3.75,5.0,1.7,3.75,5.0,1.78,3.9,5.5,1.72,3.81,5.13
2022,2022-10-16,Aston Villa,Chelsea,4.33,3.75,1.8,3.75,3.5,2.0,4.78,3.84,1.87,4.54,3.69,1.82
2022,2022-10-16,Leeds United,Arsenal,6.0,4.2,1.55,5.0,4.0,1.66,6.3,4.6,1.6,5.83,4.41,1.56
2022,2022-10-16,Liverpool,Manchester City,3.6,4.0,1.9,3.75,4.0,1.85,4.1,4.33,1.95,3.74,4.06,1.91
2022,2022-10-16,Manchester United,Newcastle United,1.95,3.8,3.5,2.05,3.75,3.5,2.04,4.0,3.84,2.0,3.78,3.65
2022,2022-10-16,Southampton,West Ham United,2.9,3.4,2.4,2.9,3.4,2.45,3.08,3.6,2.5,2.96,3.42,2.44
2022,2022-10-18,Brighton,Nottingham Forest,1.4,4.75,7.0,1.36,5.0,7.5,1.45,5.2,9.0,1.4,4.91,8.19
2022,2022-10-18,Crystal Palace,Wolverhampton Wanderers,2.25,3.1,3.4,2.05,3.25,3.75,2.34,3.38,3.61,2.29,3.19,3.46
2022,2022-10-19,Bournemouth,Southampton,2.62,3.3,2.62,2.55,3.2,2.75,2.8,3.42,2.78,2.72,3.33,2.69
2022,2022-10-19,Brentford,Chelsea,4.75,3.8,1.72,4.0,3.75,1.85,5.44,4.28,1.8,4.79,3.92,1.74
2022,2022-10-19,Liverpool,West Ham United,1.4,5.0,7.0,1.4,5.0,7.0,1.48,5.25,8.2,1.44,5.01,6.96
2022,2022-10-19,Manchester United,Tottenham Hotspur,2.45,3.5,2.75,2.3,3.5,2.9,2.56,3.75,2.99,2.45,3.57,2.86
2022,2022-10-19,Newcastle United,Everton,1.6,3.8,5.75,1.65,3.8,5.25,1.69,4.3,6.0,1.64,4.05,5.46
2022,2022-10-20,Fulham,Aston Villa,2.9,3.3,2.5,2.9,3.3,2.4,3.0,3.58,2.59,2.88,3.42,2.51
2022,2022-10-20,Leicester City,Leeds United,2.25,3.6,3.0,2.25,3.5,3.1,2.4,3.7,3.12,2.32,3.58,3.03
2022,2022-10-22,Chelsea,Manchester United,2.05,3.5,3.5,2.1,3.6,3.3,2.2,3.68,3.7,2.14,3.51,3.5
2022,2022-10-22,Everton,Crystal Palace,2.6,3.2,2.87,2.45,3.2,3.0,2.69,3.25,3.05,2.58,3.18,2.96
2022,2022-10-22,Manchester City,Brighton,1.2,7.0,13.0,1.22,6.5,13.0,1.23,7.25,17.0,1.21,6.94,14.36
2022,2022-10-22,Nottingham Forest,Liverpool,11.0,6.0,1.25,7.5,5.75,1.33,12.0,6.73,1.3,11.31,6.19,1.26
2022,2022-10-23,Aston Villa,Brentford,2.1,3.5,3.5,2.05,3.5,3.5,2.23,3.61,3.6,2.14,3.5,3.49
2022,2022-10-23,Leeds United,Fulham,2.05,3.5,3.6,2.05,3.6,3.5,2.12,3.75,3.77,2.06,3.62,3.59
2022,2022-10-23,Southampton,Arsenal,6.0,4.0,1.57,6.5,4.33,1.45,6.3,4.5,1.6,5.78,4.27,1.58
2022,2022-10-23,Tottenham Hotspur,Newcastle United,2.05,3.5,3.5,2.2,3.4,3.2,2.18,3.76,3.72,2.09,3.58,3.53
2022,2022-10-23,Wolverhampton Wanderers,Leicester City,2.25,3.25,3.25,2.3,3.4,3.1,2.38,3.5,3.46,2.3,3.38,3.24
2022,2022-10-24,West Ham United,Bournemouth,1.55,4.0,6.0,1.61,4.0,5.25,1.59,4.49,6.6,1.55,4.16,6.2
2022,2022-10-29,Bournemouth,Tottenham Hotspur,5.0,3.8,1.7,5.0,3.8,1.7,5.46,4.01,1.75,5.1,3.91,1.69
2022,2022-10-29,Brentford,Wolverhampton Wanderers,2.2,3.4,3.3,2.1,3.5,3.5,2.28,3.55,3.45,2.2,3.46,3.33
2022,2022-10-29,Brighton,Chelsea,3.0,3.3,2.4,3.0,3.4,2.37,3.17,3.44,2.52,3.03,3.34,2.41
2022,2022-10-29,Crystal Palace,Southampton,1.9,3.6,4.0,2.05,3.4,3.8,2.0,3.65,4.22,1.95,3.57,4.03
2022,2022-10-29,Fulham,Everton,2.37,3.4,3.0,2.25,3.4,3.2,2.42,3.62,3.2,2.36,3.43,3.07
2022,2022-10-29,Leicester City,Manchester City,10.0,6.5,1.25,7.0,5.0,1.4,10.5,6.5,1.33,9.66,6.09,1.29
2022,2022-10-29,Liverpool,Leeds United,1.3,6.0,9.0,1.22,6.5,12.0,1.34,6.4,10.0,1.3,6.07,9.16
2022,2022-10-29,Newcastle United,Aston Villa,1.8,3.75,4.5,1.75,3.8,4.75,1.88,3.82,4.6,1.83,3.73,4.41
2022,2022-10-30,Arsenal,Nottingham Forest,1.2,7.0,12.0,1.22,6.5,13.0,1.24,7.5,17.0,1.2,6.96,14.82
2022,2022-10-30,Manchester United,West Ham United,1.66,4.0,4.8,1.7,3.9,4.75,1.77,4.2,5.14,1.7,4.02,4.85
2022,2022-11-05,Everton,Leicester City,2.4,3.3,3.0,2.45,3.4,2.9,2.5,3.5,3.15,2.43,3.33,3.03
2022,2022-11-05,Leeds United,Bournemouth,1.72,3.8,4.75,1.61,4.0,5.25,1.77,4.12,5.1,1.74,3.93,4.73
2022,2022-11-05,Manchester City,Fulham,1.11,9.5,19.0,1.16,7.5,15.0,1.16,11.0,23.0,1.13,9.74,19.8
2022,2022-11-05,Nottingham Forest,Brentford,2.75,3.3,2.6,2.62,3.2,2.8,2.86,3.54,2.72,2.78,3.39,2.59
2022,2022-11-05,Wolverhampton Wanderers,Brighton,3.3,3.3,2.25,3.4,3.3,2.15,3.55,3.54,2.34,3.39,3.33,2.24
2022,2022-11-06,Aston Villa,Manchester United,3.3,3.8,2.1,3.1,3.5,2.25,3.61,3.68,2.24,3.39,3.54,2.15
2022,2022-11-06,Chelsea,Arsenal,2.55,3.4,2.7,2.62,3.4,2.6,2.72,3.54,2.85,2.64,3.42,2.7
2022,2022-11-06,Southampton,Newcastle United,4.0,3.6,1.9,4.33,3.75,1.83,4.2,3.84,1.96,4.02,3.66,1.92
2022,2022-11-06,Tottenham Hotspur,Liverpool,3.3,3.6,2.1,3.6,3.75,1.95,3.48,3.8,2.25,3.28,3.67,2.16
2022,2022-11-06,West Ham United,Crystal Palace,1.9,3.4,4.2,1.85,3.5,4.33,1.98,3.66,4.35,1.94,3.49,4.18
2022,2022-11-12,Bournemouth,Everton,2.8,3.25,2.6,2.75,3.25,2.7,2.94,3.35,2.69,2.86,3.25,2.6
2022,2022-11-12,Liverpool,Southampton,1.25,6.5,11.0,1.28,6.0,9.0,1.28,7.0,12.0,1.25,6.52,11.38
2022,2022-11-12,Manchester City,Brentford,1.14,8.0,17.0,1.14,7.5,17.0,1.16,9.6,24.0,1.14,8.92,19.14
2022,2022-11-12,Newcastle United,Chelsea,2.35,3.4,3.0,2.15,3.4,3.5,2.42,3.6,3.24,2.33,3.44,3.11
2022,2022-11-12,Nottingham Forest,Crystal Palace,3.1,3.1,2.45,3.3,3.1,2.3,3.27,3.42,2.5,3.12,3.24,2.43
2022,2022-11-12,Tottenham Hotspur,Leeds United,1.65,4.2,4.75,1.6,4.33,5.25,1.68,4.49,5.55,1.64,4.26,5.04
2022,2022-11-12,West Ham United,Leicester City,2.05,3.4,3.75,1.95,3.4,4.0,2.14,3.68,3.75,2.09,3.51,3.6
2022,2022-11-12,Wolverhampton Wanderers,Arsenal,6.0,4.2,1.55,6.5,4.0,1.53,6.5,4.44,1.59,6.15,4.26,1.55
2022,2022-11-13,Brighton,Aston Villa,1.83,3.75,4.2,1.72,3.8,4.75,1.9,3.87,4.4,1.86,3.71,4.21
2022,2022-11-13,Fulham,Manchester United,3.8,3.8,1.9,4.0,3.8,1.85,4.11,4.05,1.95,3.91,3.88,1.89
2022,2022-12-26,Arsenal,West Ham United,1.5,4.33,6.5,1.53,4.2,6.0,1.55,4.7,7.1,1.51,4.39,6.52
2022,2022-12-26,Aston Villa,Liverpool,4.75,4.0,1.7,4.75,3.8,1.7,4.85,4.26,1.8,4.51,4.04,1.75
2022,2022-12-26,Brentford,Tottenham Hotspur,4.0,3.6,1.91,3.3,3.6,2.1,4.05,3.9,2.04,3.85,3.74,1.95
2022,2022-12-26,Crystal Palace,Fulham,2.05,3.6,3.5,2.2,3.6,3.1,2.12,3.68,3.7,2.07,3.55,3.58
2022,2022-12-26,Everton,Wolverhampton Wanderers,2.3,3.25,3.2,2.4,3.25,3.0,2.45,3.44,3.35,2.35,3.25,3.24
2022,2022-12-26,Leicester City,Newcastle United,3.25,3.5,2.2,3.3,3.5,2.15,3.36,3.68,2.28,3.24,3.54,2.21
2022,2022-12-26,Southampton,Brighton,3.3,3.5,2.15,3.5,3.5,2.05,3.59,3.66,2.22,3.4,3.51,2.15
2022,2022-12-27,Chelsea,Bournemouth,1.3,5.5,10.0,1.33,5.25,9.0,1.36,5.8,11.0,1.32,5.46,9.72
2022,2022-12-27,Manchester United,Nottingham Forest,1.29,5.5,11.0,1.33,5.5,8.5,1.35,5.8,12.0,1.31,5.51,10.4
2022,2022-12-28,Leeds United,Manchester City,9.5,6.0,1.29,9.5,6.0,1.29,10.5,6.22,1.33,9.46,5.99,1.3
2022,2022-12-30,Liverpool,Leicester City,1.29,6.0,9.5,1.25,6.0,11.0,1.33,6.55,10.75,1.3,6.03,9.64
2022,2022-12-30,West Ham United,Brentford,2.0,3.6,3.6,2.0,3.6,3.5,2.12,3.7,3.78,2.06,3.59,3.64
2022,2022-12-31,Bournemouth,Crystal Palace,2.8,3.3,2.5,2.88,3.2,2.55,3.03,3.4,2.66,2.91,3.27,2.55
2022,2022-12-31,Brighton,Arsenal,3.4,3.5,2.1,4.2,3.75,1.85,3.6,3.72,2.17,3.46,3.56,2.12
2022,2022-12-31,Fulham,Southampton,1.95,3.6,3.75,1.8,3.8,4.2,2.09,3.7,4.02,2.02,3.57,3.77
2022,2022-12-31,Manchester City,Everton,1.13,9.0,19.0,1.14,8.0,19.0,1.17,10.0,25.0,1.14,8.61,21.51
2022,2022-12-31,Newcastle United,Leeds United,1.45,4.5,7.0,1.45,4.75,6.5,1.51,4.9,7.3,1.47,4.73,6.73
2022,2022-12-31,Wolverhampton Wanderers,Manchester United,4.0,3.6,1.91,4.0,3.6,1.91,4.31,3.76,1.98,4.09,3.64,1.92
2022,2023-01-01,Nottingham Forest,Chelsea,5.0,3.8,1.7,5.5,4.0,1.62,5.5,4.0,1.74,5.21,3.88,1.69
2022,2023-01-01,Tottenham Hotspur,Aston Villa,1.67,4.0,5.0,1.65,4.2,5.25,1.73,4.22,5.25,1.68,4.06,4.94
2022,2023-01-02,Brentford,Liverpool,5.5,4.33,1.55,6.0,4.5,1.5,5.8,4.75,1.6,5.65,4.52,1.56
2022,2023-01-03,Arsenal,Newcastle United,1.8,3.8,4.33,1.73,3.8,4.75,1.85,3.99,4.75,1.82,3.83,4.39
2022,2023-01-03,Everton,Brighton,3.5,3.5,2.1,3.2,3.3,2.38,3.68,3.55,2.18,3.56,3.46,2.13
2022,2023-01-03,Leicester City,Fulham,2.2,3.6,3.1,2.3,3.5,2.9,2.28,3.78,3.3,2.23,3.63,3.16
2022,2023-01-03,Manchester United,Bournemouth,1.29,5.5,11.0,1.25,6.0,11.0,1.32,6.2,11.5,1.29,5.94,10.56
2022,2023-01-04,Aston Villa,Wolverhampton Wanderers,1.95,3.6,4.0,1.95,3.5,4.0,2.04,3.76,4.0,1.99,3.57,3.86
2022,2023-01-04,Crystal Palace,Tottenham Hotspur,3.4,3.5,2.15,3.3,3.4,2.2,3.5,3.64,2.23,3.34,3.48,2.19
2022,2023-01-04,Leeds United,West Ham United,2.6,3.5,2.6,2.88,3.4,2.45,2.7,3.7,2.76,2.62,3.52,2.65
2022,2023-01-04,Southampton,Nottingham Forest,2.0,3.5,3.8,2.3,3.3,3.2,2.12,3.6,4.2,2.03,3.46,3.82
2022,2023-01-05,Chelsea,Manchester City,5.0,4.0,1.67,5.0,4.0,1.62,5.6,4.25,1.74,5.17,4.03,1.66
2022,2023-01-12,Fulham,Chelsea,3.3,3.5,2.15,3.8,3.5,1.95,3.52,3.74,2.23,3.36,3.54,2.18
2022,2023-01-13,Aston Villa,Leeds United,1.91,3.6,4.0,2.0,3.5,3.8,2.0,3.75,4.2,1.94,3.63,4.02
2022,2023-01-14,Brentford,Bournemouth,1.65,4.0,5.25,1.6,4.0,5.75,1.71,4.35,5.55,1.66,4.09,5.2
2022,2023-01-14,Brighton,Liverpool,3.4,3.6,2.1,2.8,3.75,2.3,3.55,3.95,2.2,3.31,3.76,2.12
2022,2023-01-14,Everton,Southampton,2.25,3.25,3.3,2.38,3.2,3.1,2.32,3.55,3.4,2.25,3.39,3.32
2022,2023-01-14,Manchester United,Manchester City,4.2,3.6,1.85,4.0,3.9,1.83,4.36,4.15,1.88,4.21,3.9,1.84
2022,2023-01-14,Nottingham Forest,Leicester City,2.7,3.3,2.63,2.63,3.2,2.8,2.8,3.55,2.75,2.72,3.4,2.65
2022,2023-01-14,Wolverhampton Wanderers,West Ham United,2.63,3.3,2.7,2.4,3.2,3.0,2.8,3.41,2.83,2.7,3.27,2.75
2022,2023-01-15,Chelsea,Crystal Palace,1.62,4.0,5.25,1.85,3.5,4.5,1.7,4.35,5.77,1.66,3.93,5.47
2022,2023-01-15,Newcastle United,Fulham,1.5,4.33,6.5,1.5,4.33,6.5,1.56,4.6,6.75,1.52,4.42,6.32
2022,2023-01-15,Tottenham Hotspur,Arsenal,3.1,3.6,2.2,3.25,3.5,2.2,3.38,3.85,2.24,3.24,3.63,2.18
2022,2023-01-18,Crystal Palace,Manchester United,4.5,3.6,1.8,5.5,4.0,1.65,4.7,3.9,1.84,4.56,3.78,1.8
2022,2023-01-19,Manchester City,Tottenham Hotspur,1.36,5.0,8.5,1.5,4.5,6.0,1.4,5.75,9.2,1.37,5.41,8.06
2022,2023-01-21,Bournemouth,Nottingham Forest,2.75,3.1,2.75,2.75,3.1,2.63,2.86,3.35,2.88,2.76,3.18,2.76
2022,2023-01-21,Crystal Palace,Newcastle United,4.4,3.5,1.85,4.5,3.6,1.8,4.9,3.83,1.92,4.4,3.58,1.88
2022,2023-01-21,Leicester City,Brighton,3.6,3.5,2.05,4.0,3.8,1.85,3.61,3.89,2.14,3.51,3.65,2.08
2022,2023-01-21,Liverpool,Chelsea,1.85,3.75,4.0,2.0,3.6,3.6,1.94,3.98,4.25,1.89,3.82,4.08
2022,2023-01-21,Southampton,Aston Villa,2.88,3.25,2.55,2.6,3.2,2.9,2.96,3.5,2.58,2.88,3.38,2.53
2022,2023-01-21,West Ham United,Everton,1.8,3.75,4.75,1.83,3.5,4.5,1.85,3.93,5.25,1.8,3.68,4.76
2022,2023-01-22,Arsenal,Manchester United,1.8,3.8,4.2,1.83,3.75,4.2,1.91,4.1,4.35,1.86,3.86,4.08
2022,2023-01-22,Leeds United,Brentford,2.38,3.6,2.88,2.3,3.6,3.0,2.44,3.9,2.99,2.38,3.67,2.89
2022,2023-01-22,Manchester City,Wolverhampton Wanderers,1.2,8.0,11.0,1.25,6.5,9.0,1.22,8.0,17.5,1.2,7.38,14.81
2022,2023-01-23,Fulham,Tottenham Hotspur,3.3,3.6,2.1,3.25,3.75,2.1,3.4,3.98,2.19,3.25,3.75,2.13
2022,2023-02-03,Chelsea,Fulham,1.62,4.0,5.25,1.57,4.0,6.0,1.67,4.2,5.8,1.64,4.05,5.55
2022,2023-02-04,Aston Villa,Leicester City,1.95,3.6,3.8,2.1,3.5,3.4,2.04,3.8,3.95,1.99,3.64,3.83
2022,2023-02-04,Brentford,Southampton,1.85,3.6,4.2,1.75,3.75,4.75,1.94,3.76,4.36,1.89,3.64,4.21
2022,2023-02-04,Brighton,Bournemouth,1.33,5.25,8.5,1.36,5.0,7.5,1.38,5.5,10.0,1.35,5.22,9.18
2022,2023-02-04,Everton,Arsenal,8.5,4.5,1.4,8.5,4.2,1.44,8.93,5.0,1.45,8.22,4.75,1.41
2022,2023-02-04,Manchester United,Crystal Palace,1.4,4.75,8.0,1.36,5.0,8.0,1.44,5.0,9.0,1.4,4.83,8.33
2022,2023-02-04,Newcastle United,West Ham United,1.6,3.8,6.0,1.65,3.8,5.5,1.65,4.1,6.5,1.62,3.92,6.03
2022,2023-02-04,Wolverhampton Wanderers,Liverpool,4.0,3.8,1.85,3.75,3.8,1.91,4.2,4.1,1.92,4.02,3.85,1.88
2022,2023-02-05,Nottingham Forest,Leeds United,2.63,3.3,2.7,2.75,3.3,2.6,2.71,3.6,2.76,2.64,3.43,2.71
2022,2023-02-05,Tottenham Hotspur,Manchester City,4.33,4.2,1.73,3.8,3.8,1.91,4.65,4.4,1.79,4.43,4.16,1.75
2022,2023-02-08,Manchester United,Leeds United,1.45,5.0,6.0,1.53,4.5,5.75,1.48,5.1,7.0,1.47,4.83,6.54
2022,2023-02-11,Arsenal,Brentford,1.44,4.75,7.0,1.5,4.33,6.5,1.49,4.9,8.0,1.45,4.72,7.52
2022,2023-02-11,Bournemouth,Newcastle United,6.5,4.0,1.53,5.75,3.8,1.62,6.7,4.24,1.61,6.39,4.06,1.57
2022,2023-02-11,Crystal Palace,Brighton,3.8,3.5,2.0,4.75,3.75,1.75,3.97,3.64,2.08,3.81,3.51,2.04
2022,2023-02-11,Fulham,Nottingham Forest,1.91,3.5,4.33,1.91,3.5,4.33,1.98,3.7,4.5,1.93,3.56,4.22
2022,2023-02-11,Leicester City,Tottenham Hotspur,3.4,3.6,2.1,3.5,3.75,2.0,3.52,3.84,2.18,3.39,3.64,2.13
2022,2023-02-11,Southampton,Wolverhampton Wanderers,2.9,3.2,2.55,3.0,3.2,2.5,3.2,3.3,2.6,3.03,3.18,2.54
2022,2023-02-11,West Ham United,Chelsea,3.3,3.3,2.25,3.4,3.3,2.2,3.51,3.41,2.33,3.4,3.29,2.27
2022,2023-02-12,Leeds United,Manchester United,3.75,3.8,1.91,3.6,3.8,1.95,4.1,4.06,1.98,3.86,3.85,1.92
2022,2023-02-12,Manchester City,Aston Villa,1.25,6.5,11.0,1.33,5.25,9.0,1.27,7.1,13.5,1.25,6.59,11.89
2022,2023-02-13,Liverpool,Everton,1.5,4.33,6.5,1.62,4.0,5.5,1.58,4.62,6.52,1.53,4.38,6.23
2022,2023-02-15,Arsenal,Manchester City,2.9,3.5,2.35,3.2,3.4,2.25,3.04,3.65,2.51,2.93,3.51,2.42
2022,2023-02-18,Aston Villa,Arsenal,4.5,3.6,1.5,4.2,3.6,1.91,4.6,3.86,1.87,4.43,3.71,1.84
2022,2023-02-18,Brentford,Crystal Palace,1.83,3.5,4.5,1.8,3.5,4.75,1.9,3.7,4.9,1.86,3.54,4.59
2022,2023-02-18,Brighton,Fulham,1.65,3.8,5.5,1.5,4.2,6.0,1.7,4.2,5.6,1.67,4.06,5.15
2022,2023-02-18,Chelsea,Southampton,1.4,4.75,8.5,1.4,4.5,8.0,1.41,5.0,10.0,1.38,4.76,9.42
2022,2023-02-18,Everton,Leeds United,2.4,3.3,3.0,2.7,3.2,2.7,2.55,3.4,3.09,2.48,3.31,2.99
2022,2023-02-18,Newcastle United,Liverpool,2.5,3.5,2.7,2.45,3.4,2.8,2.7,3.65,2.83,2.57,3.51,2.75
2022,2023-02-18,Nottingham Forest,Manchester City,8.5,5.5,1.3,10.0,5.5,1.29,11.0,5.9,1.34,10.01,5.62,1.31
2022,2023-02-18,Wolverhampton Wanderers,Bournemouth,1.67,3.6,6.0,1.75,3.6,4.75,1.72,3.95,6.1,1.68,3.81,5.53
2022,2023-02-19,Manchester United,Leicester City,1.62,4.33,5.25,1.55,4.5,5.75,1.66,4.5,5.5,1.62,4.32,5.22
2022,2023-02-19,Tottenham Hotspur,West Ham United,1.75,3.6,4.75,1.83,3.4,4.5,1.88,3.86,4.75,1.83,3.76,4.39
2022,2023-02-24,Fulham,Wolverhampton Wanderers,2.5,3.2,3.0,2.63,3.2,2.8,2.65,3.38,3.1,2.54,3.22,3.0
2022,2023-02-25,Bournemouth,Manchester City,10.0,5.75,1.29,8.5,5.0,1.36,11.5,6.2,1.33,10.21,5.81,1.3
2022,2023-02-25,Crystal Palace,Liverpool,4.75,3.8,1.73,4.75,4.0,1.67,5.0,4.1,1.79,4.7,3.93,1.74
2022,2023-02-25,Everton,Aston Villa,2.5,3.2,3.0,2.5,3.2,3.0,2.62,3.31,3.06,2.54,3.21,2.98
2022,2023-02-25,Leeds United,Southampton,1.95,3.5,4.0,1.95,3.6,3.8,2.05,3.72,4.2,1.99,3.57,3.89
2022,2023-02-25,Leicester City,Arsenal,4.75,4.0,1.7,6.0,4.2,1.55,5.0,4.3,1.74,4.73,4.09,1.71
2022,2023-02-25,West Ham United,Nottingham Forest,1.75,3.6,5.0,1.67,3.8,5.5,1.83,3.7,5.2,1.78,3.61,4.97
2022,2023-02-26,Tottenham Hotspur,Chelsea,2.55,3.25,2.9,3.0,3.3,2.45,2.65,3.44,3.0,2.54,3.33,2.91
2022,2023-03-01,Arsenal,Everton,1.36,4.75,10.0,1.3,5.0,11.0,1.4,5.4,10.0,1.36,5.04,9.33
2022,2023-03-01,Liverpool,Wolverhampton Wanderers,1.5,4.75,6.0,1.5,4.33,6.5,1.52,4.8,7.0,1.49,4.59,6.6
2022,2023-03-04,Arsenal,Bournemouth,1.22,7.0,12.0,1.2,6.5,12.0,1.24,7.3,15.0,1.22,6.82,13.83
2022,2023-03-04,Aston Villa,Crystal Palace,2.05,3.3,3.8,2.15,3.25,3.5,2.12,3.5,4.1,2.07,3.32,3.88
2022,2023-03-04,Brighton,West Ham United,1.8,3.6,4.5,1.67,4.0,5.0,1.84,4.0,4.9,1.79,3.8,4.61
2022,2023-03-04,Chelsea,Leeds United,1.62,4.0,5.5,1.6,4.0,6.0,1.67,4.18,5.9,1.64,4.02,5.52
2022,2023-03-04,Manchester City,Newcastle United,1.45,4.5,7.0,1.5,4.33,6.5,1.52,4.8,7.0,1.48,4.59,6.76
2022,2023-03-04,Southampton,Leicester City,2.75,3.3,2.6,2.75,3.3,2.55,2.89,3.5,2.73,2.77,3.31,2.64
2022,2023-03-04,Wolverhampton Wanderers,Tottenham Hotspur,3.3,3.4,2.2,3.2,3.3,2.3,3.41,3.48,2.34,3.31,3.36,2.27
2022,2023-03-05,Liverpool,Manchester United,2.38,3.6,2.88,2.4,3.6,2.8,2.5,3.92,2.97,2.4,3.68,2.85
2022,2023-03-05,Nottingham Forest,Everton,2.7,3.0,2.88,3.1,3.0,2.55,2.75,3.26,3.02,2.68,3.08,2.92
2022,2023-03-06,Brentford,Fulham,1.95,3.6,3.75,1.95,3.6,3.75,2.05,3.83,3.92,2.0,3.65,3.71
2022,2023-03-11,Bournemouth,Liverpool,7.5,5.0,1.4,7.5,5.0,1.4,7.5,5.3,1.46,7.07,4.95,1.43
2022,2023-03-11,Crystal Palace,Manchester City,9.0,4.75,1.36,10.0,5.0,1.33,9.8,5.5,1.38,9.05,5.12,1.36
2022,2023-03-11,Everton,Brentford,2.7,3.25,2.7,2.63,3.1,2.9,2.8,3.31,2.85,2.71,3.2,2.76
2022,2023-03-11,Leeds United,Brighton,3.75,3.6,1.95,4.2,3.6,1.85,4.1,3.86,2.02,3.84,3.67,1.97
2022,2023-03-11,Leicester City,Chelsea,3.75,3.5,1.95,3.8,3.6,1.91,3.98,3.78,2.08,3.83,3.56,2.0
2022,2023-03-11,Tottenham Hotspur,Nottingham Forest,1.44,4.75,7.0,1.44,4.75,7.0,1.48,4.8,8.0,1.44,4.62,7.52
2022,2023-03-12,Fulham,Arsenal,6.0,4.0,1.57,7.5,4.75,1.4,6.2,4.33,1.63,5.74,4.17,1.59
2022,2023-03-12,Manchester United,Southampton,1.36,5.0,9.0,1.29,5.5,11.0,1.37,5.6,10.01,1.34,5.26,9.22
2022,2023-03-12,Newcastle United,Wolverhampton Wanderers,1.65,3.75,5.5,1.62,3.8,5.5,1.72,3.97,5.8,1.67,3.81,5.47
2022,2023-03-12,West Ham United,Aston Villa,2.2,3.3,3.4,2.3,3.25,3.2,2.29,3.56,3.5,2.23,3.37,3.36
2022,2023-03-15,Brighton,Crystal Palace,1.44,4.2,8.0,1.33,5.0,9.0,1.49,4.7,8.0,1.46,4.44,7.58
2022,2023-03-15,Southampton,Brentford,2.88,3.25,2.5,3.3,3.2,2.3,3.13,3.45,2.5,2.97,3.31,2.46
2022,2023-03-17,Nottingham Forest,Newcastle United,5.5,3.8,1.62,5.25,3.6,1.7,6.0,3.96,1.74,5.58,3.83,1.67
2022,2023-03-18,Aston Villa,Bournemouth,1.7,3.8,5.0,1.73,3.8,4.75,1.76,4.0,5.3,1.72,3.85,4.99
2022,2023-03-18,Brentford,Leicester City,1.91,3.6,3.75,1.83,3.75,4.0,2.01,3.89,4.1,1.95,3.7,3.85
2022,2023-03-18,Chelsea,Everton,1.5,4.2,7.5,1.45,4.2,8.0,1.54,4.34,8.2,1.49,4.18,7.62
2022,2023-03-18,Southampton,Tottenham Hotspur,4.75,3.6,1.75,4.5,3.6,1.8,4.75,3.85,1.88,4.56,3.68,1.82
2022,2023-03-18,Wolverhampton Wanderers,Leeds United,2.25,3.2,3.3,2.25,3.2,3.3,2.35,3.42,3.56,2.28,3.23,3.41
2022,2023-03-19,Arsenal,Crystal Palace,1.25,5.5,15.0,1.25,5.5,11.0,1.29,6.42,15.5,1.26,5.93,12.83
2022,2023-04-01,Arsenal,Leeds United,1.29,6.0,9.0,1.25,6.5,9.5,1.31,6.25,12.0,1.29,5.84,10.48
2022,2023-04-01,Bournemouth,Fulham,2.55,3.3,2.8,2.5,3.25,2.9,2.63,3.52,2.92,2.56,3.34,2.84
2022,2023-04-01,Brighton,Brentford,1.67,4.0,5.0,1.57,4.2,5.75,1.72,4.33,5.25,1.67,4.08,5.05
2022,2023-04-01,Chelsea,Aston Villa,1.67,3.8,5.25,1.6,3.8,6.0,1.74,4.0,5.75,1.68,3.83,5.4
2022,2023-04-01,Crystal Palace,Leicester City,2.5,3.25,2.9,2.38,3.3,3.1,2.62,3.4,3.05,2.54,3.24,2.94
2022,2023-04-01,Manchester City,Liverpool,1.62,4.2,5.0,1.65,4.2,5.0,1.7,4.4,5.5,1.64,4.2,5.19
2022,2023-04-01,Nottingham Forest,Wolverhampton Wanderers,3.0,3.1,2.55,3.3,3.1,2.38,3.15,3.3,2.7,2.96,3.13,2.61
2022,2023-04-02,Newcastle United,Manchester United,2.4,3.4,2.9,2.25,3.5,3.1,2.49,3.62,3.11,2.41,3.45,2.96
2022,2023-04-02,West Ham United,Southampton,1.73,3.6,5.0,1.73,3.6,5.0,1.8,4.0,5.1,1.76,3.74,4.87
2022,2023-04-03,Everton,Tottenham Hotspur,3.4,3.3,2.2,3.75,3.3,2.05,3.55,3.55,2.26,3.41,3.36,2.21
2022,2023-04-04,Bournemouth,Brighton,6.0,4.2,1.53,5.75,4.2,1.53,6.5,4.5,1.61,5.94,4.29,1.57
2022,2023-04-04,Chelsea,Liverpool,2.2,3.4,3.25,2.2,3.5,3.3,2.35,3.58,3.46,2.25,3.46,3.28
2022,2023-04-04,Leeds United,Nottingham Forest,1.7,3.75,5.0,1.62,4.0,5.5,1.75,4.1,5.5,1.73,3.83,5.05
2022,2023-04-04,Leicester City,Aston Villa,2.55,3.3,2.75,2.7,3.4,2.63,2.7,3.6,2.85,2.58,3.41,2.79
2022,2023-04-05,Manchester United,Brentford,1.65,4.0,5.0,1.57,4.2,5.25,1.71,4.4,5.3,1.65,4.17,5.07
2022,2023-04-05,West Ham United,Newcastle United,3.6,3.25,2.15,3.5,3.1,2.25,3.67,3.53,2.2,3.53,3.41,2.15
2022,2023-04-08,Aston Villa,Nottingham Forest,1.6,4.2,5.25,1.57,4.2,5.5,1.65,4.3,6.0,1.62,4.09,5.55
2022,2023-04-08,Brentford,Newcastle United,3.6,3.4,2.05,4.0,3.6,1.91,3.7,3.58,2.15,3.57,3.46,2.1
2022,2023-04-08,Fulham,West Ham United,2.8,3.25,2.63,2.9,3.2,2.5,2.86,3.33,2.75,2.79,3.24,2.66
2022,2023-04-08,Leicester City,Bournemouth,1.83,3.75,4.2,2.05,3.4,3.75,1.92,3.85,4.33,1.88,3.72,4.11
2022,2023-04-08,Manchester United,Everton,1.5,4.33,6.5,1.57,4.0,6.0,1.54,4.5,7.5,1.5,4.37,6.75
2022,2023-04-08,Southampton,Manchester City,11.0,6.0,1.25,13.0,6.5,1.22,13.5,6.6,1.27,12.48,6.19,1.25
2022,2023-04-08,Tottenham Hotspur,Brighton,2.55,3.5,2.7,2.7,3.5,2.5,2.63,3.71,2.75,2.56,3.56,2.69
2022,2023-04-08,Wolverhampton Wanderers,Chelsea,4.2,3.5,1.91,4.75,3.6,1.75,4.3,3.61,2.0,4.14,3.47,1.95
2022,2023-04-09,Leeds United,Crystal Palace,2.1,3.4,3.6,2.0,3.5,3.6,2.16,3.55,3.7,2.11,3.41,3.59
2022,2023-04-09,Liverpool,Arsenal,2.88,3.6,2.38,2.7,3.5,2.5,2.95,3.88,2.5,2.79,3.69,2.41
2022,2023-04-15,Aston Villa,Newcastle United,3.6,3.4,2.05,3.4,3.4,2.15,3.8,3.56,2.19,3.61,3.42,2.13
2022,2023-04-15,Chelsea,Brighton,2.63,3.4,2.63,3.0,3.4,2.38,2.75,3.58,2.75,2.67,3.42,2.68
2022,2023-04-15,Everton,Fulham,2.05,3.4,3.7,2.2,3.3,3.3,2.12,3.56,3.9,2.07,3.39,3.78
2022,2023-04-15,Manchester City,Leicester City,1.14,8.5,15.0,1.14,8.5,15.0,1.18,9.6,21.0,1.16,8.49,17.32
2022,2023-04-15,Southampton,Crystal Palace,2.8,3.1,2.7,2.88,3.1,2.7,2.93,3.34,2.75,2.82,3.2,2.68
2022,2023-04-15,Tottenham Hotspur,Bournemouth,1.45,4.5,7.0,1.45,4.5,6.5,1.52,4.9,7.3,1.47,4.6,6.83
2022,2023-04-15,Wolverhampton Wanderers,Brentford,2.45,3.1,3.0,2.8,3.1,2.63,2.59,3.38,3.15,2.52,3.23,3.0
2022,2023-04-16,Nottingham Forest,Manchester United,5.5,4.0,1.62,4.75,4.0,1.7,5.5,4.1,1.75,5.0,3.96,1.69
2022,2023-04-16,West Ham United,Arsenal,6.0,4.2,1.55,5.25,4.2,1.62,6.2,4.4,1.61,5.92,4.22,1.57
2022,2023-04-17,Leeds United,Liverpool,4.2,4.2,1.73,4.5,4.2,1.67,4.54,4.6,1.77,4.35,4.22,1.73
2022,2023-04-21,Arsenal,Southampton,1.2,7.0,13.0,1.2,7.0,12.0,1.23,7.9,17.0,1.2,7.18,14.72
2022,2023-04-22,Brentford,Aston Villa,2.5,3.25,2.88,2.63,3.25,2.75,2.61,3.53,2.9,2.53,3.38,2.84
2022,2023-04-22,Crystal Palace,Everton,2.05,3.2,3.75,1.91,3.25,4.33,2.18,3.35,4.1,2.11,3.25,3.83
2022,2023-04-22,Fulham,Leeds United,2.3,3.4,3.1,2.3,3.5,3.0,2.47,3.55,3.1,2.38,3.44,3.01
2022,2023-04-22,Leicester City,Wolverhampton Wanderers,2.38,3.3,3.0,2.38,3.3,3.0,2.5,3.36,3.21,2.45,3.27,3.05
2022,2023-04-22,Liverpool,Nottingham Forest,1.17,7.5,17.0,1.18,8.0,15.0,1.21,8.2,19.5,1.18,7.64,16.06
2022,2023-04-23,Bournemouth,West Ham United,2.88,3.2,2.55,3.0,3.25,2.45,2.91,3.35,2.75,2.83,3.25,2.61
2022,2023-04-23,Newcastle United,Tottenham Hotspur,1.83,3.75,4.2,1.91,3.75,4.0,1.92,4.0,4.4,1.85,3.81,4.22
2022,2023-04-25,Aston Villa,Fulham,1.75,4.0,4.2,1.73,3.8,4.75,1.84,4.1,4.6,1.8,3.87,4.43
2022,2023-04-25,Leeds United,Leicester City,2.3,3.5,3.0,2.25,3.6,3.0,2.45,3.67,3.1,2.37,3.54,2.98
2022,2023-04-25,Wolverhampton Wanderers,Crystal Palace,2.45,3.2,3.0,2.25,3.0,3.6,2.58,3.23,3.25,2.52,3.14,3.09
2022,2023-04-26,Chelsea,Brentford,1.7,4.0,4.75,1.83,3.6,4.33,1.75,4.1,5.25,1.71,3.89,5.02
2022,2023-04-26,Manchester City,Arsenal,1.55,4.5,5.25,1.62,4.0,5.25,1.61,4.8,6.4,1.56,4.49,5.7
2022,2023-04-26,Nottingham Forest,Brighton,6.0,4.2,1.53,5.25,4.33,1.57,6.5,4.6,1.58,6.08,4.36,1.54
2022,2023-04-26,West Ham United,Liverpool,3.9,3.9,1.85,3.5,3.75,2.0,4.2,4.0,1.92,3.96,3.86,1.88
2022,2023-04-27,Everton,Newcastle United,4.75,3.6,1.73,4.5,3.6,1.8,5.2,3.88,1.81,4.84,3.7,1.77
2022,2023-04-27,Southampton,Bournemouth,2.25,3.4,3.2,2.5,3.25,2.8,2.39,3.57,3.22,2.3,3.43,3.15
2022,2023-04-27,Tottenham Hotspur,Manchester United,2.8,3.6,2.4,2.9,3.75,2.25,2.85,3.82,2.53,2.79,3.65,2.44
2022,2023-04-29,Brentford,Nottingham Forest,1.65,3.8,5.5,1.73,3.6,5.0,1.7,4.0,5.7,1.66,3.88,5.5
2022,2023-04-29,Brighton,Wolverhampton Wanderers,1.5,4.33,6.5,1.6,4.2,5.5,1.54,4.6,7.0,1.51,4.37,6.69
2022,2023-04-29,Crystal Palace,West Ham United,2.63,3.25,2.75,2.4,3.2,2.9,2.88,3.28,2.9,2.7,3.18,2.81
2022,2023-04-30,Bournemouth,Leeds United,2.55,3.5,2.7,2.45,3.4,2.9,2.67,3.62,2.75,2.61,3.5,2.68
2022,2023-04-30,Fulham,Manchester City,12.0,6.0,1.25,9.0,6.0,1.29,13.0,6.6,1.28,11.95,6.23,1.25
2022,2023-04-30,Liverpool,Tottenham Hotspur,1.53,4.5,5.75,1.53,4.75,5.5,1.6,5.0,6.05,1.54,4.69,5.68
2022,2023-04-30,Manchester United,Aston Villa,1.73,3.9,4.6,1.73,4.0,4.33,1.83,4.1,4.7,1.78,3.94,4.35
2022,2023-04-30,Newcastle United,Southampton,1.3,5.25,10.0,1.25,6.0,11.0,1.35,6.0,11.0,1.32,5.46,9.9
2022,2023-05-01,Leicester City,Everton,2.0,3.5,3.75,1.95,3.5,3.9,2.1,3.6,4.0,2.04,3.45,3.79
2022,2023-05-02,Arsenal,Chelsea,1.6,4.0,5.5,1.57,4.33,5.5,1.64,4.4,6.1,1.59,4.22,5.75
2022,2023-05-03,Liverpool,Fulham,1.25,5.75,11.0,1.3,5.75,9.0,1.3,7.0,12.0,1.26,6.39,10.73
2022,2023-05-03,Manchester City,West Ham United,1.2,7.0,13.0,1.17,8.0,13.0,1.23,8.0,15.0,1.2,7.21,13.79
2022,2023-05-04,Brighton,Manchester United,1.95,3.5,3.75,2.15,3.8,3.1,2.08,4.02,3.75,2.03,3.82,3.5
2022,2023-05-06,Bournemouth,Chelsea,3.3,3.5,2.15,3.5,3.6,2.05,3.53,3.59,2.24,3.42,3.47,2.17
2022,2023-05-06,Liverpool,Brentford,1.44,5.0,6.0,1.4,5.0,6.5,1.52,5.3,6.5,1.48,4.91,6.16
2022,2023-05-06,Manchester City,Leeds United,1.17,8.5,15.0,1.17,8.5,15.0,1.19,9.3,19.0,1.17,8.41,15.94
2022,2023-05-06,Tottenham Hotspur,Crystal Palace,1.8,3.8,4.2,1.8,3.75,4.5,1.87,4.1,4.4,1.82,3.92,4.21
2022,2023-05-06,Wolverhampton Wanderers,Aston Villa,2.88,3.3,2.5,3.1,3.3,2.3,3.09,3.38,2.56,2.98,3.26,2.51
2022,2023-05-07,Newcastle United,Arsenal,2.45,3.75,2.63,2.25,3.8,2.9,2.6,3.94,2.85,2.49,3.73,2.71
2022,2023-05-07,West Ham United,Manchester United,3.4,3.75,2.05,3.5,3.6,2.05,3.58,3.9,2.13,3.43,3.74,2.08
2022,2023-05-08,Brighton,Everton,1.33,5.25,9.0,1.33,5.5,8.0,1.39,5.6,9.2,1.35,5.3,8.47
2022,2023-05-08,Fulham,Leicester City,2.63,3.5,2.6,2.63,3.3,2.7,2.8,3.7,2.68,2.67,3.53,2.6
2022,2023-05-08,Nottingham Forest,Southampton,2.1,3.6,3.4,1.95,3.5,3.8,2.2,3.72,3.54,2.13,3.52,3.46
2022,2023-05-13,Aston Villa,Tottenham Hotspur,2.25,3.6,2.9,2.2,3.6,3.0,2.38,3.78,3.14,2.3,3.6,3.03
2022,2023-05-13,Chelsea,Nottingham Forest,1.5,4.5,6.0,1.57,4.2,5.25,1.55,4.6,7.1,1.51,4.4,6.68
2022,2023-05-13,Crystal Palace,Bournemouth,1.83,3.6,4.2,1.75,3.6,4.5,1.91,3.88,4.4,1.88,3.7,4.18
2022,2023-05-13,Leeds United,Newcastle United,4.33,4.2,1.7,4.75,4.33,1.6,4.8,4.4,1.77,4.62,4.2,1.71
2022,2023-05-13,Manchester United,Wolverhampton Wanderers,1.36,5.0,7.5,1.36,5.0,7.0,1.41,5.4,9.0,1.38,5.1,8.37
2022,2023-05-13,Southampton,Fulham,2.75,3.3,2.5,2.63,3.5,2.55,2.9,3.64,2.57,2.82,3.44,2.51
2022,2023-05-14,Arsenal,Brighton,1.73,4.2,4.2,1.75,4.2,4.0,1.81,4.5,4.35,1.77,4.19,4.21
2022,2023-05-14,Brentford,West Ham United,2.0,3.5,3.6,1.8,3.6,4.5,2.1,3.71,3.81,2.05,3.56,3.66
2022,2023-05-14,Everton,Manchester City,9.0,4.75,1.36,8.0,5.25,1.33,10.0,5.7,1.39,8.86,5.21,1.36
2022,2023-05-15,Leicester City,Liverpool,5.25,4.33,1.57,4.5,4.2,1.7,5.5,4.9,1.64,5.11,4.59,1.59
2022,2023-05-18,Newcastle United,Brighton,2.0,3.8,3.5,1.8,4.0,4.0,2.07,4.0,3.65,2.02,3.86,3.49
2022,2023-05-20,Bournemouth,Manchester United,6.0,4.75,1.5,7.0,5.25,1.4,6.5,5.1,1.55,6.06,4.77,1.51
2022,2023-05-20,Fulham,Crystal Palace,2.45,3.4,2.9,2.38,3.2,3.2,2.51,3.52,3.11,2.45,3.4,2.97
2022,2023-05-20,Liverpool,Aston Villa,1.45,5.0,6.25,1.5,4.75,6.0,1.53,5.2,6.5,1.49,4.86,6.16
2022,2023-05-20,Nottingham Forest,Arsenal,5.25,4.33,1.57,5.0,4.2,1.62,5.6,4.6,1.7,5.37,4.45,1.59
2022,2023-05-20,Tottenham Hotspur,Brentford,1.83,3.9,4.0,1.91,3.75,3.75,1.9,4.1,4.3,1.85,3.88,4.13
2022,2023-05-20,Wolverhampton Wanderers,Everton,2.75,3.3,2.6,3.1,3.5,2.25,2.88,3.48,2.75,2.77,3.35,2.63
2022,2023-05-21,Brighton,Southampton,1.22,7.0,11.0,1.18,8.0,13.0,1.25,7.6,13.5,1.23,6.91,12.43
2022,2023-05-21,Manchester City,Chelsea,1.25,6.0,11.0,1.57,4.33,5.75,1.28,6.85,13.25,1.26,6.41,11.48
2022,2023-05-21,West Ham United,Leeds United,2.4,3.5,2.88,2.6,3.5,2.63,2.55,3.72,2.93,2.45,3.56,2.84
2022,2023-05-22,Newcastle United,Leicester City,1.36,5.5,7.0,1.3,5.75,9.0,1.42,5.9,8.5,1.38,5.39,7.66
2022,2023-05-24,Brighton,Manchester City,4.0,4.33,1.75,3.8,4.2,1.85,4.22,4.5,1.85,3.97,4.22,1.81
2022,2023-05-25,Manchester United,Chelsea,1.6,4.33,5.0,1.53,4.5,5.75,1.7,4.65,5.4,1.63,4.35,5.12
2022,2023-05-28,Arsenal,Wolverhampton Wanderers,1.36,5.25,8.0,1.29,6.0,10.0,1.43,5.7,8.5,1.37,5.33,7.87
2022,2023-05-28,Aston Villa,Brighton,2.0,3.6,3.5,1.85,4.0,3.8,2.1,4.08,3.55,2.04,3.88,3.37
2022,2023-05-28,Brentford,Manchester City,3.8,4.0,1.83,3.2,3.5,2.15,4.05,4.3,1.92,3.88,4.01,1.87
2022,2023-05-28,Chelsea,Newcastle United,2.9,3.5,2.38,2.63,3.75,2.5,3.0,3.86,2.48,2.87,3.64,2.38
2022,2023-05-28,Crystal Palace,Nottingham Forest,1.67,4.0,5.0,1.6,4.0,5.75,1.74,4.4,5.0,1.69,4.15,4.77
2022,2023-05-28,Everton,Bournemouth,1.5,4.5,6.5,1.62,4.0,5.25,1.53,5.0,7.25,1.49,4.61,6.58
2022,2023-05-28,Leeds United,Tottenham Hotspur,2.75,3.8,2.3,2.75,4.0,2.38,2.88,4.1,2.45,2.77,3.84,2.37
2022,2023-05-28,Leicester City,West Ham United,1.91,3.8,3.6,1.95,4.0,3.4,2.0,4.2,3.82,1.94,3.92,3.65
2022,2023-05-28,Manchester United,Fulham,1.5,4.33,6.0,1.45,4.75,6.0,1.56,4.9,6.0,1.53,4.59,5.76
2022,2023-05-28,Southampton,Liverpool,6.5,4.75,1.44,5.5,4.5,1.5,7.1,5.6,1.46,6.74,5.2,1.42
2023,2023-08-11,Burnley,Manchester City,8.0,5.5,1.33,9.0,5.25,1.33,9.5,5.68,1.39,9.02,5.35,1.35
2023,2023-08-12,Arsenal,Nottingham Forest,1.18,7.0,15.0,1.18,7.0,15.0,1.21,8.5,17.5,1.18,7.64,15.67
2023,2023-08-12,Bournemouth,West Ham United,2.7,3.4,2.55,2.63,3.5,2.6,2.8,3.62,2.75,2.69,3.44,2.64
2023,2023-08-12,Brighton,Luton Town,1.33,5.5,9.0,1.25,6.5,11.0,1.36,6.0,10.5,1.33,5.52,9.61
2023,2023-08-12,Everton,Fulham,2.2,3.4,3.3,2.3,3.2,3.2,2.3,3.57,3.45,2.24,3.43,3.3
2023,2023-08-12,Newcastle United,Aston Villa,1.75,3.75,4.6,1.62,4.0,5.25,1.8,4.1,4.9,1.76,3.88,4.61
2023,2023-08-12,Sheffield United,Crystal Palace,3.0,3.3,2.38,3.6,3.2,2.15,3.31,3.42,2.48,3.12,3.24,2.41
2023,2023-08-13,Brentford,Tottenham Hotspur,2.75,3.4,2.45,2.5,3.6,2.63,2.85,3.83,2.6,2.73,3.63,2.5
2023,2023-08-13,Chelsea,Liverpool,2.9,3.4,2.38,3.1,3.6,2.15,3.05,3.82,2.48,2.87,3.64,2.39
2023,2023-08-14,Manchester United,Wolverhampton Wanderers,1.33,5.5,9.0,1.25,6.0,10.0,1.34,6.0,11.0,1.31,5.65,9.85
2023,2023-08-18,Nottingham Forest,Sheffield United,1.95,3.4,4.0,1.91,3.4,4.2,2.0,3.6,4.5,1.95,3.43,4.25
2023,2023-08-19,Fulham,Brentford,2.7,3.3,2.63,2.8,3.2,2.63,2.8,3.58,2.73,2.72,3.4,2.63
2023,2023-08-19,Liverpool,Bournemouth,1.2,7.0,13.0,1.2,7.5,12.0,1.26,7.5,13.0,1.23,6.86,11.82
2023,2023-08-19,Manchester City,Newcastle United,1.67,4.0,5.0,1.83,3.75,4.33,1.75,4.3,5.2,1.7,4.07,4.83
2023,2023-08-19,Tottenham Hotspur,Manchester United,2.8,3.6,2.38,3.0,3.75,2.2,2.95,3.96,2.46,2.84,3.75,2.37
2023,2023-08-19,Wolverhampton Wanderers,Brighton,4.0,3.8,1.85,4.2,4.0,1.8,4.25,4.0,1.97,4.0,3.81,1.89
2023,2023-08-20,Aston Villa,Everton,1.7,4.0,4.5,1.8,3.8,4.2,1.76,4.1,5.4,1.7,3.91,5.0
2023,2023-08-20,West Ham United,Chelsea,3.75,3.5,2.0,3.1,3.6,2.15,3.86,3.75,2.12,3.66,3.57,2.04
2023,2023-08-21,Crystal Palace,Arsenal,5.5,4.0,1.6,4.2,3.4,1.91,6.0,4.33,1.68,5.79,4.06,1.6
2023,2023-08-25,Chelsea,Luton Town,1.29,5.5,11.0,1.25,6.0,11.0,1.33,6.5,13.0,1.29,5.86,10.78
2023,2023-08-26,Arsenal,Fulham,1.2,7.0,13.0,1.3,5.75,10.0,1.27,7.27,15.25,1.23,6.49,13.35
2023,2023-08-26,Bournemouth,Tottenham Hotspur,3.8,3.75,1.91,3.5,3.8,2.0,3.95,4.1,2.05,3.67,3.94,1.95
2023,2023-08-26,Brentford,Crystal Palace,2.15,3.4,3.5,2.15,3.4,3.5,2.2,3.54,3.75,2.14,3.41,3.57
2023,2023-08-26,Brighton,West Ham United,1.53,4.75,5.25,1.5,4.75,5.5,1.58,4.9,6.0,1.53,4.67,5.73
2023,2023-08-26,Everton,Wolverhampton Wanderers,2.3,3.3,3.2,2.4,3.3,2.9,2.42,3.48,3.4,2.32,3.31,3.24
2023,2023-08-26,Manchester United,Nottingham Forest,1.3,6.0,8.0,1.36,5.0,8.0,1.34,6.2,10.0,1.31,5.79,9.23
2023,2023-08-27,Burnley,Aston Villa,3.4,3.4,2.15,3.2,3.4,2.25,3.46,3.7,2.22,3.36,3.55,2.16
2023,2023-08-27,Newcastle United,Liverpool,2.2,3.75,3.0,2.2,3.75,3.1,2.3,4.1,3.18,2.2,3.9,3.03
2023,2023-08-27,Sheffield United,Manchester City,13.0,8.0,1.17,12.0,7.0,1.2,19.5,8.6,1.21,16.67,7.51,1.18
2023,2023-09-01,Luton Town,West Ham United,4.75,3.8,1.73,4.5,4.0,1.73,5.0,4.2,1.78,4.7,3.94,1.74
2023,2023-09-02,Brentford,Bournemouth,1.73,3.8,4.75,1.73,4.0,4.5,1.77,4.3,4.94,1.72,4.06,4.67
2023,2023-09-02,Brighton,Newcastle United,2.5,3.8,2.55,2.5,3.8,2.5,2.62,4.1,2.61,2.55,3.87,2.55
2023,2023-09-02,Burnley,Tottenham Hotspur,3.6,4.0,1.85,3.5,3.8,1.95,3.99,4.2,1.93,3.83,3.99,1.88
2023,2023-09-02,Chelsea,Nottingham Forest,1.4,4.5,8.5,1.4,4.75,7.5,1.43,5.35,9.0,1.38,5.03,8.27
2023,2023-09-02,Manchester City,Fulham,1.17,8.0,15.0,1.18,8.0,13.0,1.18,9.7,22.0,1.15,8.46,17.91
2023,2023-09-02,Sheffield United,Everton,2.9,3.25,2.5,3.1,3.4,2.38,3.15,3.36,2.59,3.01,3.23,2.5
2023,2023-09-03,Arsenal,Manchester United,1.75,3.8,4.5,1.75,4.1,4.2,1.83,4.25,4.7,1.77,4.04,4.38
2023,2023-09-03,Crystal Palace,Wolverhampton Wanderers,1.91,3.3,4.33,1.85,3.4,4.5,2.01,3.62,4.5,1.95,3.45,4.15
2023,2023-09-03,Liverpool,Aston Villa,1.65,4.5,4.5,1.6,4.75,4.75,1.71,4.7,4.9,1.66,4.49,4.57
2023,2023-09-16,Aston Villa,Crystal Palace,1.91,3.6,4.0,1.95,3.6,4.0,1.96,3.89,4.21,1.9,3.7,4.07
2023,2023-09-16,Fulham,Luton Town,1.67,3.75,5.5,1.65,3.6,6.0,1.73,4.2,5.5,1.68,3.96,5.18
2023,2023-09-16,Manchester United,Brighton,2.15,4.0,2.88,2.0,4.0,3.25,2.28,4.19,3.07,2.21,3.98,2.96
2023,2023-09-16,Newcastle United,Brentford,1.53,4.2,6.0,1.6,4.0,5.5,1.58,4.6,6.75,1.53,4.37,6.12
2023,2023-09-16,Tottenham Hotspur,Sheffield United,1.29,5.5,11.0,1.29,5.75,10.0,1.31,6.51,12.0,1.28,6.1,10.52
2023,2023-09-16,West Ham United,Manchester City,7.0,4.5,1.45,5.25,4.2,1.6,7.5,4.95,1.53,6.57,4.67,1.48
2023,2023-09-16,Wolverhampton Wanderers,Liverpool,6.0,5.0,1.45,4.33,4.33,1.7,7.5,5.25,1.51,6.64,4.95,1.45
2023,2023-09-17,Bournemouth,Chelsea,4.33,3.75,1.8,4.2,3.75,1.83,4.5,4.2,1.84,4.34,3.96,1.79
2023,2023-09-17,Everton,Arsenal,6.0,4.5,1.5,5.5,4.33,1.55,6.5,4.75,1.57,6.07,4.55,1.52
2023,2023-09-18,Nottingham Forest,Burnley,2.2,3.5,3.25,2.05,3.5,3.5,2.31,3.65,3.41,2.24,3.51,3.22
2023,2023-09-23,Brentford,Everton,1.8,3.8,4.2,1.91,3.5,4.33,1.84,3.95,4.75,1.8,3.78,4.49
2023,2023-09-23,Burnley,Manchester United,4.2,4.2,1.73,4.0,3.8,1.83,4.6,4.4,1.8,4.31,4.16,1.75
2023,2023-09-23,Crystal Palace,Fulham,1.91,3.4,4.2,2.05,3.25,3.8,2.01,3.68,4.35,1.95,3.51,4.09
2023,2023-09-23,Luton Town,Wolverhampton Wanderers,3.25,3.4,2.2,3.1,3.3,2.38,3.5,3.58,2.34,3.3,3.43,2.23
2023,2023-09-23,Manchester City,Nottingham Forest,1.14,8.5,15.0,1.17,8.0,15.0,1.17,9.8,21.0,1.15,8.55,18.11
2023,2023-09-24,Arsenal,Tottenham Hotspur,1.67,4.33,4.33,1.62,4.33,4.75,1.76,4.6,4.75,1.7,4.36,4.5
2023,2023-09-24,Brighton,Bournemouth,1.36,5.25,7.5,1.5,4.75,5.5,1.43,5.75,8.3,1.38,5.31,7.58
2023,2023-09-24,Chelsea,Aston Villa,1.91,3.75,3.8,1.85,3.75,4.0,1.96,4.0,4.1,1.91,3.85,3.87
2023,2023-09-24,Liverpool,West Ham United,1.4,5.0,7.0,1.36,5.25,7.5,1.45,5.8,7.7,1.39,5.38,7.19
2023,2023-09-24,Sheffield United,Newcastle United,7.0,4.75,1.44,6.0,4.2,1.53,7.5,5.1,1.51,7.01,4.78,1.45
2023,2023-09-30,Aston Villa,Brighton,2.55,3.75,2.55,2.45,3.6,2.7,2.65,4.11,2.65,2.56,3.92,2.55
2023,2023-09-30,Bournemouth,Arsenal,5.5,4.5,1.53,5.5,4.5,1.53,6.0,4.9,1.58,5.77,4.68,1.53
2023,2023-09-30,Everton,Luton Town,1.57,3.8,6.5,1.67,3.75,5.25,1.68,4.1,6.5,1.61,3.94,6.06
2023,2023-09-30,Manchester United,Crystal Palace,1.55,4.2,5.75,1.55,4.2,6.0,1.61,4.5,6.1,1.57,4.3,5.89
2023,2023-09-30,Newcastle United,Burnley,1.3,5.75,9.0,1.36,5.0,7.5,1.36,5.9,10.5,1.33,5.62,9.22
2023,2023-09-30,Tottenham Hotspur,Liverpool,2.9,4.0,2.15,3.0,3.8,2.2,3.08,4.2,2.28,2.96,4.03,2.21
2023,2023-09-30,West Ham United,Sheffield United,1.45,4.5,7.0,1.44,4.5,7.0,1.49,5.1,7.5,1.45,4.79,7.1
2023,2023-09-30,Wolverhampton Wanderers,Manchester City,8.0,5.75,1.33,7.5,5.0,1.4,10.0,6.0,1.36,9.2,5.65,1.33
2023,2023-10-01,Nottingham Forest,Brentford,2.75,3.1,2.7,2.63,3.0,2.88,2.89,3.46,2.75,2.81,3.27,2.65
2023,2023-10-02,Fulham,Chelsea,3.6,3.5,2.05,3.4,3.4,2.15,4.0,3.62,2.1,3.73,3.49,2.06
2023,2023-10-03,Luton Town,Burnley,2.9,3.0,2.63,2.88,3.1,2.6,3.0,3.3,2.72,2.92,3.18,2.63
2023,2023-10-07,Burnley,Chelsea,4.5,3.8,1.73,5.25,4.0,1.67,4.92,4.1,1.8,4.63,3.92,1.76
2023,2023-10-07,Crystal Palace,Nottingham Forest,2.2,3.1,3.6,2.25,3.1,3.4,2.31,3.44,3.65,2.24,3.25,3.49
2023,2023-10-07,Everton,Bournemouth,1.91,3.6,3.8,1.85,3.75,4.0,2.03,3.85,3.99,1.97,3.7,3.81
2023,2023-10-07,Fulham,Sheffield United,1.62,3.8,6.0,1.45,4.2,7.5,1.68,4.16,6.2,1.64,3.96,5.69
2023,2023-10-07,Luton Town,Tottenham Hotspur,6.0,4.75,1.45,7.0,5.0,1.4,7.1,5.1,1.54,6.46,4.79,1.48
2023,2023-10-07,Manchester United,Brentford,1.67,4.2,4.75,1.6,4.33,5.0,1.74,4.35,5.0,1.69,4.2,4.78
2023,2023-10-08,Arsenal,Manchester City,2.9,3.3,2.4,2.9,3.3,2.45,3.05,3.66,2.51,2.92,3.49,2.44
2023,2023-10-08,Brighton,Liverpool,3.0,3.8,2.2,3.2,4.2,2.05,3.25,4.32,2.21,3.05,4.01,2.17
2023,2023-10-08,West Ham United,Newcastle United,3.2,3.75,2.1,3.4,3.75,2.0,3.47,3.84,2.2,3.32,3.72,2.13
2023,2023-10-08,Wolverhampton Wanderers,Aston Villa,3.5,3.4,2.1,3.75,3.4,2.0,3.5,3.77,2.21,3.4,3.59,2.14
2023,2023-10-21,Bournemouth,Wolverhampton Wanderers,2.38,3.4,3.0,2.25,3.4,3.1,2.48,3.7,3.05,2.41,3.48,2.95
2023,2023-10-21,Brentford,Burnley,1.83,3.75,4.2,1.7,3.8,4.75,1.9,3.86,4.53,1.83,3.74,4.4
2023,2023-10-21,Chelsea,Arsenal,3.2,3.4,2.25,3.3,3.25,2.25,3.4,3.56,2.36,3.24,3.47,2.26
2023,2023-10-21,Liverpool,Everton,1.33,5.75,7.5,1.4,5.25,7.0,1.4,6.0,8.8,1.36,5.66,8.01
2023,2023-10-21,Manchester City,Brighton,1.4,5.25,6.5,1.36,6.0,6.5,1.46,5.7,7.3,1.41,5.36,6.83
2023,2023-10-21,Newcastle United,Crystal Palace,1.45,4.5,7.0,1.45,4.5,7.0,1.5,4.8,8.0,1.46,4.53,7.44
2023,2023-10-21,Nottingham Forest,Luton Town,1.67,3.75,5.5,1.73,3.75,5.25,1.75,3.97,5.75,1.69,3.82,5.33
2023,2023-10-21,Sheffield United,Manchester United,6.5,5.25,1.4,7.5,5.75,1.36,7.8,5.4,1.46,7.27,5.07,1.42
2023,2023-10-22,Aston Villa,West Ham United,1.85,3.6,4.0,1.73,3.8,4.5,1.95,4.03,4.1,1.9,3.86,3.88
2023,2023-10-23,Tottenham Hotspur,Fulham,1.5,4.5,6.0,1.5,4.6,6.0,1.55,5.0,6.4,1.51,4.7,5.99
2023,2023-10-27,Crystal Palace,Tottenham Hotspur,4.5,3.75,1.75,4.5,3.8,1.75,5.0,3.95,1.83,4.64,3.83,1.79
2023,2023-10-28,Arsenal,Sheffield United,1.13,8.5,19.0,1.13,8.5,19.0,1.14,11.0,26.0,1.13,9.61,21.6
2023,2023-10-28,Bournemouth,Burnley,2.15,3.5,3.3,2.15,3.5,3.25,2.19,3.82,3.56,2.13,3.66,3.38
2023,2023-10-28,Chelsea,Brentford,1.65,4.0,5.25,1.62,4.0,5.25,1.7,4.22,5.75,1.65,4.1,5.31
2023,2023-10-28,Wolverhampton Wanderers,Newcastle United,4.2,4.0,1.75,3.8,3.8,1.91,4.4,4.1,1.87,4.26,3.94,1.82
2023,2023-10-29,Aston Villa,Luton Town,1.25,6.5,9.5,1.36,5.5,7.5,1.31,6.5,12.0,1.28,6.19,10.79
2023,2023-10-29,Brighton,Fulham,1.55,4.2,5.5,1.62,4.0,5.5,1.62,4.8,5.75,1.56,4.6,5.42
2023,2023-10-29,Liverpool,Nottingham Forest,1.29,5.75,11.0,1.22,7.0,11.0,1.3,6.9,11.5,1.27,6.38,10.39
2023,2023-10-29,Manchester United,Manchester City,5.0,3.8,1.67,5.5,4.2,1.57,5.3,4.22,1.74,4.99,4.04,1.69
2023,2023-10-29,West Ham United,Everton,2.15,3.5,3.3,2.1,3.6,3.4,2.21,3.81,3.47,2.15,3.64,3.32
2023,2023-11-04,Brentford,West Ham United,2.05,3.6,3.5,2.15,3.5,3.3,2.12,3.85,3.61,2.08,3.67,3.46
2023,2023-11-04,Burnley,Crystal Palace,2.75,3.25,2.6,3.25,3.2,2.3,2.95,3.33,2.71,2.85,3.23,2.63
2023,2023-11-04,Everton,Brighton,3.1,3.6,2.2,2.8,3.4,2.45,3.17,3.98,2.25,3.09,3.81,2.2
2023,2023-11-04,Fulham,Manchester United,3.2,3.6,2.2,2.9,3.6,2.3,3.5,3.75,2.26,3.24,3.61,2.2
2023,2023-11-04,Manchester City,Bournemouth,1.1,11.0,19.0,1.09,11.0,21.0,1.11,14.0,34.0,1.1,11.39,26.19
2023,2023-11-04,Newcastle United,Arsenal,2.8,3.2,2.6,2.8,3.0,2.7,2.89,3.5,2.65,2.82,3.39,2.56
2023,2023-11-04,Sheffield United,Wolverhampton Wanderers,3.8,3.5,2.0,4.2,3.6,1.85,4.1,3.79,2.01,3.83,3.64,1.98
2023,2023-11-05,Luton Town,Liverpool,12.0,6.5,1.22,11.0,7.5,1.2,12.5,7.3,1.26,11.46,6.8,1.24
2023,2023-11-05,Nottingham Forest,Aston Villa,4.2,3.75,1.85,3.75,3.75,1.91,4.3,3.9,1.93,4.09,3.77,1.89
2023,2023-11-06,Tottenham Hotspur,Chelsea,2.0,3.75,3.5,2.3,3.6,2.9,2.21,3.92,3.5,2.13,3.73,3.29
2023,2023-11-11,Arsenal,Burnley,1.18,7.0,17.0,1.2,6.5,15.0,1.22,8.1,17.0,1.19,7.34,15.07
2023,2023-11-11,Bournemouth,Newcastle United,4.75,4.0,1.73,4.0,3.6,1.91,5.0,4.2,1.78,4.67,4.03,1.73
2023,2023-11-11,Crystal Palace,Everton,2.45,3.2,3.0,2.6,3.0,2.9,2.5,3.3,3.27,2.44,3.21,3.11
2023,2023-11-11,Manchester United,Luton Town,1.33,5.25,9.5,1.29,6.0,9.5,1.38,6.2,10.0,1.33,5.6,9.17
2023,2023-11-11,Wolverhampton Wanderers,Tottenham Hotspur,3.1,3.75,2.2,3.1,3.5,2.3,3.41,3.89,2.28,3.13,3.73,2.21
2023,2023-11-12,Aston Villa,Fulham,1.57,4.2,5.5,1.62,4.0,5.25,1.63,4.5,5.9,1.59,4.28,5.66
2023,2023-11-12,Brighton,Sheffield United,1.25,5.75,13.0,1.25,6.0,10.0,1.26,7.4,13.0,1.24,6.73,11.71
2023,2023-11-12,Chelsea,Manchester City,5.0,3.7,1.73,4.75,3.75,1.73,5.4,3.98,1.78,4.93,3.83,1.74
2023,2023-11-12,Liverpool,Brentford,1.4,5.0,6.5,1.36,5.5,7.5,1.45,5.5,7.6,1.42,5.16,7.05
2023,2023-11-12,West Ham United,Nottingham Forest,1.85,3.6,4.0,1.8,3.75,4.5,1.93,3.92,4.5,1.89,3.77,4.09
2023,2023-11-25,Brentford,Arsenal,4.5,3.75,1.75,5.5,3.8,1.6,5.0,4.01,1.8,4.64,3.84,1.77
2023,2023-11-25,Burnley,West Ham United,3.4,3.5,2.05,3.4,3.4,2.15,3.63,3.79,2.17,3.47,3.62,2.1
2023,2023-11-25,Luton Town,Crystal Palace,3.6,3.3,2.1,4.0,3.25,2.0,3.8,3.54,2.17,3.63,3.38,2.13
2023,2023-11-25,Manchester City,Liverpool,1.73,4.2,4.2,1.7,4.2,4.33,1.8,4.5,4.51,1.75,4.31,4.29
2023,2023-11-25,Newcastle United,Chelsea,2.55,3.5,2.63,2.63,3.6,2.5,2.72,3.66,2.76,2.62,3.5,2.68
2023,2023-11-25,Nottingham Forest,Brighton,3.2,3.6,2.15,3.6,3.6,2.0,3.4,3.8,2.25,3.22,3.64,2.2
2023,2023-11-25,Sheffield United,Bournemouth,3.2,3.5,2.2,3.4,3.5,2.15,3.47,3.72,2.25,3.29,3.53,2.21
2023,2023-11-26,Everton,Manchester United,2.7,3.4,2.55,2.63,3.3,2.7,2.8,3.7,2.65,2.74,3.52,2.56
2023,2023-11-26,Tottenham Hotspur,Aston Villa,2.3,3.8,2.8,2.55,3.75,2.5,2.42,4.01,2.9,2.35,3.89,2.8
2023,2023-11-27,Fulham,Wolverhampton Wanderers,2.38,3.3,3.0,2.38,3.3,3.0,2.51,3.48,3.1,2.43,3.34,3.02
2023,2023-12-02,Arsenal,Wolverhampton Wanderers,1.25,5.5,12.0,1.22,6.5,12.0,1.3,6.5,12.6,1.27,5.95,11.58
2023,2023-12-02,Brentford,Luton Town,1.45,4.5,6.5,1.53,4.2,6.0,1.51,4.9,7.5,1.48,4.63,6.88
2023,2023-12-02,Burnley,Sheffield United,1.8,3.6,4.5,1.7,3.6,5.25,1.89,3.82,5.0,1.83,3.68,4.55
2023,2023-12-02,Newcastle United,Manchester United,1.91,3.75,3.8,1.95,3.75,3.6,2.0,4.01,4.05,1.94,3.84,3.84
2023,2023-12-02,Nottingham Forest,Everton,2.75,3.25,2.6,2.8,3.1,2.7,2.9,3.5,2.67,2.8,3.35,2.62
2023,2023-12-03,Bournemouth,Aston Villa,3.4,4.0,1.95,3.0,4.0,2.1,3.57,4.19,2.07,3.45,4.0,2.01
2023,2023-12-03,Chelsea,Brighton,1.73,4.2,4.2,1.57,4.33,5.25,1.78,4.37,4.6,1.75,4.24,4.37
2023,2023-12-03,Liverpool,Fulham,1.25,6.5,9.0,1.25,7.0,10.0,1.29,7.2,11.5,1.26,6.62,10.56
2023,2023-12-03,Manchester City,Tottenham Hotspur,1.29,6.0,9.0,1.25,6.5,10.0,1.34,6.5,10.5,1.3,6.18,9.27
2023,2023-12-03,West Ham United,Crystal Palace,2.0,3.5,3.8,1.91,3.6,4.0,2.06,3.68,4.0,2.02,3.53,3.84
2023,2023-12-05,Luton Town,Arsenal,17.0,7.0,1.18,17.0,8.0,1.17,17.0,7.2,1.25,14.98,6.73,1.21
2023,2023-12-05,Wolverhampton Wanderers,Burnley,1.85,3.6,4.2,1.91,3.6,4.0,1.95,3.8,4.7,1.89,3.62,4.31
2023,2023-12-06,Aston Villa,Manchester City,4.75,4.2,1.7,5.0,4.2,1.62,4.9,4.45,1.78,4.45,4.26,1.73
2023,2023-12-06,Brighton,Brentford,1.91,3.8,3.75,1.7,4.2,4.5,1.98,4.1,4.0,1.93,3.91,3.77
2023,2023-12-06,Crystal Palace,Bournemouth,2.25,3.5,3.1,2.3,3.5,3.0,2.36,3.58,3.6,2.27,3.45,3.25
2023,2023-12-06,Fulham,Nottingham Forest,2.0,3.4,3.75,2.0,3.4,3.75,2.14,3.64,3.95,2.05,3.49,3.78
2023,2023-12-06,Manchester United,Chelsea,2.88,3.4,2.45,2.75,3.5,2.45,2.93,3.8,2.63,2.82,3.65,2.43
2023,2023-12-06,Sheffield United,Liverpool,12.0,7.5,1.2,15.0,7.5,1.18,15.0,8.4,1.29,13.54,7.67,1.2
2023,2023-12-07,Everton,Newcastle United,3.25,3.25,2.25,3.1,3.4,2.25,3.3,3.6,2.5,3.13,3.44,2.33
2023,2023-12-07,Tottenham Hotspur,West Ham United,1.75,4.2,4.2,1.7,4.2,4.75,1.85,4.5,4.25,1.79,4.22,4.08
2023,2023-12-09,Aston Villa,Arsenal,3.3,3.6,2.1,3.6,3.75,2.0,3.55,3.84,2.17,3.41,3.66,2.11
2023,2023-12-09,Brighton,Burnley,1.5,4.75,6.0,1.55,4.2,5.75,1.55,4.9,6.5,1.5,4.69,6.18
2023,2023-12-09,Crystal Palace,Liverpool,6.0,4.5,1.5,6.5,4.75,1.44,6.6,4.75,1.63,6.12,4.54,1.52
2023,2023-12-09,Manchester United,Bournemouth,1.55,4.33,5.75,1.65,4.33,4.5,1.59,4.9,6.0,1.55,4.65,5.54
2023,2023-12-09,Sheffield United,Brentford,4.2,3.8,1.75,4.5,3.8,1.73,4.7,3.95,1.85,4.48,3.82,1.8
2023,2023-12-09,Wolverhampton Wanderers,Nottingham Forest,1.85,3.6,4.33,1.91,3.25,4.33,1.91,3.82,4.6,1.87,3.64,4.34
2023,2023-12-10,Everton,Chelsea,3.1,3.5,2.25,2.4,3.5,2.8,3.15,3.75,2.41,3.02,3.59,2.31
2023,2023-12-10,Fulham,West Ham United,2.38,3.5,2.9,2.2,3.5,3.25,2.49,3.66,3.12,2.39,3.49,2.95
2023,2023-12-10,Luton Town,Manchester City,17.0,8.0,1.14,13.0,7.5,1.18,22.0,11.0,1.17,18.02,8.94,1.15
2023,2023-12-10,Tottenham Hotspur,Newcastle United,2.15,3.8,3.1,2.0,3.75,3.4,2.3,3.99,3.22,2.2,3.84,3.05
2023,2023-12-15,Nottingham Forest,Tottenham Hotspur,4.2,4.2,1.73,4.75,4.2,1.67,4.88,4.3,1.78,4.52,4.13,1.74
2023,2023-12-16,Burnley,Everton,3.6,3.4,2.1,3.2,3.5,2.25,3.74,3.62,2.19,3.55,3.45,2.14
2023,2023-12-16,Chelsea,Sheffield United,1.22,6.5,13.0,1.18,7.5,13.0,1.28,7.1,13.5,1.24,6.49,12.28
2023,2023-12-16,Manchester City,Crystal Palace,1.18,8.0,13.0,1.17,7.5,15.0,1.2,8.8,19.5,1.18,7.77,16.06
2023,2023-12-16,Newcastle United,Fulham,1.8,3.8,4.0,1.91,3.8,4.0,1.92,4.05,4.22,1.87,3.91,4.03
2023,2023-12-17,Arsenal,Brighton,1.44,5.0,6.0,1.45,5.0,6.0,1.53,5.0,7.0,1.48,4.73,6.5
2023,2023-12-17,Brentford,Aston Villa,3.2,3.75,2.1,3.0,3.4,2.25,3.5,3.85,2.23,3.26,3.71,2.16
2023,2023-12-17,Liverpool,Manchester United,1.3,6.0,8.0,1.33,5.75,7.0,1.42,6.55,9.5,1.32,6.09,8.5
2023,2023-12-17,West Ham United,Wolverhampton Wanderers,2.15,3.5,3.3,1.91,3.6,4.0,2.27,3.68,3.62,2.16,3.55,3.4
2023,2023-12-21,Crystal Palace,Brighton,3.3,3.3,2.15,3.4,3.25,2.25,3.5,3.7,2.25,3.35,3.5,2.18
2023,2023-12-22,Aston Villa,Sheffield United,1.22,6.5,12.0,1.2,7.0,13.0,1.28,7.3,14.0,1.24,6.67,11.7
2023,2023-12-23,Fulham,Burnley,1.67,3.75,5.25,1.67,3.75,5.25,1.76,4.2,5.3,1.7,3.94,5.01
2023,2023-12-23,Liverpool,Arsenal,2.38,3.6,2.8,2.45,3.75,2.63,2.53,3.78,3.05,2.43,3.63,2.83
2023,2023-12-23,Luton Town,Newcastle United,4.75,4.2,1.65,5.25,4.2,1.62,5.32,4.6,1.71,5.0,4.23,1.65
2023,2023-12-23,Nottingham Forest,Bournemouth,2.75,3.4,2.55,2.9,3.4,2.45,2.83,3.63,2.66,2.76,3.49,2.54
2023,2023-12-23,Tottenham Hotspur,Everton,1.75,4.2,4.0,1.7,4.2,4.33,1.87,4.4,4.34,1.8,4.16,4.08
2023,2023-12-23,West Ham United,Manchester United,2.6,3.6,2.6,2.1,3.8,3.25,2.72,3.81,2.7,2.61,3.65,2.6
2023,2023-12-24,Wolverhampton Wanderers,Chelsea,3.75,3.75,1.91,3.1,3.6,2.15,3.91,3.85,2.04,3.73,3.73,1.98
2023,2023-12-26,Bournemouth,Fulham,2.15,3.6,3.2,1.91,3.8,3.75,2.27,3.79,3.45,2.22,3.62,3.2
2023,2023-12-26,Burnley,Liverpool,6.5,5.25,1.4,8.0,5.25,1.36,8.5,5.75,1.43,7.67,5.3,1.39
2023,2023-12-26,Manchester United,Aston Villa,2.6,3.5,2.6,2.25,3.75,2.9,2.75,3.75,2.71,2.63,3.63,2.61
2023,2023-12-26,Newcastle United,Nottingham Forest,1.5,4.33,5.75,1.4,5.0,6.5,1.56,4.6,7.0,1.51,4.41,6.57
2023,2023-12-26,Sheffield United,Luton Town,2.3,3.3,3.1,2.38,3.25,3.1,2.52,3.42,3.19,2.41,3.32,3.07
2023,2023-12-27,Brentford,Wolverhampton Wanderers,1.95,3.5,4.2,2.2,3.4,3.3,2.02,3.72,4.2,1.96,3.59,3.97
2023,2023-12-27,Chelsea,Crystal Palace,1.67,4.0,5.0,1.75,3.75,4.75,1.75,4.05,5.5,1.7,3.91,5.02
2023,2023-12-27,Everton,Manchester City,5.75,4.0,1.57,5.0,4.0,1.65,6.6,4.37,1.64,5.84,4.17,1.59
2023,2023-12-28,Arsenal,West Ham United,1.33,5.5,7.5,1.29,6.0,9.5,1.39,5.8,9.5,1.35,5.39,8.64
2023,2023-12-28,Brighton,Tottenham Hotspur,2.5,3.6,2.6,2.5,3.75,2.63,2.57,4.2,2.7,2.52,3.9,2.57
2023,2023-12-30,Aston Villa,Burnley,1.36,5.25,7.5,1.36,5.25,7.0,1.4,5.6,8.6,1.37,5.27,8.15
2023,2023-12-30,Crystal Palace,Brentford,2.2,3.3,3.4,2.05,3.3,3.75,2.31,3.5,3.65,2.23,3.33,3.43
2023,2023-12-30,Luton Town,Chelsea,6.5,4.2,1.5,5.25,4.33,1.57,6.5,4.8,1.56,6.04,4.53,1.53
2023,2023-12-30,Manchester City,Sheffield United,1.08,11.0,29.0,1.08,13.0,19.0,1.1,17.0,37.0,1.08,12.85,29.4
2023,2023-12-30,Nottingham Forest,Manchester United,3.2,3.6,2.15,3.2,3.6,2.15,3.41,3.85,2.21,3.27,3.68,2.16
2023,2023-12-30,Wolverhampton Wanderers,Everton,2.63,3.3,2.7,2.9,3.25,2.5,2.75,3.5,2.81,2.64,3.38,2.74
2023,2023-12-31,Fulham,Arsenal,5.25,4.5,1.55,6.0,4.0,1.57,6.2,4.5,1.62,5.74,4.29,1.57
2023,2023-12-31,Tottenham Hotspur,Bournemouth,1.75,4.2,4.0,1.75,4.5,3.8,1.82,4.5,4.25,1.78,4.33,4.04
2023,2024-01-01,Liverpool,Newcastle United,1.45,4.5,7.0,1.36,5.25,7.5,1.51,5.2,7.2,1.46,4.88,6.56
2023,2024-01-02,West Ham United,Brighton,2.45,3.75,2.75,3.1,3.5,2.2,2.57,3.89,2.81,2.47,3.7,2.73
2023,2024-01-12,Burnley,Luton Town,2.0,3.6,3.6,2.15,3.4,3.4,2.09,3.75,3.9,2.03,3.58,3.74
2023,2024-01-13,Chelsea,Fulham,1.6,4.2,5.25,1.62,4.2,5.25,1.69,4.4,5.5,1.64,4.24,5.19
2023,2024-01-13,Newcastle United,Manchester City,5.5,4.33,1.55,4.5,4.0,1.7,5.75,4.63,1.6,5.5,4.47,1.57
2023,2024-01-14,Everton,Aston Villa,2.8,3.5,2.45,2.55,3.5,2.7,2.9,3.79,2.5,2.79,3.62,2.45
2023,2024-01-14,Manchester United,Tottenham Hotspur,2.2,3.75,3.0,2.05,4.0,3.25,2.26,4.1,3.08,2.2,3.93,3.0
2023,2024-01-20,Arsenal,Crystal Palace,1.3,5.75,9.0,1.25,6.0,12.0,1.31,6.2,13.0,1.29,5.74,11.19
2023,2024-01-20,Brentford,Nottingham Forest,1.91,3.6,4.0,1.75,3.75,4.75,1.94,3.93,4.36,1.9,3.72,4.06
2023,2024-01-21,Bournemouth,Liverpool,4.2,4.5,1.7,4.33,4.5,1.67,4.5,4.5,1.77,4.38,4.37,1.71
2023,2024-01-21,Sheffield United,West Ham United,3.4,3.3,2.2,2.75,3.3,2.6,3.52,3.53,2.23,3.43,3.43,2.18
2023,2024-01-22,Brighton,Wolverhampton Wanderers,1.65,4.33,5.0,1.62,4.0,5.0,1.68,4.5,5.25,1.65,4.29,4.95
2023,2024-01-30,Aston Villa,Newcastle United,1.85,4.0,3.8,1.85,4.0,3.8,1.91,4.3,4.1,1.86,4.07,3.92
2023,2024-01-30,Crystal Palace,Sheffield United,1.62,3.6,6.5,1.62,3.75,6.0,1.68,3.99,6.5,1.64,3.87,5.92
2023,2024-01-30,Fulham,Everton,2.45,3.2,3.0,2.25,3.2,3.5,2.55,3.45,3.12,2.45,3.33,3.01
2023,2024-01-30,Luton Town,Brighton,4.2,4.2,1.75,4.0,4.0,1.8,4.53,4.2,1.82,4.34,4.09,1.78
2023,2024-01-30,Nottingham Forest,Arsenal,7.5,5.0,1.4,8.5,5.0,1.4,8.6,5.3,1.43,8.12,5.09,1.39
2023,2024-01-31,Liverpool,Chelsea,1.57,4.33,5.25,1.62,4.2,4.75,1.62,4.87,5.5,1.58,4.61,5.15
2023,2024-01-31,Manchester City,Burnley,1.08,12.0,21.0,1.1,11.0,19.0,1.12,13.0,34.0,1.1,11.19,24.13
2023,2024-01-31,Tottenham Hotspur,Brentford,1.67,4.2,4.75,1.6,4.33,5.0,1.74,4.5,5.25,1.67,4.34,4.75
2023,2024-02-01,West Ham United,Bournemouth,2.4,3.75,2.75,2.38,3.6,2.8,2.5,3.85,2.85,2.43,3.73,2.75
2023,2024-02-01,Wolverhampton Wanderers,Manchester United,2.63,3.6,2.55,2.8,3.5,2.4,2.75,3.72,2.67,2.7,3.58,2.54
2023,2024-02-03,Brighton,Crystal Palace,1.7,4.0,4.75,1.7,3.8,5.0,1.75,4.25,5.0,1.7,4.07,4.82
2023,2024-02-03,Burnley,Fulham,2.9,3.4,2.38,2.9,3.3,2.4,3.0,3.6,2.5,2.94,3.45,2.43
2023,2024-02-03,Everton,Tottenham Hotspur,3.0,3.6,2.25,3.0,3.75,2.2,3.05,3.89,2.38,2.94,3.69,2.34
2023,2024-02-03,Newcastle United,Luton Town,1.44,4.75,6.5,1.53,4.5,5.5,1.47,5.2,7.5,1.43,4.97,7.02
2023,2024-02-03,Sheffield United,Aston Villa,5.25,4.2,1.62,5.0,4.2,1.62,5.4,4.42,1.69,5.1,4.29,1.63
2023,2024-02-04,Arsenal,Liverpool,2.2,3.6,3.1,2.1,3.6,3.25,2.32,3.8,3.24,2.25,3.67,3.07
2023,2024-02-04,Bournemouth,Nottingham Forest,1.7,4.2,4.5,1.65,4.5,4.75,1.75,4.3,5.0,1.7,4.15,4.65
2023,2024-02-04,Chelsea,Wolverhampton Wanderers,1.62,4.0,5.5,1.55,4.2,5.75,1.66,4.4,5.6,1.63,4.22,5.24
2023,2024-02-04,Manchester United,West Ham United,1.62,4.2,5.0,1.55,4.33,5.5,1.72,4.4,5.25,1.66,4.23,4.93
2023,2024-02-05,Brentford,Manchester City,7.0,4.75,1.4,7.5,5.25,1.4,7.8,5.2,1.46,7.17,4.99,1.42
2023,2024-02-10,Fulham,Bournemouth,2.38,3.5,2.8,2.55,3.5,2.63,2.47,3.74,3.05,2.4,3.58,2.88
2023,2024-02-10,Liverpool,Burnley,1.17,8.0,17.0,1.18,8.0,17.0,1.18,9.5,18.5,1.16,8.4,15.8
2023,2024-02-10,Luton Town,Sheffield United,1.75,3.75,4.75,1.7,3.9,4.75,1.83,4.02,4.75,1.77,3.88,4.59
2023,2024-02-10,Manchester City,Everton,1.18,8.0,13.0,1.2,7.0,13.0,1.24,8.3,16.0,1.2,7.36,13.47
2023,2024-02-10,Nottingham Forest,Newcastle United,3.3,3.75,2.05,3.2,3.75,2.1,3.41,3.84,2.19,3.3,3.71,2.13
2023,2024-02-10,Tottenham Hotspur,Brighton,1.8,4.2,3.8,1.73,4.33,4.0,1.85,4.5,4.01,1.82,4.31,3.84
2023,2024-02-10,Wolverhampton Wanderers,Brentford,2.1,3.6,3.4,2.2,3.5,3.2,2.17,3.84,3.7,2.12,3.66,3.38
2023,2024-02-11,Aston Villa,Manchester United,2.15,3.75,3.1,2.15,3.8,3.1,2.22,4.01,3.25,2.17,3.83,3.11
2023,2024-02-11,West Ham United,Arsenal,6.0,4.33,1.53,6.0,4.2,1.53,6.4,4.6,1.59,5.81,4.38,1.55
2023,2024-02-12,Crystal Palace,Chelsea,4.2,3.8,1.85,4.75,4.0,1.7,4.5,3.94,1.88,4.2,3.8,1.84
2023,2024-02-17,Brentford,Liverpool,5.5,4.33,1.57,4.75,4.2,1.67,5.5,4.75,1.64,5.24,4.52,1.59
2023,2024-02-17,Burnley,Arsenal,10.0,5.75,1.29,10.0,5.75,1.29,11.0,6.1,1.34,9.94,5.73,1.31
2023,2024-02-17,Fulham,Aston Villa,2.9,3.75,2.2,2.9,3.75,2.25,3.08,3.9,2.35,2.94,3.77,2.29
2023,2024-02-17,Manchester City,Chelsea,1.33,5.5,8.0,1.33,6.0,7.5,1.37,6.0,9.05,1.35,5.64,8.22
2023,2024-02-17,Newcastle United,Bournemouth,1.83,4.2,3.75,1.95,4.0,3.4,1.9,4.27,4.01,1.85,4.16,3.83
2023,2024-02-17,Nottingham Forest,West Ham United,2.38,3.5,2.9,2.25,3.6,3.2,2.5,3.64,3.02,2.43,3.51,2.9
2023,2024-02-17,Tottenham Hotspur,Wolverhampton Wanderers,1.53,4.75,5.25,1.5,5.0,5.25,1.58,4.9,5.6,1.55,4.75,5.37
2023,2024-02-18,Luton Town,Manchester United,4.0,4.0,1.8,4.2,4.2,1.75,4.34,4.25,1.87,4.07,4.09,1.81
2023,2024-02-18,Sheffield United,Brighton,5.0,4.2,1.62,4.5,4.33,1.67,5.15,4.5,1.68,4.92,4.3,1.65
2023,2024-02-19,Everton,Crystal Palace,1.7,3.6,5.25,1.8,3.4,5.0,1.77,3.82,5.5,1.73,3.68,5.12
2023,2024-02-20,Manchester City,Brentford,1.18,8.0,13.0,1.18,7.5,13.0,1.19,8.9,18.0,1.18,8.12,15.16
2023,2024-02-21,Liverpool,Luton Town,1.2,7.0,13.0,1.29,6.0,8.0,1.23,8.3,15.0,1.2,7.72,13.14
2023,2024-02-24,Arsenal,Newcastle United,1.36,5.25,8.0,1.36,5.5,7.5,1.42,5.53,8.0,1.38,5.34,7.53
2023,2024-02-24,Aston Villa,Nottingham Forest,1.53,4.5,5.75,1.57,4.5,5.25,1.6,4.7,6.1,1.55,4.54,5.63
2023,2024-02-24,Bournemouth,Manchester City,7.0,5.25,1.4,7.0,4.5,1.44,7.5,5.5,1.46,6.96,5.16,1.42
2023,2024-02-24,Brighton,Everton,1.83,3.8,4.2,1.83,3.8,4.0,1.88,4.16,4.35,1.84,3.93,4.1
2023,2024-02-24,Crystal Palace,Burnley,1.95,3.5,4.0,1.95,3.5,4.0,2.06,3.6,4.1,2.01,3.46,3.92
2023,2024-02-24,Manchester United,Fulham,1.57,4.33,5.5,1.65,4.33,5.0,1.63,4.6,5.6,1.58,4.47,5.33
2023,2024-02-25,Wolverhampton Wanderers,Sheffield United,1.44,4.75,7.0,1.45,4.5,7.0,1.5,4.9,7.5,1.46,4.69,6.86
2023,2024-02-26,West Ham United,Brentford,2.5,3.5,2.75,2.3,3.6,3.0,2.61,3.76,2.85,2.5,3.6,2.73
2023,2024-03-02,Brentford,Chelsea,3.1,3.75,2.15,3.25,3.6,2.15,3.2,4.0,2.23,3.07,3.86,2.19
2023,2024-03-02,Everton,West Ham United,2.05,3.6,3.5,2.15,3.6,3.3,2.14,3.72,3.67,2.09,3.57,3.52
2023,2024-03-02,Fulham,Brighton,2.55,3.6,2.63,2.55,3.4,2.8,2.65,3.85,2.71,2.59,3.64,2.62
2023,2024-03-02,Luton Town,Aston Villa,4.33,4.2,1.73,4.33,4.33,1.7,4.5,4.5,1.78,4.29,4.3,1.74
2023,2024-03-02,Newcastle United,Wolverhampton Wanderers,1.91,4.0,3.6,1.73,4.2,4.33,1.94,4.1,4.04,1.9,3.95,3.8
2023,2024-03-02,Nottingham Forest,Liverpool,6.0,4.33,1.53,5.25,4.33,1.6,6.1,4.85,1.58,5.63,4.67,1.54
2023,2024-03-02,Tottenham Hotspur,Crystal Palace,1.5,4.33,6.5,1.53,4.5,5.75,1.55,5.0,7.5,1.49,4.66,6.26
2023,2024-03-03,Burnley,Bournemouth,3.75,3.6,1.95,3.6,3.6,2.0,3.89,3.93,2.02,3.72,3.78,1.96
2023,2024-03-03,Manchester City,Manchester United,1.25,5.75,11.0,1.25,6.5,9.5,1.29,6.72,11.3,1.27,6.33,10.06
2023,2024-03-04,Sheffield United,Arsenal,17.0,7.0,1.18,13.0,7.5,1.18,19.0,8.6,1.19,16.28,7.82,1.17
2023,2024-03-09,Arsenal,Brentford,1.22,7.0,11.0,1.2,7.0,13.0,1.27,7.3,14.0,1.23,6.84,12.02
2023,2024-03-09,Bournemouth,Sheffield United,1.33,5.25,8.0,1.33,5.5,7.5,1.38,5.8,9.4,1.34,5.51,8.58
2023,2024-03-09,Crystal Palace,Luton Town,1.75,3.8,4.2,1.91,3.75,3.8,1.83,4.02,4.7,1.78,3.89,4.49
2023,2024-03-09,Manchester United,Everton,1.83,3.6,4.0,1.91,3.75,3.8,1.94,4.05,4.4,1.85,3.89,4.09
2023,2024-03-09,Wolverhampton Wanderers,Fulham,2.5,3.4,2.75,2.4,3.4,2.88,2.63,3.62,2.92,2.54,3.45,2.79
2023,2024-03-10,Aston Villa,Tottenham Hotspur,2.38,4.0,2.6,2.4,4.0,2.6,2.49,4.26,2.7,2.42,4.08,2.62
2023,2024-03-10,Brighton,Nottingham Forest,1.8,4.0,4.0,1.62,4.2,4.75,1.84,4.21,4.5,1.78,4.04,4.25
2023,2024-03-10,Liverpool,Manchester City,3.0,3.75,2.2,3.4,3.8,2.05,3.15,4.0,2.34,2.95,3.83,2.25
2023,2024-03-10,West Ham United,Burnley,1.67,4.0,4.75,1.65,4.0,5.0,1.71,4.26,5.2,1.67,4.08,4.97
2023,2024-03-11,Chelsea,Newcastle United,1.91,4.0,3.6,1.8,4.0,3.75,1.98,4.26,3.7,1.94,4.08,3.54
2023,2024-03-13,Bournemouth,Luton Town,1.5,4.75,5.75,1.53,4.75,5.5,1.55,4.98,6.4,1.5,4.77,6.0
2023,2024-03-16,Burnley,Brentford,3.25,3.6,2.15,3.1,3.75,2.2,3.41,3.8,2.21,3.27,3.66,2.16
2023,2024-03-16,Fulham,Tottenham Hotspur,3.5,3.8,1.95,3.25,4.0,2.0,3.54,4.16,2.08,3.4,3.93,2.01
2023,2024-03-16,Luton Town,Nottingham Forest,2.8,3.5,2.45,2.63,3.4,2.63,2.95,3.8,2.47,2.81,3.63,2.42
2023,2024-03-17,West Ham United,Aston Villa,2.63,3.75,2.45,2.38,3.75,2.8,2.75,3.92,2.58,2.65,3.73,2.51
2023,2024-03-30,Aston Villa,Wolverhampton Wanderers,1.6,4.33,5.0,1.53,4.5,5.75,1.68,4.6,5.08,1.64,4.38,4.86
2023,2024-03-30,Bournemouth,Everton,2.2,3.6,3.2,2.2,3.75,3.2,2.25,3.8,3.36,2.2,3.61,3.23
2023,2024-03-30,Brentford,Manchester United,3.0,3.8,2.2,3.25,4.0,2.05,3.25,3.99,2.24,3.06,3.83,2.2
2023,2024-03-30,Chelsea,Burnley,1.29,6.0,9.5,1.29,6.5,9.0,1.34,6.3,10.5,1.3,5.96,9.44
2023,2024-03-30,Newcastle United,West Ham United,1.83,4.2,3.8,1.83,4.2,3.75,1.9,4.33,4.11,1.84,4.16,3.87
2023,2024-03-30,Nottingham Forest,Crystal Palace,2.2,3.3,3.4,2.2,3.3,3.4,2.32,3.5,3.4,2.26,3.36,3.31
2023,2024-03-30,Sheffield United,Fulham,4.5,4.0,1.73,4.75,4.0,1.7,4.9,4.26,1.76,4.64,4.03,1.73
2023,2024-03-30,Tottenham Hotspur,Luton Town,1.2,8.0,11.0,1.22,8.0,9.0,1.26,8.1,12.5,1.22,7.47,11.31
2023,2024-03-31,Liverpool,Brighton,1.36,5.5,7.5,1.3,6.0,8.5,1.42,6.0,7.8,1.37,5.63,7.37
2023,2024-03-31,Manchester City,Arsenal,1.91,3.8,3.8,2.0,3.75,3.5,1.97,3.97,4.01,1.92,3.8,3.86
2023,2024-04-02,Bournemouth,Crystal Palace,1.95,3.8,3.6,1.85,3.8,3.8,2.04,3.9,3.9,1.99,3.76,3.69
2023,2024-04-02,Burnley,Wolverhampton Wanderers,2.45,3.6,2.75,2.3,3.6,2.9,2.63,3.68,2.86,2.53,3.49,2.8
2023,2024-04-02,Newcastle United,Everton,2.0,3.75,3.5,1.95,3.75,3.6,2.05,3.95,3.7,2.01,3.82,3.55
2023,2024-04-02,Nottingham Forest,Fulham,2.7,3.4,2.63,2.7,3.4,2.6,2.78,3.68,2.7,2.71,3.49,2.62
2023,2024-04-02,West Ham United,Tottenham Hotspur,3.3,4.2,1.95,3.4,4.2,1.95,3.5,4.37,2.05,3.3,4.16,2.01
2023,2024-04-03,Arsenal,Luton Town,1.1,10.0,19.0,1.14,9.5,15.0,1.12,13.0,32.0,1.1,11.25,22.73
2023,2024-04-03,Brentford,Brighton,2.38,3.8,2.75,2.45,3.8,2.63,2.48,3.94,2.88,2.39,3.79,2.78
2023,2024-04-03,Manchester City,Aston Villa,1.3,6.0,8.0,1.22,6.5,11.0,1.34,6.5,10.0,1.3,6.08,9.06
2023,2024-04-04,Chelsea,Manchester United,2.0,4.0,3.4,1.8,4.2,4.0,2.08,4.26,3.55,2.02,4.05,3.31
2023,2024-04-04,Liverpool,Sheffield United,1.09,12.0,21.0,1.07,15.0,21.0,1.1,15.0,36.0,1.08,12.59,25.43
2023,2024-04-06,Aston Villa,Brentford,1.7,4.0,4.75,1.62,4.0,5.5,1.76,4.4,5.0,1.7,4.2,4.68
2023,2024-04-06,Brighton,Arsenal,5.0,4.33,1.62,6.0,4.5,1.5,5.5,4.45,1.69,5.15,4.25,1.64
2023,2024-04-06,Crystal Palace,Manchester City,9.5,5.25,1.33,10.0,5.0,1.33,11.0,5.9,1.34,10.3,5.59,1.31
2023,2024-04-06,Everton,Burnley,1.65,4.0,5.25,1.73,3.8,4.75,1.71,4.3,5.25,1.67,4.07,5.04
2023,2024-04-06,Fulham,Newcastle United,2.38,3.8,2.8,2.38,3.6,2.88,2.41,4.05,3.0,2.37,3.82,2.81
2023,2024-04-06,Luton Town,Bournemouth,3.75,3.8,1.91,3.8,3.8,1.91,4.0,4.21,1.96,3.68,4.04,1.91
2023,2024-04-06,Wolverhampton Wanderers,West Ham United,2.5,3.6,2.7,2.7,3.6,2.5,2.58,3.72,2.82,2.51,3.58,2.75
2023,2024-04-07,Manchester United,Liverpool,4.75,4.5,1.6,4.75,4.5,1.57,5.0,4.9,1.68,4.69,4.65,1.63
2023,2024-04-07,Sheffield United,Chelsea,7.0,5.25,1.4,6.5,5.0,1.44,7.5,5.5,1.46,6.88,5.28,1.41
2023,2024-04-07,Tottenham Hotspur,Nottingham Forest,1.4,5.5,6.5,1.45,5.25,5.75,1.46,5.6,8.0,1.4,5.3,7.23
2023,2024-04-13,Bournemouth,Manchester United,2.4,3.9,2.6,2.3,4.0,2.63,2.49,4.09,2.82,2.42,3.91,2.68
2023,2024-04-13,Brentford,Sheffield United,1.44,5.0,6.5,1.5,4.75,6.0,1.45,5.4,7.5,1.43,5.09,6.86
2023,2024-04-13,Burnley,Brighton,3.5,3.75,2.0,3.75,4.0,1.85,3.62,3.93,2.08,3.5,3.8,2.02
2023,2024-04-13,Manchester City,Luton Town,1.1,11.0,19.0,1.08,13.0,17.0,1.12,14.0,30.0,1.1,11.66,23.86
2023,2024-04-13,Newcastle United,Tottenham Hotspur,2.7,4.0,2.3,2.55,4.0,2.45,2.9,4.26,2.38,2.75,4.02,2.34
2023,2024-04-13,Nottingham Forest,Wolverhampton Wanderers,2.1,3.4,3.5,2.0,3.4,3.75,2.25,3.74,3.53,2.16,3.55,3.37
2023,2024-04-14,Arsenal,Aston Villa,1.29,5.75,10.0,1.25,6.0,10.0,1.31,6.5,11.0,1.28,6.1,9.89
2023,2024-04-14,Liverpool,Crystal Palace,1.22,7.0,12.0,1.2,7.5,11.0,1.24,8.0,15.0,1.21,7.37,13.35
2023,2024-04-14,West Ham United,Fulham,2.38,3.6,2.8,2.38,3.6,2.8,2.42,3.85,2.96,2.38,3.65,2.88
2023,2024-04-15,Chelsea,Everton,1.7,4.2,4.5,1.65,4.0,5.0,1.76,4.42,4.9,1.71,4.2,4.53
2023,2024-04-20,Luton Town,Brentford,3.1,3.75,2.15,2.8,3.6,2.38,3.33,3.85,2.21,3.18,3.75,2.17
2023,2024-04-20,Sheffield United,Burnley,2.75,3.6,2.45,2.6,3.4,2.63,2.88,3.74,2.55,2.76,3.63,2.47
2023,2024-04-20,Wolverhampton Wanderers,Arsenal,8.5,4.5,1.4,11.0,6.0,1.22,8.5,5.3,1.44,8.05,5.05,1.39
2023,2024-04-21,Aston Villa,Bournemouth,1.85,4.0,3.6,1.83,4.0,3.8,1.92,4.31,3.95,1.87,4.11,3.76
2023,2024-04-21,Crystal Palace,West Ham United,2.1,3.6,3.4,2.2,3.5,3.25,2.22,3.72,3.5,2.15,3.59,3.34
2023,2024-04-21,Everton,Nottingham Forest,2.05,3.5,3.6,2.25,3.2,3.4,2.12,3.74,3.85,2.07,3.52,3.63
2023,2024-04-21,Fulham,Liverpool,5.25,4.5,1.57,4.33,4.5,1.67,5.55,4.9,1.63,5.19,4.67,1.57
2023,2024-04-23,Arsenal,Chelsea,1.44,5.0,6.0,1.4,5.0,7.0,1.52,5.2,7.5,1.45,4.93,6.78
2023,2024-04-24,Crystal Palace,Newcastle United,2.75,3.6,2.4,3.1,3.6,2.2,2.85,3.85,2.51,2.76,3.68,2.43
2023,2024-04-24,Everton,Liverpool,7.0,5.0,1.4,7.0,5.0,1.4,7.7,5.33,1.47,7.11,4.98,1.42
2023,2024-04-24,Manchester United,Sheffield United,1.3,6.5,7.5,1.3,6.0,8.5,1.35,6.5,9.5,1.31,6.11,8.44
2023,2024-04-24,Wolverhampton Wanderers,Bournemouth,2.7,3.6,2.5,2.7,3.75,2.4,2.81,3.8,2.6,2.72,3.6,2.52
2023,2024-04-25,Brighton,Manchester City,6.5,5.0,1.4,8.0,5.5,1.33,7.1,5.25,1.48,6.65,4.95,1.44
2023,2024-04-27,Aston Villa,Chelsea,2.15,3.8,3.0,2.05,3.8,3.4,2.25,4.1,3.21,2.17,3.9,3.06
2023,2024-04-27,Everton,Brentford,2.3,3.5,3.0,2.8,3.5,2.4,2.45,3.68,3.13,2.36,3.5,2.97
2023,2024-04-27,Fulham,Crystal Palace,2.1,3.5,3.5,2.05,3.5,3.5,2.17,3.75,3.6,2.11,3.6,3.42
2023,2024-04-27,Manchester United,Burnley,1.5,4.75,5.5,1.5,5.0,5.5,1.57,5.2,5.75,1.52,4.9,5.44
2023,2024-04-27,Newcastle United,Sheffield United,1.22,7.0,11.0,1.2,7.5,11.0,1.25,7.6,12.9,1.23,7.04,11.1
2023,2024-04-27,West Ham United,Liverpool,5.5,5.0,1.5,5.0,4.75,1.55,6.0,5.18,1.58,5.63,4.89,1.51
2023,2024-04-27,Wolverhampton Wanderers,Luton Town,1.95,3.8,3.6,1.91,3.75,3.75,2.04,4.03,3.78,1.98,3.83,3.58
2023,2024-04-28,Bournemouth,Brighton,2.25,3.8,2.9,1.91,4.2,3.5,2.32,4.01,3.05,2.26,3.8,2.94
2023,2024-04-28,Nottingham Forest,Manchester City,8.0,6.0,1.3,12.0,6.0,1.25,11.0,6.0,1.38,9.5,5.72,1.31
2023,2024-04-28,Tottenham Hotspur,Arsenal,4.2,4.2,1.75,4.33,4.0,1.73,4.3,4.27,1.86,4.12,4.07,1.8
2023,2024-05-02,Chelsea,Tottenham Hotspur,2.15,3.8,3.0,2.4,4.0,2.6,2.25,4.36,3.05,2.2,4.05,2.91
2023,2024-05-03,Luton Town,Everton,2.6,3.6,2.55,2.7,3.6,2.45,2.74,3.75,2.7,2.66,3.58,2.62
2023,2024-05-04,Arsenal,Bournemouth,1.22,7.5,11.0,1.2,7.0,13.0,1.23,8.2,14.0,1.2,7.59,12.74
2023,2024-05-04,Brentford,Fulham,2.1,3.8,3.2,2.05,3.8,3.25,2.17,3.95,3.34,2.12,3.8,3.25
2023,2024-05-04,Burnley,Newcastle United,3.4,4.0,1.95,3.4,4.0,1.95,3.5,4.16,2.07,3.38,3.98,2.02
2023,2024-05-04,Manchester City,Wolverhampton Wanderers,1.08,12.0,21.0,1.08,13.0,19.0,1.12,14.0,32.0,1.09,11.51,25.33
2023,2024-05-04,Sheffield United,Nottingham Forest,4.75,4.2,1.65,4.75,4.2,1.67,5.1,4.4,1.74,4.68,4.25,1.69
2023,2024-05-05,Brighton,Aston Villa,2.75,3.75,2.45,2.3,3.6,2.8,2.78,4.03,2.51,2.72,3.77,2.43
2023,2024-05-05,Chelsea,West Ham United,1.65,4.5,4.5,1.5,5.0,5.5,1.7,4.75,5.0,1.65,4.55,4.58
2023,2024-05-05,Liverpool,Tottenham Hotspur,1.5,5.75,5.0,1.44,5.75,5.5,1.54,5.75,6.0,1.48,5.26,5.61
2023,2024-05-06,Crystal Palace,Manchester United,2.38,3.75,2.8,1.95,3.8,3.6,2.42,3.99,2.89,2.38,3.76,2.79
2023,2024-05-11,Bournemouth,Brentford,1.95,4.0,3.5,2.15,3.6,3.2,2.02,4.21,3.7,1.98,3.99,3.5
2023,2024-05-11,Everton,Sheffield United,1.4,4.8,7.5,1.4,5.0,7.0,1.44,5.5,8.0,1.4,5.13,7.46
2023,2024-05-11,Fulham,Manchester City,13.0,7.0,1.2,12.0,7.0,1.2,14.0,7.5,1.26,12.3,7.05,1.22
2023,2024-05-11,Newcastle United,Brighton,1.57,4.75,4.75,1.57,4.75,5.0,1.63,5.0,5.0,1.59,4.81,4.84
2023,2024-05-11,Nottingham Forest,Chelsea,3.4,3.8,2.0,4.0,4.0,1.85,3.6,4.21,2.08,3.39,3.94,2.03
2023,2024-05-11,Tottenham Hotspur,Burnley,1.36,5.75,7.0,1.29,6.5,8.0,1.39,6.3,7.9,1.35,6.01,7.33
2023,2024-05-11,West Ham United,Luton Town,1.8,4.2,3.8,1.85,4.0,3.8,1.86,4.6,4.04,1.82,4.33,3.83
2023,2024-05-11,Wolverhampton Wanderers,Crystal Palace,2.88,3.5,2.38,3.2,3.5,2.2,3.0,3.6,2.54,2.86,3.51,2.47
2023,2024-05-12,Manchester United,Arsenal,7.0,5.5,1.36,9.5,6.0,1.29,7.5,5.8,1.43,7.08,5.5,1.39
2023,2024-05-13,Aston Villa,Liverpool,4.2,4.33,1.7,3.7,4.75,1.75,4.4,4.75,1.77,4.15,4.55,1.71
2023,2024-05-14,Tottenham Hotspur,Manchester City,6.5,6.0,1.36,6.5,6.0,1.36,7.5,6.5,1.41,6.94,5.91,1.38
2023,2024-05-15,Brighton,Chelsea,3.3,4.0,1.95,3.2,4.0,2.0,3.52,4.21,2.05,3.37,3.99,2.02
2023,2024-05-15,Manchester United,Newcastle United,2.75,4.0,2.3,2.7,3.9,2.35,2.85,4.26,2.4,2.73,4.04,2.34
2023,2024-05-19,Arsenal,Everton,1.18,8.0,12.0,1.22,7.5,10.0,1.19,8.9,17.0,1.17,8.04,15.37
2023,2024-05-19,Brentford,Newcastle United,2.9,3.9,2.2,2.9,3.9,2.15,3.04,4.2,2.28,2.94,3.96,2.22
2023,2024-05-19,Brighton,Manchester United,2.15,4.0,2.9,2.6,4.0,2.38,2.24,4.37,3.0,2.17,4.11,2.95
2023,2024-05-19,Burnley,Nottingham Forest,3.0,3.5,2.3,2.8,3.8,2.3,3.0,3.9,2.37,2.9,3.74,2.32
2023,2024-05-19,Chelsea,Bournemouth,1.45,5.0,6.0,1.38,5.25,7.0,1.49,5.75,6.5,1.45,5.32,5.99
2023,2024-05-19,Crystal Palace,Aston Villa,1.85,4.33,3.6,1.57,4.5,4.75,1.93,4.5,3.84,1.87,4.28,3.67
2023,2024-05-19,Liverpool,Wolverhampton Wanderers,1.17,8.0,15.0,1.13,9.5,17.0,1.18,10.0,17.0,1.16,8.71,14.55
2023,2024-05-19,Luton Town,Fulham,2.9,3.9,2.2,3.0,3.9,2.15,3.0,4.35,2.3,2.92,3.95,2.23
2023,2024-05-19,Manchester City,West Ham United,1.08,12.0,21.0,1.07,15.0,19.0,1.11,14.0,25.0,1.1,11.72,21.81
2023,2024-05-19,Sheffield United,Tottenham Hotspur,7.0,6.0,1.33,7.5,5.75,1.33,7.9,6.34,1.39,7.32,6.04,1.35
2024,2024-08-16,Manchester United,Fulham,1.6,4.2,5.25,1.67,4.1,5.0,1.68,4.5,5.5,1.62,4.36,5.15
2024,2024-08-17,Arsenal,Wolverhampton Wanderers,1.18,7.5,13.0,1.14,8.5,15.0,1.2,9.1,18.0,1.18,7.86,15.87
2024,2024-08-17,Everton,Brighton,2.63,3.3,2.63,3.1,3.4,2.3,2.76,3.66,2.78,2.67,3.41,2.68
2024,2024-08-17,Ipswich Town,Liverpool,8.5,5.5,1.33,8.0,5.75,1.33,9.0,6.1,1.37,8.28,5.76,1.34
2024,2024-08-17,Newcastle United,Southampton,1.36,5.25,8.0,1.4,5.0,7.0,1.37,5.9,8.6,1.35,5.62,8.1
2024,2024-08-17,Nottingham Forest,Bournemouth,2.45,3.5,2.8,2.2,3.4,3.25,2.51,3.7,3.0,2.45,3.49,2.89
2024,2024-08-17,West Ham United,Aston Villa,2.45,3.6,2.75,2.4,3.5,2.8,2.49,3.91,2.87,2.44,3.69,2.79
2024,2024-08-18,Brentford,Crystal Palace,2.4,3.4,2.9,2.88,3.2,2.55,2.52,3.66,2.99,2.46,3.44,2.9
2024,2024-08-18,Chelsea,Manchester City,4.1,3.9,1.8,3.6,3.9,1.95,4.3,4.22,1.88,4.05,4.0,1.83
2024,2024-08-19,Leicester City,Tottenham Hotspur,5.0,4.33,1.62,4.5,4.2,1.7,5.3,4.52,1.67,5.01,4.37,1.63
2024,2024-08-24,Aston Villa,Arsenal,4.33,3.8,1.75,4.5,4.0,1.73,4.7,4.1,1.84,4.41,3.92,1.78
2024,2024-08-24,Brighton,Manchester United,2.5,3.7,2.63,2.3,3.8,2.88,2.54,3.87,2.79,2.5,3.72,2.69
2024,2024-08-24,Crystal Palace,West Ham United,2.15,3.6,3.2,1.95,3.9,3.7,2.21,3.76,3.36,2.17,3.63,3.25
2024,2024-08-24,Fulham,Leicester City,1.8,3.75,4.2,1.85,3.75,4.1,1.9,3.89,4.7,1.83,3.73,4.38
2024,2024-08-24,Manchester City,Ipswich Town,1.08,12.0,21.0,1.1,10.0,23.0,1.1,14.0,34.0,1.09,12.17,26.97
2024,2024-08-24,Southampton,Nottingham Forest,2.55,3.3,2.8,2.3,3.5,3.0,2.66,3.42,2.92,2.57,3.32,2.84
2024,2024-08-24,Tottenham Hotspur,Everton,1.44,4.75,6.5,1.36,5.25,7.5,1.49,5.1,7.3,1.44,4.95,6.75
2024,2024-08-25,Bournemouth,Newcastle United,2.9,3.8,2.2,2.55,3.6,2.6,3.06,3.95,2.32,2.99,3.8,2.25
2024,2024-08-25,Liverpool,Brentford,1.27,5.75,11.0,1.2,7.0,13.0,1.28,7.5,11.5,1.25,6.78,10.37
2024,2024-08-25,Wolverhampton Wanderers,Chelsea,4.33,4.0,1.75,3.75,3.8,1.9,4.6,4.17,1.82,4.37,4.0,1.77
2024,2024-08-31,Arsenal,Brighton,1.33,5.5,8.5,1.36,5.25,7.5,1.37,6.0,9.0,1.35,5.66,8.11
2024,2024-08-31,Brentford,Southampton,1.75,3.9,4.33,1.8,3.9,4.33,1.82,4.12,4.7,1.77,3.97,4.46
2024,2024-08-31,Everton,Bournemouth,2.75,3.4,2.55,3.0,3.4,2.35,2.85,3.5,2.64,2.78,3.4,2.59
2024,2024-08-31,Ipswich Town,Fulham,3.0,3.5,2.3,3.0,3.4,2.38,3.2,3.66,2.38,3.1,3.5,2.31
2024,2024-08-31,Leicester City,Aston Villa,4.5,4.0,1.7,4.0,3.7,1.85,4.9,4.2,1.78,4.62,4.02,1.74
2024,2024-08-31,Nottingham Forest,Wolverhampton Wanderers,2.0,3.7,3.7,1.95,3.6,3.7,2.1,3.76,3.79,2.03,3.66,3.65
2024,2024-08-31,West Ham United,Manchester City,7.0,5.5,1.38,7.5,5.0,1.4,8.0,5.8,1.41,7.57,5.49,1.38
2024,2024-09-01,Chelsea,Crystal Palace,1.6,4.33,5.0,1.65,4.33,4.75,1.68,4.55,5.2,1.63,4.4,5.01
2024,2024-09-01,Manchester United,Liverpool,3.7,4.2,1.85,3.5,4.1,1.91,4.0,4.4,1.9,3.82,4.2,1.85
2024,2024-09-01,Newcastle United,Tottenham Hotspur,2.5,4.0,2.5,2.45,3.9,2.55,2.56,4.12,2.63,2.51,3.97,2.56
2024,2024-09-14,Aston Villa,Everton,1.5,4.2,6.5,1.67,3.75,5.25,1.55,4.65,6.7,1.51,4.48,6.34
2024,2024-09-14,Bournemouth,Chelsea,3.4,3.8,2.0,3.1,3.6,2.2,3.45,4.12,2.09,3.33,3.96,2.05
2024,2024-09-14,Brighton,Ipswich Town,1.38,5.0,7.5,1.45,4.75,6.5,1.41,5.4,8.5,1.38,5.16,7.89
2024,2024-09-14,Crystal Palace,Leicester City,1.62,4.0,5.5,1.65,3.9,5.25,1.66,4.3,5.6,1.63,4.14,5.38
2024,2024-09-14,Fulham,West Ham United,2.38,3.25,3.0,2.25,3.3,3.2,2.5,3.6,3.03,2.42,3.48,2.92
2024,2024-09-14,Liverpool,Nottingham Forest,1.22,6.5,12.0,1.25,6.25,11.0,1.25,7.7,13.0,1.22,7.03,12.4
2024,2024-09-14,Manchester City,Brentford,1.18,8.0,12.0,1.17,8.0,15.0,1.21,9.2,17.0,1.17,8.2,14.79
2024,2024-09-14,Southampton,Manchester United,4.5,4.0,1.7,4.0,4.1,1.8,4.83,4.2,1.79,4.56,4.04,1.74
2024,2024-09-15,Tottenham Hotspur,Arsenal,3.0,3.5,2.3,2.7,3.4,2.6,3.13,3.75,2.4,2.99,3.59,2.33
2024,2024-09-15,Wolverhampton Wanderers,Newcastle United,3.4,3.5,2.1,3.6,3.5,2.05,3.48,3.8,2.18,3.36,3.69,2.11
2024,2024-09-21,Aston Villa,Wolverhampton Wanderers,1.57,4.2,5.25,1.65,4.0,4.75,1.62,4.6,5.6,1.59,4.39,5.35
2024,2024-09-21,Crystal Palace,Manchester United,2.88,3.75,2.3,2.75,3.5,2.45,2.96,3.88,2.42,2.85,3.72,2.36
2024,2024-09-21,Fulham,Newcastle United,3.0,3.4,2.4,2.9,3.4,2.4,3.0,3.61,2.52,2.86,3.51,2.45
2024,2024-09-21,Leicester City,Everton,2.45,3.4,2.88,2.1,3.5,3.5,2.58,3.6,2.92,2.52,3.44,2.82
2024,2024-09-21,Liverpool,Bournemouth,1.3,6.25,9.0,1.25,6.5,10.0,1.31,6.7,10.0,1.29,6.31,9.35
2024,2024-09-21,Southampton,Ipswich Town,2.25,3.5,3.2,2.45,3.4,2.88,2.3,3.7,3.27,2.25,3.52,3.17
2024,2024-09-21,Tottenham Hotspur,Brentford,1.55,4.5,5.5,1.48,5.0,6.0,1.58,5.0,5.6,1.55,4.72,5.41
2024,2024-09-21,West Ham United,Chelsea,3.6,3.9,1.95,3.5,3.9,1.95,3.71,4.0,2.05,3.49,3.89,2.01
2024,2024-09-22,Brighton,Nottingham Forest,1.75,3.75,4.75,1.8,3.7,4.33,2.44,3.99,4.75,1.86,3.83,4.21
2024,2024-09-22,Manchester City,Arsenal,1.8,3.6,4.5,1.75,3.5,5.0,1.87,3.75,4.75,1.83,3.62,4.52
2024,2024-09-28,Arsenal,Leicester City,1.17,8.0,15.0,1.2,7.5,13.0,1.21,8.8,18.0,1.18,7.82,15.12
2024,2024-09-28,Brentford,West Ham United,2.2,3.5,3.2,2.2,3.5,3.1,2.27,3.82,3.26,2.23,3.62,3.16
2024,2024-09-28,Chelsea,Brighton,1.73,4.2,4.2,1.75,4.2,4.0,1.77,4.35,4.5,1.74,4.23,4.35
2024,2024-09-28,Everton,Crystal Palace,2.7,3.3,2.63,2.7,3.25,2.6,2.8,3.59,2.71,2.73,3.39,2.63
2024,2024-09-28,Newcastle United,Manchester City,5.25,4.33,1.6,4.75,4.1,1.67,5.3,4.7,1.63,5.09,4.47,1.61
2024,2024-09-28,Nottingham Forest,Fulham,2.38,3.3,3.0,2.55,3.1,2.9,2.51,3.52,3.23,2.4,3.34,3.07
2024,2024-09-28,Wolverhampton Wanderers,Liverpool,8.0,5.75,1.33,8.0,5.75,1.33,8.5,5.9,1.38,8.05,5.55,1.35
2024,2024-09-29,Ipswich Town,Aston Villa,4.0,3.75,1.85,3.5,3.5,2.1,4.4,4.0,1.91,4.15,3.77,1.87
2024,2024-09-29,Manchester United,Tottenham Hotspur,2.35,3.75,2.75,2.05,3.9,3.2,2.42,4.13,2.8,2.36,3.89,2.77
2024,2024-09-30,Bournemouth,Southampton,1.65,4.1,5.0,1.48,4.33,6.5,1.68,4.53,5.25,1.65,4.29,4.91
2024,2024-10-05,Arsenal,Southampton,1.14,9.0,17.0,1.18,7.5,13.0,1.16,10.0,21.0,1.14,9.2,18.63
2024,2024-10-05,Brentford,Wolverhampton Wanderers,2.05,3.6,3.4,2.1,3.5,3.4,2.14,3.75,3.7,2.09,3.64,3.47
2024,2024-10-05,Crystal Palace,Liverpool,6.0,4.5,1.5,5.0,4.0,1.67,6.67,4.9,1.52,6.36,4.65,1.49
2024,2024-10-05,Everton,Newcastle United,3.2,3.6,2.2,3.7,3.7,1.95,3.25,3.77,2.29,3.15,3.62,2.23
2024,2024-10-05,Leicester City,Bournemouth,3.1,3.75,2.15,3.5,3.9,2.0,3.4,3.81,2.22,3.24,3.66,2.17
2024,2024-10-05,Manchester City,Fulham,1.25,7.0,9.5,1.25,6.5,10.0,1.27,7.6,12.0,1.24,6.85,11.11
2024,2024-10-05,West Ham United,Ipswich Town,1.8,3.8,4.33,1.9,3.8,3.8,1.86,4.1,4.45,1.8,3.96,4.25
2024,2024-10-06,Aston Villa,Manchester United,2.2,3.75,3.0,2.1,3.9,3.1,2.25,3.99,3.2,2.21,3.82,3.06
2024,2024-10-06,Brighton,Tottenham Hotspur,2.9,4.0,2.2,2.9,3.9,2.15,2.99,4.18,2.28,2.9,4.01,2.23
2024,2024-10-06,Chelsea,Nottingham Forest,1.48,4.5,6.5,1.48,4.5,6.5,1.52,4.95,7.0,1.48,4.73,6.32
2024,2024-10-19,Bournemouth,Arsenal,5.0,3.9,1.65,4.75,3.7,1.75,5.1,4.23,1.71,4.94,4.09,1.68
2024,2024-10-19,Fulham,Aston Villa,2.45,3.5,2.8,2.45,3.4,2.8,2.5,3.71,2.98,2.44,3.5,2.89
2024,2024-10-19,Ipswich Town,Everton,2.38,3.3,3.0,2.38,3.4,2.9,2.42,3.5,3.11,2.4,3.42,3.01
2024,2024-10-19,Manchester United,Brentford,1.7,4.2,4.5,1.62,4.2,5.0,1.75,4.5,4.75,1.71,4.28,4.48
2024,2024-10-19,Newcastle United,Brighton,1.95,3.7,3.6,1.73,4.0,4.5,2.05,4.08,3.66,2.01,3.88,3.51
2024,2024-10-19,Southampton,Leicester City,2.3,3.5,3.0,2.15,3.6,3.25,2.38,3.63,3.14,2.33,3.54,3.03
2024,2024-10-19,Tottenham Hotspur,West Ham United,1.5,5.0,5.25,1.45,5.25,5.75,1.54,5.1,6.0,1.5,4.91,5.73
2024,2024-10-20,Liverpool,Chelsea,1.62,4.1,5.0,1.67,4.33,4.2,1.67,4.69,5.1,1.63,4.39,4.89
2024,2024-10-20,Wolverhampton Wanderers,Manchester City,8.0,6.0,1.33,8.5,5.5,1.33,9.8,6.0,1.34,8.88,5.85,1.31
2024,2024-10-21,Nottingham Forest,Crystal Palace,2.3,3.5,3.0,2.3,3.3,3.1,2.41,3.5,3.21,2.36,3.31,3.11
2024,2024-10-25,Leicester City,Nottingham Forest,3.0,3.3,2.4,2.88,3.4,2.45,3.2,3.45,2.45,3.09,3.32,2.41
2024,2024-10-26,Aston Villa,Bournemouth,1.85,3.9,3.8,1.75,3.9,4.33,1.9,4.1,4.1,1.86,3.97,3.97
2024,2024-10-26,Brentford,Ipswich Town,1.65,4.33,4.75,1.67,4.2,4.75,1.71,4.4,5.1,1.67,4.27,4.86
2024,2024-10-26,Brighton,Wolverhampton Wanderers,1.62,4.5,4.5,1.55,4.33,5.5,1.68,4.5,5.1,1.64,4.32,4.94
2024,2024-10-26,Everton,Fulham,2.75,3.25,2.63,2.6,3.4,2.63,2.83,3.45,2.66,2.76,3.37,2.6
2024,2024-10-26,Manchester City,Southampton,1.11,10.0,17.0,1.13,9.5,15.0,1.13,13.0,26.0,1.11,10.94,21.04
2024,2024-10-27,Arsenal,Liverpool,2.5,3.25,2.9,2.2,3.3,3.3,2.54,3.59,2.96,2.49,3.37,2.89
2024,2024-10-27,Chelsea,Newcastle United,1.73,4.33,4.2,1.75,4.2,4.0,1.82,4.43,4.3,1.76,4.26,4.15
2024,2024-10-27,Crystal Palace,Tottenham Hotspur,3.9,4.0,1.83,3.6,4.0,1.91,4.1,4.13,1.88,3.97,3.97,1.85
2024,2024-10-27,West Ham United,Manchester United,2.88,3.75,2.3,3.3,3.75,2.1,2.98,3.98,2.38,2.89,3.71,2.33
2024,2024-11-02,Bournemouth,Manchester City,5.5,4.2,1.57,5.75,4.2,1.55,5.5,4.6,1.62,5.32,4.44,1.59
2024,2024-11-02,Ipswich Town,Leicester City,2.25,3.5,3.1,2.3,3.7,2.9,2.3,3.77,3.18,2.27,3.61,3.09
2024,2024-11-02,Liverpool,Brighton,1.4,5.0,7.5,1.36,5.25,7.5,1.43,5.8,7.5,1.39,5.4,7.12
2024,2024-11-02,Newcastle United,Arsenal,3.75,3.75,1.95,4.0,3.6,1.95,3.88,3.8,2.03,3.77,3.69,1.98
2024,2024-11-02,Nottingham Forest,West Ham United,2.15,3.5,3.4,2.0,3.5,3.75,2.2,3.69,3.58,2.15,3.52,3.43
2024,2024-11-02,Southampton,Everton,2.63,3.4,2.63,2.63,3.25,2.63,2.7,3.63,2.75,2.65,3.48,2.66
2024,2024-11-02,Wolverhampton Wanderers,Crystal Palace,2.5,3.4,2.88,2.35,3.4,3.0,2.61,3.59,2.92,2.53,3.4,2.85
2024,2024-11-03,Manchester United,Chelsea,2.6,3.5,2.6,2.63,3.5,2.6,2.63,4.06,2.61,2.58,3.78,2.56
2024,2024-11-03,Tottenham Hotspur,Aston Villa,1.91,4.0,3.6,1.91,4.0,3.5,1.98,4.28,3.71,1.93,4.07,3.55
2024,2024-11-04,Fulham,Brentford,2.0,3.7,3.5,1.95,3.8,3.6,2.08,3.9,3.61,2.03,3.73,3.52
2024,2024-11-09,Brentford,Bournemouth,2.5,3.5,2.7,2.6,3.5,2.63,2.61,3.7,2.8,2.53,3.59,2.72
2024,2024-11-09,Brighton,Manchester City,4.1,4.2,1.73,4.0,4.0,1.8,4.6,4.33,1.8,4.34,4.17,1.75
2024,2024-11-09,Crystal Palace,Fulham,2.7,3.5,2.55,3.3,3.25,2.25,2.82,3.73,2.7,2.7,3.48,2.61
2024,2024-11-09,Liverpool,Aston Villa,1.42,5.25,6.5,1.45,4.75,6.25,1.45,5.5,7.4,1.42,5.26,6.7
2024,2024-11-09,West Ham United,Everton,2.15,3.4,3.4,2.15,3.3,3.5,2.23,3.71,3.5,2.18,3.47,3.38
2024,2024-11-09,Wolverhampton Wanderers,Southampton,1.91,3.75,3.75,1.91,3.75,3.8,2.01,4.13,3.8,1.96,3.84,3.67
2024,2024-11-10,Chelsea,Arsenal,2.7,3.4,2.55,2.8,3.4,2.5,2.8,3.72,2.59,2.75,3.49,2.53
2024,2024-11-10,Manchester United,Leicester City,1.38,5.5,6.5,1.33,5.75,8.0,1.43,5.6,8.0,1.39,5.35,7.46
2024,2024-11-10,Nottingham Forest,Newcastle United,2.7,3.3,2.7,2.7,3.3,2.6,2.75,3.57,2.82,2.69,3.31,2.72
2024,2024-11-10,Tottenham Hotspur,Ipswich Town,1.25,6.5,9.0,1.25,6.5,9.5,1.27,7.3,11.0,1.26,6.76,9.98
2024,2024-11-23,Arsenal,Nottingham Forest,1.38,4.75,9.0,1.4,4.75,7.5,1.43,5.2,9.69,1.37,4.97,8.9
2024,2024-11-23,Aston Villa,Crystal Palace,1.62,4.0,5.5,1.73,3.7,5.0,1.68,4.28,5.7,1.63,4.11,5.45
2024,2024-11-23,Bournemouth,Brighton,2.4,3.6,2.8,2.35,3.6,2.88,2.45,3.75,2.99,2.41,3.62,2.86
2024,2024-11-23,Everton,Brentford,2.45,3.4,2.88,2.3,3.4,3.1,2.52,3.62,3.11,2.46,3.41,2.94
2024,2024-11-23,Fulham,Wolverhampton Wanderers,1.62,4.0,5.25,1.53,4.33,5.75,1.71,4.28,6.14,1.65,4.09,5.23
2024,2024-11-23,Leicester City,Chelsea,6.5,4.75,1.44,7.0,4.75,1.44,7.44,5.03,1.5,6.75,4.81,1.46
2024,2024-11-23,Manchester City,Tottenham Hotspur,1.48,4.75,6.0,1.4,5.0,7.0,1.52,5.29,6.36,1.49,5.01,5.92
2024,2024-11-24,Ipswich Town,Manchester United,5.25,4.0,1.62,5.0,4.1,1.65,5.3,4.48,1.68,5.06,4.22,1.63
2024,2024-11-24,Southampton,Liverpool,11.0,5.75,1.27,8.5,5.25,1.33,11.0,6.4,1.32,10.4,5.96,1.28
2024,2024-11-25,Newcastle United,West Ham United,1.5,4.5,6.0,1.45,4.75,6.25,1.54,4.79,6.6,1.5,4.57,6.21
2024,2024-11-29,Brighton,Southampton,1.38,5.0,7.5,1.38,5.25,7.5,1.43,5.5,8.0,1.39,5.29,7.57
2024,2024-11-30,Brentford,Leicester City,1.65,4.2,4.75,1.6,4.33,5.0,1.68,4.4,5.1,1.66,4.24,4.87
2024,2024-11-30,Crystal Palace,Newcastle United,2.9,3.6,2.3,3.2,3.4,2.2,3.21,4.1,2.36,3.04,3.56,2.3
2024,2024-11-30,Nottingham Forest,Ipswich Town,1.7,3.8,4.75,1.7,4.0,4.75,1.81,4.0,5.06,1.75,3.82,4.79
2024,2024-11-30,West Ham United,Arsenal,7.0,4.5,1.45,7.0,4.5,1.42,7.5,4.9,1.49,7.09,4.68,1.46
2024,2024-11-30,Wolverhampton Wanderers,Bournemouth,2.8,3.6,2.4,2.63,3.5,2.6,2.93,3.81,2.5,2.81,3.61,2.44
2024,2024-12-01,Chelsea,Aston Villa,1.7,4.1,4.5,1.7,4.0,4.5,1.75,4.35,4.7,1.71,4.21,4.51
2024,2024-12-01,Liverpool,Manchester City,2.1,3.6,3.3,2.0,3.8,3.5,2.14,3.8,3.55,2.09,3.7,3.37
2024,2024-12-01,Manchester United,Everton,1.53,4.2,6.0,1.57,4.0,5.75,1.56,4.5,6.5,1.54,4.33,6.08
2024,2024-12-01,Tottenham Hotspur,Fulham,1.7,4.5,4.1,1.95,4.2,3.3,1.77,4.5,4.4,1.72,4.35,4.24
2024,2024-12-03,Ipswich Town,Crystal Palace,3.0,3.4,2.35,3.2,3.4,2.25,3.2,3.54,2.44,3.09,3.37,2.38
2024,2024-12-03,Leicester City,West Ham United,2.9,3.4,2.38,3.0,3.5,2.3,2.95,3.67,2.57,2.9,3.44,2.47
2024,2024-12-04,Arsenal,Manchester United,1.44,4.5,7.0,1.45,4.33,6.25,1.49,5.0,7.2,1.46,4.73,6.92
2024,2024-12-04,Aston Villa,Brentford,1.8,3.75,4.33,1.67,4.0,5.0,1.84,4.21,4.53,1.8,4.01,4.24
2024,2024-12-04,Everton,Wolverhampton Wanderers,2.1,3.4,3.5,2.1,3.3,3.6,2.18,3.59,3.62,2.14,3.46,3.51
2024,2024-12-04,Manchester City,Nottingham Forest,1.36,4.75,9.0,1.3,5.25,9.5,1.41,5.5,9.0,1.37,5.21,8.25
2024,2024-12-04,Newcastle United,Liverpool,4.2,4.0,1.75,3.5,3.75,2.0,4.5,4.22,1.81,4.27,4.04,1.78
2024,2024-12-04,Southampton,Chelsea,8.5,5.25,1.33,8.5,5.5,1.3,9.0,6.0,1.37,8.39,5.64,1.34
2024,2024-12-05,Bournemouth,Tottenham Hotspur,2.63,3.75,2.45,2.1,4.0,3.0,2.75,4.12,2.5,2.65,3.92,2.42
2024,2024-12-05,Fulham,Brighton,2.35,3.6,2.88,2.55,3.6,2.6,2.4,3.82,3.04,2.33,3.65,2.92
2024,2024-12-07,Aston Villa,Southampton,1.36,5.5,7.0,1.3,5.5,9.0,1.39,5.6,8.1,1.37,5.41,7.78
2024,2024-12-07,Brentford,Newcastle United,2.88,3.75,2.3,2.88,3.75,2.3,2.94,3.85,2.41,2.86,3.74,2.36
2024,2024-12-07,Crystal Palace,Manchester City,5.5,4.2,1.57,4.5,4.0,1.73,5.5,4.5,1.63,5.39,4.33,1.6
2024,2024-12-07,Manchester United,Nottingham Forest,1.65,3.9,5.25,1.67,3.9,5.0,1.7,4.2,5.4,1.67,4.05,5.12
2024,2024-12-08,Fulham,Arsenal,5.0,4.33,1.6,5.0,4.33,1.62,6.0,4.35,1.65,5.4,4.24,1.61
2024,2024-12-08,Ipswich Town,Bournemouth,3.5,3.75,2.0,3.7,3.8,1.91,3.71,3.8,2.06,3.57,3.73,2.02
2024,2024-12-08,Leicester City,Brighton,4.5,3.8,1.73,5.0,4.2,1.65,4.69,4.2,1.8,4.48,4.02,1.75
2024,2024-12-08,Tottenham Hotspur,Chelsea,3.4,3.9,2.0,2.88,4.0,2.2,3.4,4.2,2.17,3.21,4.04,2.07
2024,2024-12-09,West Ham United,Wolverhampton Wanderers,1.9,3.9,3.75,1.8,3.9,4.2,1.96,3.95,4.0,1.91,3.85,3.81
2024,2024-12-14,Arsenal,Everton,1.22,6.5,12.0,1.22,6.5,13.0,1.26,6.63,15.0,1.23,6.33,13.36
2024,2024-12-14,Liverpool,Fulham,1.33,5.5,8.0,1.29,6.0,9.0,1.34,6.04,10.0,1.32,5.75,8.89
2024,2024-12-14,Newcastle United,Leicester City,1.3,6.0,8.5,1.29,6.25,9.0,1.34,6.06,10.0,1.31,5.83,9.08
2024,2024-12-14,Nottingham Forest,Aston Villa,2.63,3.3,2.7,2.7,3.2,2.75,2.68,3.59,2.78,2.64,3.39,2.68
2024,2024-12-14,Wolverhampton Wanderers,Ipswich Town,1.9,3.8,3.8,1.91,3.7,3.75,1.93,3.96,4.0,1.9,3.83,3.85
2024,2024-12-15,Brighton,Crystal Palace,1.85,3.8,3.9,1.91,3.6,3.9,1.93,3.94,4.05,1.89,3.82,3.9
2024,2024-12-15,Chelsea,Brentford,1.33,6.0,7.5,1.33,6.0,7.5,1.36,6.2,9.0,1.33,5.89,8.08
2024,2024-12-15,Manchester City,Manchester United,1.57,4.5,5.0,1.5,4.75,5.75,1.61,4.8,5.25,1.58,4.59,5.04
2024,2024-12-15,Southampton,Tottenham Hotspur,4.33,4.5,1.67,3.9,4.5,1.75,4.47,4.68,1.73,4.29,4.47,1.69
2024,2024-12-16,Bournemouth,West Ham United,1.7,4.0,4.75,1.73,4.1,4.2,1.75,4.4,4.75,1.71,4.19,4.43
2024,2024-12-21,Aston Villa,Manchester City,3.25,3.7,2.1,3.1,3.6,2.2,3.42,3.8,2.18,3.29,3.71,2.12
2024,2024-12-21,Brentford,Nottingham Forest,2.3,3.6,2.9,2.5,3.6,2.7,2.4,3.67,3.1,2.35,3.52,2.99
2024,2024-12-21,Crystal Palace,Arsenal,6.25,4.2,1.55,7.0,4.33,1.48,6.8,4.33,1.61,6.08,4.11,1.57
2024,2024-12-21,Ipswich Town,Newcastle United,4.75,3.75,1.73,4.75,3.9,1.73,4.75,4.06,1.77,4.61,3.95,1.74
2024,2024-12-21,West Ham United,Brighton,2.88,3.7,2.35,2.75,3.6,2.45,2.88,3.87,2.43,2.8,3.75,2.38
2024,2024-12-22,Everton,Chelsea,5.0,4.2,1.62,4.5,4.1,1.67,5.52,4.33,1.67,5.18,4.13,1.63
2024,2024-12-22,Fulham,Southampton,1.42,4.75,7.0,1.57,4.2,5.75,1.45,5.1,7.6,1.42,4.96,7.21
2024,2024-12-22,Leicester City,Wolverhampton Wanderers,2.55,3.4,2.7,2.9,3.4,2.38,2.63,3.71,2.75,2.55,3.56,2.69
2024,2024-12-22,Manchester United,Bournemouth,1.8,3.8,4.2,1.8,3.7,4.33,1.89,4.06,4.25,1.85,3.88,4.07
2024,2024-12-22,Tottenham Hotspur,Liverpool,4.5,4.0,1.73,4.75,4.5,1.6,4.5,4.64,1.76,4.29,4.33,1.72
2024,2024-12-26,Bournemouth,Crystal Palace,1.9,3.8,3.8,2.1,3.6,3.4,1.95,3.92,4.2,1.9,3.77,3.87
2024,2024-12-26,Chelsea,Fulham,1.48,4.75,6.0,1.45,5.25,5.75,1.52,5.1,6.75,1.47,4.88,6.15
2024,2024-12-26,Liverpool,Leicester City,1.08,12.0,23.0,1.07,12.0,23.0,1.1,13.84,34.0,1.08,12.4,25.35
2024,2024-12-26,Manchester City,Everton,1.33,5.5,7.5,1.33,5.5,8.5,1.37,5.73,9.4,1.34,5.46,8.59
2024,2024-12-26,Newcastle United,Aston Villa,1.91,3.8,3.75,1.9,3.8,3.8,1.97,4.02,3.8,1.93,3.91,3.66
2024,2024-12-26,Nottingham Forest,Tottenham Hotspur,2.3,3.75,2.88,2.1,3.9,3.0,2.42,3.85,2.9,2.35,3.74,2.82
2024,2024-12-26,Southampton,West Ham United,3.25,3.5,2.2,3.1,3.5,2.25,3.37,3.7,2.22,3.24,3.56,2.18
2024,2024-12-26,Wolverhampton Wanderers,Manchester United,3.9,3.7,1.91,4.33,3.8,1.8,3.99,3.8,2.0,3.8,3.7,1.94
2024,2024-12-27,Arsenal,Ipswich Town,1.14,9.0,15.0,1.14,8.5,17.0,1.18,9.0,20.05,1.16,8.37,17.31
2024,2024-12-27,Brighton,Brentford,1.62,4.33,4.75,1.6,4.5,4.75,1.66,4.64,5.1,1.64,4.44,4.89
2024,2024-12-29,Crystal Palace,Southampton,1.57,3.9,5.5,1.5,4.33,6.25,1.66,4.25,5.8,1.61,4.11,5.42
2024,2024-12-29,Everton,Nottingham Forest,2.6,3.2,2.8,2.63,3.1,2.88,2.71,3.24,2.9,2.64,3.16,2.83
2024,2024-12-29,Fulham,Bournemouth,2.3,3.6,2.88,2.25,3.4,3.2,2.4,3.77,3.0,2.35,3.58,2.91
2024,2024-12-29,Leicester City,Manchester City,7.5,5.5,1.36,9.5,6.25,1.27,8.8,5.9,1.37,7.92,5.62,1.34
2024,2024-12-29,Tottenham Hotspur,Wolverhampton Wanderers,1.6,5.0,4.2,1.65,4.33,4.5,1.66,5.0,4.75,1.61,4.77,4.56
2024,2024-12-29,West Ham United,Liverpool,7.0,5.0,1.4,7.0,5.25,1.38,7.5,5.5,1.43,7.04,5.21,1.4
2024,2024-12-30,Aston Villa,Brighton,1.9,3.8,3.6,1.85,3.7,4.1,1.99,4.02,3.8,1.94,3.86,3.61
2024,2024-12-30,Ipswich Town,Chelsea,6.5,4.75,1.42,7.0,5.0,1.4,7.83,5.4,1.46,6.87,5.02,1.41
2024,2024-12-30,Manchester United,Newcastle United,2.75,3.5,2.55,2.7,3.5,2.55,2.8,3.81,2.55,2.7,3.61,2.49
2024,2025-01-01,Brentford,Arsenal,6.5,4.75,1.44,5.5,4.33,1.55,7.2,5.0,1.49,6.67,4.8,1.44
2024,2025-01-04,Aston Villa,Leicester City,1.33,5.5,8.5,1.33,5.25,8.5,1.35,5.86,10.5,1.32,5.51,9.16
2024,2025-01-04,Bournemouth,Everton,1.73,3.75,4.75,1.67,3.8,5.0,1.8,3.99,5.0,1.75,3.82,4.71
2024,2025-01-04,Brighton,Arsenal,4.33,3.75,1.8,5.0,3.6,1.75,4.7,4.01,1.84,4.36,3.83,1.8
2024,2025-01-04,Crystal Palace,Chelsea,3.8,3.75,1.91,3.6,3.9,1.91,3.8,4.02,1.98,3.65,3.88,1.95
2024,2025-01-04,Manchester City,West Ham United,1.3,6.25,7.5,1.22,7.0,9.5,1.34,6.5,9.0,1.31,6.09,8.3
2024,2025-01-04,Southampton,Brentford,3.0,3.4,2.4,3.25,3.6,2.1,3.0,3.81,2.55,2.78,3.54,2.48
2024,2025-01-04,Tottenham Hotspur,Newcastle United,2.88,3.8,2.25,3.9,4.5,1.73,3.0,4.06,2.31,2.88,3.94,2.24
2024,2025-01-05,Fulham,Ipswich Town,1.55,4.2,5.75,1.53,4.2,6.0,1.6,4.46,6.25,1.56,4.34,5.68
2024,2025-01-05,Liverpool,Manchester United,1.29,6.25,8.0,1.36,5.5,7.5,1.3,6.5,11.0,1.29,6.05,9.49
2024,2025-01-06,Wolverhampton Wanderers,Nottingham Forest,3.3,3.2,2.3,3.9,3.5,1.95,3.44,3.35,2.42,3.22,3.22,2.33
2024,2025-01-14,Brentford,Manchester City,4.75,4.2,1.62,5.25,4.2,1.6,5.09,4.74,1.67,4.76,4.47,1.64
2024,2025-01-14,Chelsea,Bournemouth,1.48,4.75,6.0,1.5,4.75,5.25,1.61,4.99,6.4,1.5,4.81,5.92
2024,2025-01-14,Nottingham Forest,Liverpool,5.25,4.1,1.62,5.25,4.1,1.62,5.4,4.38,1.67,5.14,4.16,1.64
2024,2025-01-14,West Ham United,Fulham,3.0,3.4,2.38,3.0,3.3,2.35,3.05,3.54,2.49,2.97,3.43,2.41
2024,2025-01-15,Arsenal,Tottenham Hotspur,1.4,5.25,7.0,1.36,5.5,7.5,1.43,5.6,7.23,1.4,5.29,6.86
2024,2025-01-15,Everton,Aston Villa,3.25,3.2,2.3,3.4,3.1,2.25,3.3,3.35,2.39,3.2,3.24,2.35
2024,2025-01-15,Leicester City,Crystal Palace,3.9,3.6,1.91,3.8,3.7,1.91,4.01,3.94,1.96,3.88,3.73,1.92
2024,2025-01-15,Newcastle United,Wolverhampton Wanderers,1.36,5.5,8.0,1.36,5.0,7.5,1.38,5.9,9.0,1.35,5.54,8.08
2024,2025-01-16,Ipswich Town,Brighton,3.9,3.7,1.91,3.7,3.6,1.95,3.9,3.92,1.98,3.8,3.73,1.94
2024,2025-01-16,Manchester United,Southampton,1.29,6.0,9.5,1.27,6.0,10.0,1.33,6.0,10.5,1.3,5.79,9.4
2024,2025-01-18,Arsenal,Aston Villa,1.5,4.1,7.0,1.53,4.1,6.25,1.55,4.5,7.0,1.51,4.35,6.45
2024,2025-01-18,Brentford,Liverpool,6.5,5.0,1.42,5.75,5.0,1.48,7.0,5.35,1.49,6.43,5.15,1.43
2024,2025-01-18,Leicester City,Fulham,4.33,3.7,1.8,4.5,3.7,1.8,4.4,4.05,1.9,4.17,3.81,1.84
2024,2025-01-18,Newcastle United,Bournemouth,1.62,4.2,5.0,1.65,4.2,5.0,1.67,4.49,5.2,1.64,4.3,4.93
2024,2025-01-18,West Ham United,Crystal Palace,2.6,3.5,2.63,2.75,3.3,2.55,2.71,3.53,2.75,2.62,3.41,2.69
2024,2025-01-19,Everton,Tottenham Hotspur,2.8,3.5,2.45,2.5,3.3,2.8,3.0,3.77,2.5,2.91,3.51,2.41
2024,2025-01-19,Ipswich Town,Manchester City,7.5,5.25,1.36,7.0,5.0,1.4,9.0,5.6,1.41,7.72,5.36,1.36
2024,2025-01-19,Manchester United,Brighton,2.1,3.6,3.3,2.25,3.4,3.1,2.13,3.85,3.5,2.09,3.71,3.36
2024,2025-01-19,Nottingham Forest,Southampton,1.38,4.75,8.0,1.38,4.75,8.0,1.42,5.1,8.5,1.39,4.86,8.03
2024,2025-01-20,Chelsea,Wolverhampton Wanderers,1.36,5.75,6.5,1.45,5.0,6.25,1.41,5.8,8.5,1.37,5.51,7.3
2024,2025-01-25,Bournemouth,Nottingham Forest,2.05,3.7,3.4,1.91,3.7,3.8,2.14,3.75,3.5,2.09,3.64,3.42
2024,2025-01-25,Brighton,Everton,1.67,3.75,5.5,1.73,3.6,5.25,1.7,4.04,5.72,1.67,3.86,5.39
2024,2025-01-25,Liverpool,Ipswich Town,1.08,12.0,15.0,1.11,11.0,15.0,1.13,13.0,27.0,1.1,11.04,20.87
2024,2025-01-25,Manchester City,Chelsea,2.05,4.0,3.3,2.38,3.7,2.7,2.08,4.22,3.4,2.03,4.03,3.29
2024,2025-01-25,Southampton,Newcastle United,6.5,5.25,1.42,6.5,4.75,1.44,7.5,5.3,1.47,6.82,5.09,1.42
2024,2025-01-25,Wolverhampton Wanderers,Arsenal,7.0,4.5,1.45,5.75,4.0,1.6,7.5,4.8,1.5,6.85,4.65,1.46
2024,2025-01-26,Aston Villa,West Ham United,1.53,4.33,5.75,1.45,4.75,6.25,1.58,4.6,6.0,1.55,4.39,5.81
2024,2025-01-26,Crystal Palace,Brentford,2.05,3.75,3.3,1.95,3.75,3.6,2.09,3.82,3.62,2.06,3.68,3.47
2024,2025-01-26,Fulham,Manchester United,2.3,3.4,3.1,2.35,3.4,3.1,2.38,3.65,3.18,2.31,3.44,3.1
2024,2025-01-26,Tottenham Hotspur,Leicester City,1.45,5.5,5.5,1.5,4.75,5.5,1.49,5.5,6.25,1.46,5.21,5.89
2024,2025-02-01,Bournemouth,Liverpool,4.5,4.33,1.67,4.33,4.2,1.7,4.75,4.48,1.71,4.56,4.32,1.68
2024,2025-02-01,Everton,Leicester City,1.75,3.75,4.5,1.95,3.4,4.1,1.81,3.85,5.0,1.79,3.67,4.67
2024,2025-02-01,Ipswich Town,Southampton,1.95,3.6,3.8,1.9,3.6,3.9,2.02,3.9,3.95,1.98,3.67,3.74
2024,2025-02-01,Newcastle United,Fulham,1.7,4.0,4.75,1.7,3.9,4.75,1.73,4.25,5.1,1.71,4.07,4.66
2024,2025-02-01,Nottingham Forest,Brighton,2.38,3.5,2.8,2.63,3.3,2.7,2.48,3.57,2.99,2.44,3.46,2.89
2024,2025-02-01,Wolverhampton Wanderers,Aston Villa,3.3,3.6,2.1,3.2,3.4,2.2,3.5,3.81,2.18,3.36,3.58,2.14
2024,2025-02-02,Arsenal,Manchester City,1.95,3.5,4.0,1.9,3.8,3.8,2.01,3.75,4.08,1.97,3.58,3.83
2024,2025-02-02,Brentford,Tottenham Hotspur,2.1,3.9,3.2,1.91,4.0,3.5,2.16,4.33,3.25,2.11,3.97,3.1
2024,2025-02-02,Manchester United,Crystal Palace,2.0,3.5,3.8,1.75,3.6,4.75,2.08,3.59,3.85,2.04,3.48,3.71
2024,2025-02-03,Chelsea,West Ham United,1.36,4.75,8.0,1.27,6.0,9.5,1.39,5.92,8.0,1.36,5.54,7.58
2024,2025-02-12,Everton,Liverpool,7.5,4.5,1.44,7.0,4.33,1.45,8.0,4.9,1.46,7.36,4.71,1.44
2024,2025-02-14,Brighton,Chelsea,2.7,3.6,2.45,2.9,3.7,2.3,3.0,3.83,2.51,2.85,3.6,2.43
2024,2025-02-15,Aston Villa,Ipswich Town,1.4,4.75,7.0,1.42,4.75,7.0,1.43,5.2,8.2,1.41,4.96,7.45
2024,2025-02-15,Crystal Palace,Everton,1.8,3.4,5.0,1.95,3.1,4.5,1.87,3.57,5.3,1.81,3.45,4.94
2024,2025-02-15,Fulham,Nottingham Forest,2.2,3.4,3.3,2.1,3.4,3.5,2.28,3.48,3.52,2.22,3.35,3.39
2024,2025-02-15,Leicester City,Arsenal,8.5,5.0,1.33,9.5,5.25,1.33,10.5,5.6,1.36,9.45,5.29,1.34
2024,2025-02-15,Manchester City,Newcastle United,1.95,4.2,3.3,2.05,3.9,3.2,2.01,4.2,3.55,1.97,4.07,3.44
2024,2025-02-15,Southampton,Bournemouth,6.0,4.5,1.5,6.25,4.5,1.48,6.2,4.9,1.55,5.83,4.64,1.52
2024,2025-02-15,West Ham United,Brentford,2.35,3.6,2.88,2.35,3.6,2.88,2.49,3.77,2.9,2.41,3.64,2.82
2024,2025-02-16,Liverpool,Wolverhampton Wanderers,1.15,8.0,12.0,1.22,7.0,11.0,1.21,8.5,15.0,1.19,7.85,12.84
2024,2025-02-16,Tottenham Hotspur,Manchester United,2.45,3.75,2.62,2.15,3.8,3.1,2.51,3.85,2.8,2.45,3.73,2.69
2024,2025-02-19,Aston Villa,Liverpool,3.9,4.0,1.83,3.75,4.0,1.85,4.1,4.17,1.9,3.93,4.0,1.85
2024,2025-02-21,Leicester City,Brentford,3.6,3.8,1.91,3.5,3.8,1.95,3.81,4.01,2.0,3.7,3.86,1.96
2024,2025-02-22,Arsenal,West Ham United,1.27,6.0,10.0,1.27,5.75,11.0,1.27,6.7,13.0,1.25,6.2,11.63
2024,2025-02-22,Aston Villa,Chelsea,2.63,3.4,2.6,2.6,3.3,2.63,2.67,3.84,2.63,2.62,3.7,2.56
2024,2025-02-22,Bournemouth,Wolverhampton Wanderers,1.53,4.5,5.5,1.62,4.1,5.0,1.6,4.6,5.8,1.56,4.45,5.5
2024,2025-02-22,Everton,Manchester United,2.5,3.2,2.9,2.63,3.0,2.88,2.61,3.3,3.05,2.55,3.2,2.96
2024,2025-02-22,Fulham,Crystal Palace,2.05,3.4,3.7,2.1,3.4,3.6,2.08,3.61,3.89,2.05,3.48,3.74
2024,2025-02-22,Ipswich Town,Tottenham Hotspur,4.1,3.6,1.9,3.3,3.75,2.05,4.1,4.05,1.93,3.87,3.89,1.89
2024,2025-02-22,Southampton,Brighton,6.0,4.1,1.55,5.25,4.33,1.53,6.0,4.6,1.61,5.52,4.38,1.57
2024,2025-02-23,Manchester City,Liverpool,2.88,3.8,2.25,3.0,3.8,2.2,3.0,3.97,2.3,2.9,3.86,2.26
2024,2025-02-23,Newcastle United,Nottingham Forest,1.8,3.8,4.2,1.9,3.8,3.75,1.85,4.12,4.5,1.81,3.96,4.11
2024,2025-02-25,Brighton,Bournemouth,2.0,3.8,3.3,1.95,3.8,3.6,2.11,3.96,3.58,2.06,3.81,3.43
2024,2025-02-25,Chelsea,Southampton,1.17,8.0,13.0,1.17,8.0,15.0,1.19,9.4,16.5,1.17,8.55,14.69
2024,2025-02-25,Crystal Palace,Aston Villa,2.45,3.4,2.8,2.2,3.5,3.1,2.61,3.45,2.91,2.55,3.38,2.83
2024,2025-02-25,Wolverhampton Wanderers,Fulham,2.63,3.3,2.63,2.35,3.3,2.9,2.75,3.45,2.75,2.71,3.34,2.69
2024,2025-02-26,Brentford,Everton,2.0,3.7,3.5,1.95,3.6,3.5,2.06,3.82,3.67,2.02,3.68,3.59
2024,2025-02-26,Liverpool,Newcastle United,1.5,4.5,5.75,1.36,5.25,7.5,1.54,5.0,6.1,1.52,4.77,5.64
2024,2025-02-26,Manchester United,Ipswich Town,1.53,4.33,6.0,1.48,4.5,6.25,1.56,4.75,6.5,1.52,4.55,5.83
2024,2025-02-26,Nottingham Forest,Arsenal,3.9,3.6,1.95,4.2,3.4,1.91,4.1,3.6,2.02,3.94,3.48,1.98
2024,2025-02-26,Tottenham Hotspur,Manchester City,3.25,4.0,2.0,3.8,4.2,1.8,3.35,4.25,2.1,3.22,4.09,2.04
2024,2025-02-27,West Ham United,Leicester City,1.62,4.2,5.0,1.75,3.7,4.5,1.65,4.33,5.4,1.63,4.15,5.17
2024,2025-03-08,Brentford,Aston Villa,2.2,3.8,2.9,2.15,3.8,3.1,2.29,3.99,3.08,2.26,3.8,2.95
2024,2025-03-08,Brighton,Fulham,1.95,3.6,3.75,1.95,3.6,3.75,2.04,3.75,3.98,1.99,3.62,3.77
2024,2025-03-08,Crystal Palace,Ipswich Town,1.45,4.75,6.25,1.53,4.1,6.25,1.5,4.75,7.2,1.48,4.55,6.74
2024,2025-03-08,Liverpool,Southampton,1.1,9.0,19.0,1.1,10.0,21.0,1.14,11.3,25.0,1.12,9.97,19.5
2024,2025-03-08,Nottingham Forest,Manchester City,4.0,3.75,1.85,3.8,3.8,1.91,4.02,4.02,1.92,3.88,3.89,1.89
2024,2025-03-08,Wolverhampton Wanderers,Everton,2.6,3.1,2.88,2.8,3.0,2.8,2.71,3.31,2.95,2.63,3.14,2.87
2024,2025-03-09,Chelsea,Leicester City,1.18,8.0,12.0,1.22,7.0,10.0,1.22,8.4,15.5,1.2,7.67,12.34
2024,2025-03-09,Manchester United,Arsenal,5.75,3.5,1.7,5.0,3.6,1.75,6.0,3.81,1.75,5.41,3.58,1.72
2024,2025-03-09,Tottenham Hotspur,Bournemouth,2.7,3.9,2.35,2.8,3.75,2.35,2.79,3.98,2.45,2.71,3.88,2.4
2024,2025-03-10,West Ham United,Newcastle United,3.25,3.4,2.2,3.3,3.4,2.2,3.34,3.83,2.23,3.21,3.57,2.19
2024,2025-03-15,Bournemouth,Brentford,1.73,4.2,4.2,1.73,4.2,4.1,1.8,4.3,4.4,1.76,4.16,4.25
2024,2025-03-15,Everton,West Ham United,2.05,3.2,3.9,2.05,3.2,3.9,2.17,3.35,3.97,2.11,3.27,3.81
2024,2025-03-15,Ipswich Town,Nottingham Forest,3.75,3.5,2.0,3.9,3.5,1.95,3.93,3.71,2.05,3.8,3.59,1.99
2024,2025-03-15,Manchester City,Brighton,1.67,4.33,4.5,1.8,4.1,3.9,1.7,4.7,4.89,1.66,4.45,4.63
2024,2025-03-15,Southampton,Wolverhampton Wanderers,3.7,3.4,2.0,3.9,3.25,2.0,3.85,3.65,2.11,3.63,3.51,2.06
2024,2025-03-16,Arsenal,Chelsea,1.8,3.6,4.5,1.7,3.6,5.25,1.85,3.91,4.6,1.81,3.74,4.44
2024,2025-03-16,Fulham,Tottenham Hotspur,2.0,3.75,3.6,1.8,3.9,4.1,2.1,4.04,3.65,2.01,3.84,3.48
2024,2025-03-16,Leicester City,Manchester United,4.5,3.5,1.83,4.5,3.7,1.8,4.5,3.91,1.87,4.21,3.76,1.84
2024,2025-04-01,Arsenal,Fulham,1.48,4.33,7.0,1.5,4.1,7.0,1.52,4.5,9.0,1.48,4.2,7.73
2024,2025-04-01,Nottingham Forest,Manchester United,2.3,3.4,3.1,2.3,3.3,3.2,2.45,3.59,3.28,2.32,3.42,3.13
2024,2025-04-01,Wolverhampton Wanderers,West Ham United,2.5,3.2,2.9,2.3,3.2,3.25,2.63,3.3,3.1,2.57,3.2,2.92
2024,2025-04-02,Bournemouth,Ipswich Town,1.36,5.25,7.5,1.4,5.0,7.5,1.41,5.5,8.0,1.38,5.23,7.72
2024,2025-04-02,Brighton,Aston Villa,2.05,3.8,3.25,2.3,3.4,3.0,2.15,3.97,3.35,2.09,3.81,3.27
2024,2025-04-02,Liverpool,Everton,1.36,5.0,8.0,1.48,4.33,6.5,1.4,5.3,9.5,1.36,5.02,8.78
2024,2025-04-02,Manchester City,Leicester City,1.2,8.0,10.0,1.2,7.5,12.0,1.22,8.2,15.0,1.2,7.61,12.4
2024,2025-04-02,Newcastle United,Brentford,1.73,4.5,4.0,1.65,4.2,4.75,1.75,4.5,4.4,1.73,4.31,4.21
2024,2025-04-02,Southampton,Crystal Palace,5.75,3.8,1.62,5.5,4.0,1.6,5.8,4.28,1.65,5.5,4.01,1.62
2024,2025-04-03,Chelsea,Tottenham Hotspur,1.65,4.5,4.5,1.67,4.33,4.33,1.67,4.69,4.75,1.64,4.5,4.57
2024,2025-04-05,Aston Villa,Nottingham Forest,1.95,3.6,3.7,2.1,3.3,3.4,2.05,3.75,3.9,1.99,3.63,3.72
2024,2025-04-05,Crystal Palace,Brighton,2.35,3.6,2.8,2.5,3.5,2.7,2.5,3.6,2.97,2.43,3.46,2.87
2024,2025-04-05,Everton,Arsenal,5.25,3.25,1.75,3.9,3.2,2.1,5.6,3.6,1.81,5.15,3.44,1.78
2024,2025-04-05,Ipswich Town,Wolverhampton Wanderers,2.7,3.25,2.63,2.75,3.2,2.63,2.8,3.45,2.72,2.74,3.28,2.65
2024,2025-04-05,West Ham United,Bournemouth,3.0,3.5,2.3,2.9,3.5,2.38,3.2,3.53,2.41,3.04,3.47,2.34
2024,2025-04-06,Brentford,Chelsea,3.2,3.6,2.15,2.9,3.5,2.35,3.4,3.85,2.2,3.2,3.73,2.15
2024,2025-04-06,Fulham,Liverpool,4.5,3.5,1.83,4.2,3.4,1.91,4.5,3.8,1.9,4.24,3.7,1.86
2024,2025-04-06,Manchester United,Manchester City,3.4,3.6,2.1,3.4,3.6,2.05,3.45,3.75,2.2,3.33,3.61,2.13
2024,2025-04-06,Tottenham Hotspur,Southampton,1.38,5.5,6.5,1.36,5.5,7.0,1.43,5.6,7.75,1.39,5.32,7.12
2024,2025-04-07,Leicester City,Newcastle United,6.5,4.2,1.48,6.5,4.5,1.45,6.75,4.7,1.53,6.4,4.44,1.5
2024,2025-04-12,Arsenal,Brentford,1.6,4.33,5.0,1.6,4.33,5.0,1.65,4.33,5.5,1.61,4.16,5.35
2024,2025-04-12,Brighton,Leicester City,1.29,6.0,10.0,1.29,6.0,9.0,1.29,6.2,12.0,1.27,5.89,10.98
2024,2025-04-12,Manchester City,Crystal Palace,1.5,4.75,5.75,1.62,4.2,5.0,1.52,4.9,6.21,1.5,4.7,5.95
2024,2025-04-12,Nottingham Forest,Everton,2.1,3.3,3.7,1.91,3.3,4.1,2.15,3.48,3.9,2.11,3.33,3.67
2024,2025-04-12,Southampton,Aston Villa,6.0,4.2,1.55,6.25,4.33,1.5,6.0,5.6,1.57,5.65,4.42,1.55
2024,2025-04-13,Chelsea,Ipswich Town,1.27,7.0,8.5,1.17,7.5,12.0,1.28,7.0,12.0,1.25,6.57,9.7
2024,2025-04-13,Liverpool,West Ham United,1.3,6.0,8.0,1.25,5.5,11.0,1.31,6.2,10.4,1.3,5.89,9.45
2024,2025-04-13,Newcastle United,Manchester United,1.65,4.2,4.75,1.6,4.33,5.25,1.69,4.35,5.3,1.65,4.21,4.73
2024,2025-04-13,Wolverhampton Wanderers,Tottenham Hotspur,2.2,3.6,3.1,2.2,3.6,3.1,2.28,3.65,3.23,2.23,3.55,3.14
2024,2025-04-14,Bournemouth,Fulham,2.15,3.5,3.3,2.2,3.3,3.4,2.18,3.79,3.4,2.15,3.58,3.3
2024,2025-04-16,Newcastle United,Crystal Palace,1.67,3.9,5.0,1.65,3.9,5.0,1.75,4.15,5.0,1.71,3.96,4.75
2024,2025-04-19,Aston Villa,Newcastle United,2.3,3.6,2.75,2.55,3.7,2.6,2.42,3.75,2.95,2.36,3.63,2.85
2024,2025-04-19,Brentford,Brighton,2.4,3.75,2.63,2.6,3.5,2.55,2.56,3.85,2.75,2.5,3.61,2.7
2024,2025-04-19,Crystal Palace,Bournemouth,2.45,3.6,2.63,2.5,3.5,2.7,2.6,3.65,2.78,2.54,3.54,2.69
2024,2025-04-19,Everton,Manchester City,3.7,3.6,1.91,4.0,3.6,1.9,4.0,3.75,2.0,3.8,3.65,1.96
2024,2025-04-19,West Ham United,Southampton,1.48,4.33,6.5,1.62,4.2,5.0,1.52,4.65,6.72,1.49,4.49,6.44
2024,2025-04-20,Fulham,Chelsea,2.7,3.7,2.35,3.1,3.6,2.25,2.9,3.7,2.54,2.82,3.52,2.43
2024,2025-04-20,Ipswich Town,Arsenal,8.0,4.5,1.4,9.5,5.0,1.36,8.35,5.0,1.42,7.83,4.81,1.4
2024,2025-04-20,Leicester City,Liverpool,11.0,6.25,1.22,10.0,6.5,1.22,14.0,7.0,1.26,11.76,6.63,1.23
2024,2025-04-20,Manchester United,Wolverhampton Wanderers,2.0,3.6,3.6,2.55,3.5,2.7,2.03,3.67,3.85,2.0,3.58,3.72
2024,2025-04-21,Tottenham Hotspur,Nottingham Forest,2.45,3.6,2.63,2.3,3.5,3.0,2.55,3.85,2.78,2.47,3.71,2.66
2024,2025-04-22,Manchester City,Aston Villa,1.8,4.1,3.9,1.85,3.9,3.75,1.88,4.23,4.1,1.85,4.06,3.93
2024,2025-04-23,Arsenal,Crystal Palace,1.4,4.75,7.5,1.4,4.5,8.0,1.45,4.8,9.0,1.41,4.66,8.13
2024,2025-04-26,Brighton,West Ham United,1.67,4.2,4.75,1.75,4.0,4.2,1.7,4.28,5.0,1.67,4.14,4.76
2024,2025-04-26,Chelsea,Everton,1.55,4.0,6.0,1.42,4.75,7.0,1.62,4.18,6.1,1.58,4.08,5.91
2024,2025-04-26,Newcastle United,Ipswich Town,1.18,7.5,13.0,1.2,7.0,13.0,1.19,8.2,17.0,1.18,7.72,14.89
2024,2025-04-26,Southampton,Fulham,5.25,4.0,1.6,5.0,4.0,1.65,5.44,4.3,1.67,5.17,4.11,1.64
2024,2025-04-26,Wolverhampton Wanderers,Leicester City,1.5,4.2,6.25,1.53,4.2,6.0,1.54,4.55,6.5,1.51,4.38,6.24
2024,2025-04-27,Bournemouth,Manchester United,1.67,4.0,4.5,1.91,3.8,3.7,1.71,4.25,4.95,1.67,4.13,4.77
2024,2025-04-27,Liverpool,Tottenham Hotspur,1.25,6.0,11.0,1.2,7.0,13.0,1.27,6.89,11.0,1.25,6.57,9.98
2024,2025-05-01,Nottingham Forest,Brentford,2.15,3.5,3.25,2.3,3.5,3.0,2.22,3.72,3.34,2.17,3.55,3.27
2024,2025-05-02,Manchester City,Wolverhampton Wanderers,1.4,4.75,7.5,1.33,5.25,9.0,1.43,5.3,8.0,1.4,5.14,7.49
2024,2025-05-03,Arsenal,Bournemouth,2.05,3.7,3.4,1.67,4.0,4.75,2.14,3.7,3.62,2.08,3.6,3.47
2024,2025-05-03,Aston Villa,Fulham,1.77,3.75,4.5,1.85,3.75,4.0,1.85,4.0,4.6,1.79,3.88,4.32
2024,2025-05-03,Everton,Ipswich Town,1.45,4.33,6.5,1.55,4.33,5.75,1.49,4.55,7.6,1.47,4.4,7.07
2024,2025-05-03,Leicester City,Southampton,2.3,3.6,2.88,2.35,3.6,2.88,2.4,3.75,3.1,2.33,3.62,2.93
2024,2025-05-04,Brentford,Manchester United,1.65,4.1,4.75,1.62,4.33,4.75,1.71,4.25,4.95,1.67,4.14,4.74
2024,2025-05-04,Brighton,Newcastle United,2.88,3.7,2.3,3.1,3.7,2.15,2.93,3.91,2.38,2.86,3.77,2.31
2024,2025-05-04,Chelsea,Liverpool,2.15,3.7,3.1,2.3,3.6,2.8,2.21,3.8,3.24,2.18,3.71,3.14
2024,2025-05-04,West Ham United,Tottenham Hotspur,2.1,3.7,3.25,1.83,3.9,4.0,2.15,3.85,3.5,2.1,3.73,3.31
2024,2025-05-05,Crystal Palace,Nottingham Forest,2.25,3.4,3.2,2.15,3.4,3.4,2.35,3.47,3.24,2.29,3.38,3.15
2024,2025-05-10,Bournemouth,Aston Villa,2.4,3.6,2.75,2.55,3.5,2.63,2.52,3.8,2.78,2.45,3.68,2.71
2024,2025-05-10,Fulham,Everton,1.82,3.4,4.5,1.75,3.6,5.0,1.92,3.71,4.5,1.87,3.55,4.32
2024,2025-05-10,Ipswich Town,Brentford,5.0,4.0,1.65,5.75,4.5,1.5,5.1,4.53,1.68,4.94,4.2,1.65
2024,2025-05-10,Southampton,Manchester City,11.0,7.5,1.2,13.0,7.0,1.2,15.0,8.0,1.2,13.37,7.58,1.19
2024,2025-05-10,Wolverhampton Wanderers,Brighton,2.7,3.5,2.5,2.9,3.4,2.35,2.8,3.53,2.61,2.73,3.47,2.54
2024,2025-05-11,Liverpool,Arsenal,2.0,3.6,3.6,2.2,3.6,3.1,2.1,3.65,3.71,2.06,3.54,3.57
2024,2025-05-11,Manchester United,West Ham United,1.9,3.6,4.0,2.0,3.7,3.5,2.0,3.92,4.0,1.92,3.72,3.83
2024,2025-05-11,Newcastle United,Chelsea,2.1,3.75,3.1,2.2,3.75,3.0,2.16,4.0,3.28,2.13,3.76,3.18
2024,2025-05-11,Nottingham Forest,Leicester City,1.33,5.25,8.0,1.4,5.0,7.0,1.36,5.7,9.8,1.33,5.34,8.83
2024,2025-05-11,Tottenham Hotspur,Crystal Palace,2.63,3.6,2.5,3.1,3.6,2.2,2.71,3.77,2.56,2.65,3.68,2.5
2024,2025-05-16,Aston Villa,Tottenham Hotspur,1.3,6.0,8.5,1.25,6.5,9.5,1.36,6.2,9.0,1.32,5.95,8.45
2024,2025-05-16,Chelsea,Manchester United,1.44,5.0,6.25,1.55,4.5,5.25,1.5,5.1,7.0,1.46,4.9,6.51
2024,2025-05-18,Arsenal,Newcastle United,1.95,3.7,3.7,1.91,3.7,3.8,2.08,3.7,3.83,2.01,3.59,3.7
2024,2025-05-18,Brentford,Fulham,1.91,3.9,3.6,2.0,3.8,3.4,1.99,4.0,3.7,1.93,3.9,3.64
2024,2025-05-18,Everton,Southampton,1.4,4.75,7.5,1.4,4.75,7.0,1.43,5.0,8.6,1.4,4.79,7.93
2024,2025-05-18,Leicester City,Ipswich Town,2.3,3.6,2.9,2.2,3.7,3.0,2.4,3.69,3.0,2.33,3.59,2.94
2024,2025-05-18,West Ham United,Nottingham Forest,2.75,3.3,2.55,2.9,3.4,2.4,2.88,3.56,2.63,2.8,3.4,2.53
2024,2025-05-19,Brighton,Liverpool,2.6,3.75,2.45,2.15,3.8,3.0,2.69,4.04,2.5,2.63,3.82,2.46
2024,2025-05-20,Crystal Palace,Wolverhampton Wanderers,2.25,3.3,3.2,2.35,3.3,3.1,2.31,3.4,3.36,2.27,3.32,3.26
2024,2025-05-20,Manchester City,Bournemouth,1.55,4.33,5.75,1.33,5.5,8.0,1.58,4.8,5.8,1.55,4.51,5.49
2024,2025-05-25,Bournemouth,Leicester City,1.33,5.25,8.5,1.33,5.5,8.0,1.38,6.0,9.0,1.33,5.61,8.35
2024,2025-05-25,Fulham,Manchester City,5.0,4.2,1.6,5.75,4.5,1.5,5.54,4.59,1.65,5.15,4.28,1.61
2024,2025-05-25,Ipswich Town,West Ham United,3.0,3.8,2.2,3.2,3.5,2.2,3.1,4.01,2.28,2.99,3.85,2.21
2024,2025-05-25,Liverpool,Crystal Palace,1.4,6.0,5.75,1.36,6.0,6.0,1.43,6.1,6.62,1.4,5.65,6.27
2024,2025-05-25,Manchester United,Aston Villa,4.33,4.2,1.7,4.5,4.33,1.67,4.5,4.33,1.76,4.37,4.16,1.73
2024,2025-05-25,Newcastle United,Everton,1.33,5.5,8.5,1.29,6.0,9.5,1.36,5.85,9.5,1.32,5.6,8.77
2024,2025-05-25,Nottingham Forest,Chelsea,3.0,3.75,2.2,3.4,3.75,2.0,3.2,3.85,2.25,3.09,3.72,2.2
2024,2025-05-25,Southampton,Arsenal,8.5,6.0,1.3,12.0,6.0,1.25,11.0,6.11,1.31,9.45,5.83,1.29
2024,2025-05-25,Tottenham Hotspur,Brighton,4.2,4.33,1.7,3.7,4.0,1.85,4.38,4.55,1.73,4.23,4.43,1.71
2024,2025-05-25,Wolverhampton Wanderers,Brentford,2.7,3.7,2.45,2.9,3.7,2.25,2.77,3.85,2.48,2.71,3.76,2.43
2025,2025-08-15,Liverpool,Bournemouth,1.3,6.0,8.5,1.29,6.25,9.0,1.34,6.5,9.5,1.31,5.96,8.31
2025,2025-08-16,Aston Villa,Newcastle United,2.25,3.5,2.9,2.45,3.4,2.8,2.38,3.75,3.1,2.3,3.56,2.94
2025,2025-08-16,Brighton,Fulham,1.91,3.6,4.0,1.8,3.7,4.33,1.95,3.75,4.0,1.92,3.62,3.91
2025,2025-08-16,Sunderland,West Ham United,3.25,3.4,2.25,3.4,3.2,2.25,3.25,3.5,2.3,3.17,3.38,2.26
2025,2025-08-16,Tottenham Hotspur,Burnley,1.38,4.75,8.5,1.55,3.9,6.25,1.4,5.0,9.5,1.37,4.8,8.3
2025,2025-08-16,Wolverhampton Wanderers,Manchester City,6.25,4.75,1.45,6.25,4.2,1.53,7.5,5.0,1.48,6.73,4.73,1.44
2025,2025-08-17,Chelsea,Crystal Palace,1.62,4.33,4.5,1.8,3.75,4.33,1.64,4.35,5.5,1.61,4.21,5.08
2025,2025-08-17,Manchester United,Arsenal,3.6,3.6,1.95,3.8,3.7,1.91,3.75,3.66,2.1,3.57,3.56,2.01
2025,2025-08-17,Nottingham Forest,Brentford,2.2,3.3,3.5,1.9,3.5,4.2,2.2,3.5,3.55,2.15,3.36,3.43
2025,2025-08-18,Leeds United,Everton,2.38,3.3,3.0,2.35,3.25,3.1,2.5,3.5,3.05,2.39,3.29,2.96
2025,2025-08-22,West Ham United,Chelsea,4.75,3.8,1.73,4.5,3.8,1.75,5.0,4.0,1.76,4.68,3.88,1.71
2025,2025-08-23,Arsenal,Leeds United,1.27,6.25,9.5,1.33,5.5,8.5,1.29,6.25,12.0,1.27,5.93,10.61
2025,2025-08-23,Bournemouth,Wolverhampton Wanderers,1.8,3.8,4.2,1.8,3.7,4.33,1.82,4.0,4.5,1.79,3.88,4.24
2025,2025-08-23,Brentford,Aston Villa,3.1,3.6,2.2,3.4,3.5,2.1,3.2,3.66,2.3,3.11,3.53,2.21
2025,2025-08-23,Burnley,Sunderland,2.2,3.2,3.5,2.35,3.2,3.2,2.3,3.25,3.6,2.25,3.16,3.42
2025,2025-08-23,Manchester City,Tottenham Hotspur,1.48,4.5,6.25,1.55,4.33,5.25,1.5,5.0,6.5,1.48,4.7,6.08
2025,2025-08-24,Crystal Palace,Nottingham Forest,2.35,3.3,3.1,2.35,3.25,3.1,2.4,3.3,3.2,2.35,3.26,3.07
2025,2025-08-24,Everton,Brighton,3.1,3.3,2.3,2.88,3.3,2.45,3.25,3.4,2.4,3.08,3.3,2.32
2025,2025-08-24,Fulham,Manchester United,3.25,3.5,2.15,3.4,3.6,2.05,3.35,3.65,2.2,3.27,3.53,2.13
2025,2025-08-25,Newcastle United,Liverpool,3.25,3.8,2.05,2.9,3.6,2.3,3.45,4.0,2.1,3.3,3.83,2.02
2025,2025-08-30,Chelsea,Fulham,1.55,4.33,5.25,1.67,3.9,4.75,1.57,4.5,6.0,1.55,4.35,5.6
2025,2025-08-30,Leeds United,Newcastle United,3.5,3.4,2.1,3.9,3.4,2.0,3.5,3.6,2.2,3.37,3.49,2.12
2025,2025-08-30,Manchester United,Burnley,1.33,5.25,8.0,1.4,5.25,7.0,1.4,5.5,9.0,1.35,5.15,8.28
2025,2025-08-30,Sunderland,Brentford,3.0,3.3,2.4,3.1,3.3,2.3,3.0,3.35,2.54,2.92,3.27,2.46
2025,2025-08-30,Tottenham Hotspur,Bournemouth,1.73,4.2,4.2,1.91,3.75,3.75,1.76,4.25,4.5,1.73,4.06,4.29
2025,2025-08-30,Wolverhampton Wanderers,Everton,2.7,3.2,2.75,3.4,3.2,2.25,2.75,3.3,2.8,2.66,3.19,2.74
2025,2025-08-31,Aston Villa,Crystal Palace,1.85,3.7,4.0,2.15,3.6,3.2,1.95,3.75,4.2,1.88,3.56,4.07
2025,2025-08-31,Brighton,Manchester City,3.8,3.9,1.9,3.6,3.6,2.0,4.0,4.0,1.91,3.78,3.84,1.85
2025,2025-08-31,Liverpool,Arsenal,2.2,3.5,3.2,2.38,3.4,3.0,2.25,3.6,3.25,2.2,3.49,3.17
2025,2025-08-31,Nottingham Forest,West Ham United,1.67,3.75,5.25,1.62,4.0,5.0,1.73,3.85,5.5,1.69,3.74,5.03
2025,2025-09-13,Arsenal,Nottingham Forest,1.38,5.0,8.0,1.4,4.75,7.5,1.42,5.0,9.0,1.38,4.85,8.16
2025,2025-09-13,Bournemouth,Brighton,2.35,3.5,2.9,2.35,3.5,2.9,2.43,3.65,3.0,2.38,3.5,2.87
2025,2025-09-13,Brentford,Chelsea,4.5,3.9,1.73,4.2,3.75,1.83,4.8,4.1,1.75,4.54,3.92,1.73
2025,2025-09-13,Crystal Palace,Sunderland,1.65,3.75,5.75,1.67,3.6,5.5,1.71,4.1,6.0,1.66,3.76,5.42
2025,2025-09-13,Everton,Aston Villa,2.45,3.3,2.9,2.7,3.1,2.8,2.5,3.4,3.05,2.44,3.27,2.95
2025,2025-09-13,Fulham,Leeds United,1.91,3.5,4.0,2.0,3.4,3.75,2.0,3.65,4.1,1.96,3.51,3.89
2025,2025-09-13,Newcastle United,Wolverhampton Wanderers,1.42,4.75,7.0,1.36,5.0,8.5,1.44,4.8,8.5,1.43,4.62,7.45
2025,2025-09-13,West Ham United,Tottenham Hotspur,3.4,3.6,2.1,3.1,3.5,2.2,3.5,3.75,2.12,3.36,3.56,2.1
2025,2025-09-14,Burnley,Liverpool,8.0,5.5,1.33,9.0,5.75,1.3,9.5,5.6,1.35,8.6,5.43,1.33
2025,2025-09-14,Manchester City,Manchester United,1.75,4.0,4.2,1.62,4.2,4.75,1.8,4.3,4.5,1.76,3.99,4.19
2025,2025-09-20,Brighton,Tottenham Hotspur,2.25,3.7,3.0,2.1,3.6,3.3,2.28,3.75,3.1,2.25,3.61,3.0
2025,2025-09-20,Burnley,Nottingham Forest,3.4,3.3,2.2,3.5,3.3,2.15,3.5,3.5,2.2,3.36,3.37,2.18
2025,2025-09-20,Fulham,Brentford,2.0,3.4,3.8,2.1,3.25,3.6,2.05,3.6,4.0,2.02,3.48,3.69
2025,2025-09-20,Liverpool,Everton,1.45,4.75,6.5,1.5,4.33,6.25,1.48,4.8,7.5,1.45,4.65,6.7
2025,2025-09-20,Manchester United,Chelsea,2.6,3.8,2.45,2.55,3.75,2.5,2.8,3.8,2.5,2.68,3.69,2.44
2025,2025-09-20,West Ham United,Crystal Palace,2.88,3.5,2.38,3.1,3.5,2.25,3.1,3.5,2.4,2.98,3.36,2.37
2025,2025-09-20,Wolverhampton Wanderers,Leeds United,2.7,3.2,2.75,3.1,3.1,2.45,2.71,3.25,2.8,2.67,3.16,2.74
2025,2025-09-21,Arsenal,Manchester City,1.85,3.9,3.8,2.0,3.6,3.6,1.95,3.9,4.0,1.9,3.7,3.85
2025,2025-09-21,Bournemouth,Newcastle United,2.5,3.5,2.7,2.5,3.2,2.9,2.54,3.6,2.88,2.44,3.45,2.78
2025,2025-09-21,Sunderland,Aston Villa,3.4,3.5,2.1,3.8,3.3,2.0,3.75,3.5,2.12,3.56,3.34,2.1
2025,2025-09-27,Brentford,Manchester United,3.4,3.8,2.0,3.2,3.75,2.1,3.5,4.0,2.1,3.4,3.77,2.02
2025,2025-09-27,Chelsea,Brighton,1.85,3.8,3.8,2.0,3.75,3.5,1.91,4.0,4.1,1.86,3.86,3.86
2025,2025-09-27,Crystal Palace,Liverpool,3.8,3.8,1.9,4.2,3.6,1.85,4.0,3.8,1.95,3.82,3.72,1.91
2025,2025-09-27,Leeds United,Bournemouth,3.1,3.25,2.38,3.0,3.2,2.45,3.1,3.4,2.5,2.98,3.29,2.41
2025,2025-09-27,Manchester City,Burnley,1.17,7.5,15.0,1.17,7.5,15.0,1.19,8.0,17.0,1.17,7.48,15.54
2025,2025-09-27,Nottingham Forest,Sunderland,1.75,3.75,4.5,1.75,3.8,4.75,1.8,3.75,5.0,1.77,3.67,4.64
2025,2025-09-27,Tottenham Hotspur,Wolverhampton Wanderers,1.5,4.5,6.0,1.5,4.2,6.5,1.5,4.9,7.0,1.47,4.57,6.38
2025,2025-09-28,Aston Villa,Fulham,2.3,3.1,3.4,2.2,3.3,3.4,2.35,3.3,3.4,2.29,3.19,3.3
2025,2025-09-28,Newcastle United,Arsenal,3.6,3.4,2.1,3.4,3.3,2.15,3.66,3.4,2.2,3.51,3.32,2.12
2025,2025-09-29,Everton,West Ham United,1.7,3.75,5.0,1.62,3.9,5.5,1.76,3.75,5.0,1.72,3.69,4.83
2025,2025-10-03,Bournemouth,Fulham,1.95,3.5,3.9,1.95,3.4,4.1,2.0,3.6,4.0,1.97,3.5,3.85
2025,2025-10-04,Arsenal,West Ham United,1.18,6.5,17.0,1.17,8.0,15.0,1.2,7.5,17.0,1.19,6.83,15.25
2025,2025-10-04,Chelsea,Liverpool,2.8,3.75,2.3,2.9,3.6,2.3,2.95,3.8,2.38,2.87,3.7,2.28
2025,2025-10-04,Leeds United,Tottenham Hotspur,2.7,3.5,2.5,2.8,3.4,2.5,2.88,3.55,2.55,2.75,3.46,2.49
2025,2025-10-04,Manchester United,Sunderland,1.5,4.75,5.75,1.62,4.33,5.0,1.53,4.75,6.5,1.5,4.55,5.98
2025,2025-10-05,Aston Villa,Burnley,1.6,4.0,5.75,1.55,4.1,6.0,1.62,4.2,6.0,1.59,4.0,5.76
2025,2025-10-05,Brentford,Manchester City,4.75,4.5,1.62,4.75,4.2,1.62,5.0,4.5,1.67,4.73,4.27,1.64
2025,2025-10-05,Everton,Crystal Palace,2.45,3.25,3.0,2.6,3.2,2.8,2.65,3.25,3.0,2.53,3.21,2.89
2025,2025-10-05,Newcastle United,Nottingham Forest,1.57,4.2,5.5,1.5,4.5,6.0,1.61,4.4,5.75,1.58,4.21,5.46
2025,2025-10-05,Wolverhampton Wanderers,Brighton,3.6,3.7,2.0,3.4,3.6,2.1,3.85,3.7,2.0,3.67,3.6,1.99
2025,2025-10-18,Brighton,Newcastle United,2.63,3.4,2.6,2.88,3.5,2.35,2.75,3.66,2.65,2.61,3.48,2.62
2025,2025-10-18,Burnley,Leeds United,3.25,3.25,2.25,3.4,3.25,2.15,3.45,3.33,2.3,3.3,3.25,2.26
2025,2025-10-18,Crystal Palace,Bournemouth,2.2,3.4,3.25,2.15,3.3,3.5,2.3,3.4,3.35,2.25,3.35,3.22
2025,2025-10-18,Fulham,Arsenal,5.75,4.1,1.55,6.25,4.2,1.5,6.5,4.4,1.57,6.14,4.13,1.54
2025,2025-10-18,Manchester City,Everton,1.4,5.0,7.0,1.42,4.33,8.5,1.41,5.25,9.0,1.38,4.92,7.91
2025,2025-10-18,Nottingham Forest,Chelsea,3.7,3.8,1.95,3.1,3.5,2.25,3.85,3.85,1.95,3.75,3.74,1.93
2025,2025-10-18,Sunderland,Wolverhampton Wanderers,2.5,3.0,3.1,2.5,3.0,3.1,2.5,3.15,3.25,2.46,3.07,3.13
2025,2025-10-19,Liverpool,Manchester United,1.6,4.5,5.0,1.7,4.2,4.2,1.62,4.7,5.1,1.6,4.4,4.89
2025,2025-10-19,Tottenham Hotspur,Aston Villa,2.05,3.5,3.5,2.2,3.4,3.1,2.15,3.7,3.5,2.06,3.56,3.42
2025,2025-10-20,West Ham United,Brentford,2.5,3.25,2.88,2.8,3.25,2.55,2.5,3.55,2.95,2.46,3.37,2.82
2025,2025-10-24,Leeds United,West Ham United,1.8,3.5,4.75,1.8,3.6,4.5,1.83,3.65,5.0,1.81,3.57,4.59
2025,2025-10-25,Brentford,Liverpool,4.1,4.2,1.75,3.9,4.0,1.83,4.5,4.2,1.78,4.28,4.13,1.73
2025,2025-10-25,Chelsea,Sunderland,1.36,4.75,9.0,1.45,4.5,7.0,1.42,5.25,9.5,1.37,4.99,8.31
2025,2025-10-25,Manchester United,Brighton,1.95,3.8,3.5,1.95,3.8,3.4,2.05,4.0,3.6,2.0,3.83,3.45
2025,2025-10-25,Newcastle United,Fulham,1.62,3.9,5.5,1.6,4.1,5.75,1.64,4.1,6.0,1.62,3.97,5.44
2025,2025-10-26,Arsenal,Crystal Palace,1.4,4.75,7.5,1.38,5.0,8.0,1.44,4.75,8.7,1.41,4.6,7.76
2025,2025-10-26,Aston Villa,Manchester City,4.33,3.8,1.8,4.2,3.75,1.83,4.33,4.0,1.89,4.08,3.8,1.83
2025,2025-10-26,Bournemouth,Nottingham Forest,1.8,3.8,4.33,2.0,3.75,3.6,1.81,3.95,4.6,1.79,3.79,4.29
2025,2025-10-26,Everton,Tottenham Hotspur,2.35,3.4,3.0,2.2,3.5,3.25,2.4,3.4,3.15,2.35,3.38,2.99
2025,2025-10-26,Wolverhampton Wanderers,Burnley,1.95,3.3,4.2,1.91,3.3,4.33,2.0,3.4,4.25,1.97,3.3,4.06
2025,2025-11-01,Brighton,Leeds United,1.85,3.75,4.0,1.91,3.6,3.9,1.91,3.9,4.33,1.85,3.74,4.11
2025,2025-11-01,Burnley,Arsenal,10.0,6.0,1.27,13.0,6.25,1.22,13.0,6.0,1.29,10.97,5.65,1.28
2025,2025-11-01,Crystal Palace,Brentford,1.91,3.6,3.9,2.05,3.4,3.5,1.95,3.75,4.1,1.92,3.65,3.85
2025,2025-11-01,Fulham,Wolverhampton Wanderers,1.83,3.5,4.5,1.73,3.8,4.5,1.87,3.65,4.8,1.84,3.46,4.51
2025,2025-11-01,Liverpool,Aston Villa,1.65,4.33,4.5,1.67,4.33,4.33,1.67,4.5,5.0,1.63,4.32,4.81
2025,2025-11-01,Nottingham Forest,Manchester United,3.3,3.75,2.05,3.1,3.8,2.1,3.6,3.8,2.1,3.41,3.67,2.05
2025,2025-11-01,Tottenham Hotspur,Chelsea,2.7,3.5,2.5,3.1,3.5,2.25,2.8,3.6,2.6,2.71,3.52,2.5
2025,2025-11-02,Manchester City,Bournemouth,1.5,4.75,5.75,1.42,5.0,7.0,1.5,4.9,6.5,1.49,4.64,5.9
2025,2025-11-02,West Ham United,Newcastle United,5.25,4.0,1.62,4.75,4.2,1.65,5.5,4.4,1.67,4.99,4.08,1.64
2025,2025-11-03,Sunderland,Everton,2.7,3.2,2.7,3.3,3.0,2.3,2.8,3.2,2.8,2.74,3.12,2.67
2025,2025-11-08,Chelsea,Wolverhampton Wanderers,1.36,4.75,8.5,1.36,5.0,8.0,1.37,5.3,9.0,1.36,5.06,8.27
2025,2025-11-08,Everton,Fulham,2.2,3.3,3.4,2.3,3.3,3.2,2.25,3.35,3.5,2.2,3.28,3.4
2025,2025-11-08,Sunderland,Arsenal,7.5,5.0,1.38,7.5,4.33,1.44,9.5,5.0,1.4,8.39,4.67,1.39
2025,2025-11-08,Tottenham Hotspur,Manchester United,2.63,3.6,2.5,2.9,3.4,2.35,2.75,3.7,2.6,2.65,3.58,2.52
2025,2025-11-08,West Ham United,Burnley,1.91,3.5,4.0,1.85,3.6,4.1,2.0,3.6,4.1,1.94,3.5,3.98
2025,2025-11-09,Aston Villa,Bournemouth,2.2,3.4,3.25,2.3,3.3,3.1,2.28,3.5,3.4,2.19,3.45,3.25
2025,2025-11-09,Brentford,Newcastle United,2.8,3.5,2.45,2.8,3.4,2.5,2.95,3.5,2.5,2.84,3.4,2.45
2025,2025-11-09,Crystal Palace,Brighton,2.25,3.5,3.1,2.38,3.4,3.0,2.33,3.6,3.15,2.27,3.52,3.04
2025,2025-11-09,Manchester City,Liverpool,1.9,3.9,3.7,1.85,4.0,3.8,1.91,4.0,4.0,1.88,3.92,3.72
2025,2025-11-09,Nottingham Forest,Leeds United,2.25,3.25,3.3,2.2,3.0,3.6,2.25,3.4,3.45,2.22,3.32,3.29
2025,2025-11-22,Bournemouth,West Ham United,1.62,4.2,4.75,1.65,4.1,4.75,1.64,4.2,5.5,1.62,4.09,5.14
2025,2025-11-22,Brighton,Brentford,1.91,3.6,4.0,2.15,3.4,3.4,1.96,3.75,4.0,1.93,3.66,3.82
2025,2025-11-22,Burnley,Chelsea,6.25,4.5,1.48,5.0,4.2,1.6,7.0,4.75,1.52,6.56,4.45,1.48
2025,2025-11-22,Fulham,Sunderland,2.1,3.25,3.75,2.0,3.4,4.0,2.15,3.3,3.9,2.1,3.24,3.74
2025,2025-11-22,Liverpool,Nottingham Forest,1.44,5.0,6.25,1.45,4.5,7.0,1.44,5.0,7.5,1.42,4.86,6.97
2025,2025-11-22,Newcastle United,Manchester City,3.6,3.8,1.95,3.8,3.75,1.91,3.65,3.8,2.0,3.54,3.75,1.98
2025,2025-11-22,Wolverhampton Wanderers,Crystal Palace,3.8,3.6,1.95,4.5,3.9,1.75,4.1,3.6,2.0,3.86,3.5,1.97
2025,2025-11-23,Arsenal,Tottenham Hotspur,1.42,4.75,7.5,1.48,4.33,7.0,1.42,4.9,8.5,1.39,4.66,8.03
2025,2025-11-23,Leeds United,Aston Villa,3.0,3.3,2.4,3.2,3.3,2.25,3.15,3.35,2.45,3.04,3.25,2.37
2025,2025-11-24,Manchester United,Everton,1.75,4.0,4.33,1.85,3.6,4.1,1.78,4.1,4.6,1.74,3.83,4.49
2025,2025-11-29,Brentford,Burnley,1.45,4.5,7.0,1.48,4.33,6.5,1.49,4.8,7.5,1.45,4.54,6.96
2025,2025-11-29,Everton,Newcastle United,2.8,3.25,2.63,2.63,3.3,2.7,2.95,3.4,2.63,2.79,3.31,2.55
2025,2025-11-29,Manchester City,Leeds United,1.22,6.5,12.0,1.2,7.5,11.0,1.25,6.5,13.0,1.23,6.42,11.78
2025,2025-11-29,Sunderland,Bournemouth,3.2,3.3,2.3,3.2,3.3,2.3,3.2,3.4,2.43,3.04,3.3,2.35
2025,2025-11-29,Tottenham Hotspur,Fulham,2.2,3.3,3.3,2.38,3.4,3.0,2.25,3.55,3.6,2.18,3.39,3.33
2025,2025-11-30,Aston Villa,Wolverhampton Wanderers,1.5,4.33,6.5,1.5,4.5,6.25,1.5,4.6,7.5,1.48,4.39,6.57
2025,2025-11-30,Chelsea,Arsenal,3.4,3.3,2.2,2.88,3.2,2.55,3.45,3.45,2.25,3.33,3.35,2.18
2025,2025-11-30,Crystal Palace,Manchester United,2.3,3.4,3.1,2.05,3.7,3.4,2.38,3.75,3.1,2.32,3.51,2.93
2025,2025-11-30,Nottingham Forest,Brighton,2.75,3.3,2.63,3.0,3.3,2.45,2.8,3.4,2.63,2.72,3.36,2.54
2025,2025-11-30,West Ham United,Liverpool,4.33,4.33,1.67,4.75,4.5,1.57,4.45,4.33,1.8,4.28,4.06,1.74
2025,2025-12-02,Bournemouth,Everton,2.2,3.25,3.3,2.15,3.5,3.3,2.25,3.4,3.45,2.2,3.29,3.38
2025,2025-12-02,Fulham,Manchester City,4.33,4.1,1.73,5.0,4.2,1.62,5.0,4.2,1.73,4.66,4.04,1.69
2025,2025-12-02,Newcastle United,Tottenham Hotspur,1.83,3.8,4.1,1.85,3.75,4.0,1.83,3.9,4.5,1.8,3.78,4.24
2025,2025-12-03,Arsenal,Brentford,1.36,5.0,8.5,1.42,4.5,7.5,1.37,5.25,10.5,1.35,4.97,8.94
2025,2025-12-03,Brighton,Aston Villa,2.15,3.5,3.4,2.25,3.4,3.2,2.17,3.65,3.4,2.15,3.48,3.33
2025,2025-12-03,Burnley,Crystal Palace,4.5,3.8,1.75,4.75,3.75,1.73,4.75,3.8,1.8,4.57,3.71,1.77
2025,2025-12-03,Leeds United,Chelsea,4.1,4.1,1.8,3.9,3.5,1.95,4.5,4.1,1.8,4.31,3.87,1.78
2025,2025-12-03,Liverpool,Sunderland,1.36,5.25,7.0,1.36,5.5,7.0,1.37,5.5,8.5,1.35,5.29,8.05
2025,2025-12-03,Wolverhampton Wanderers,Nottingham Forest,3.25,3.4,2.25,3.1,3.25,2.38,3.45,3.4,2.3,3.28,3.3,2.24
2025,2025-12-04,Manchester United,West Ham United,1.45,5.0,6.0,1.4,5.25,6.5,1.46,5.1,7.0,1.43,4.81,6.59
2025,2025-12-06,Aston Villa,Arsenal,4.2,3.5,1.9,4.2,3.5,1.9,4.2,3.5,1.95,4.13,3.45,1.91
2025,2025-12-06,Bournemouth,Chelsea,3.1,3.75,2.15,3.3,3.75,2.05,3.25,3.75,2.2,3.14,3.67,2.16
2025,2025-12-06,Everton,Nottingham Forest,2.2,3.2,3.5,2.05,3.25,3.9,2.2,3.35,3.65,2.17,3.25,3.52
2025,2025-12-06,Leeds United,Liverpool,3.8,4.0,1.85,4.2,4.0,1.75,4.2,4.2,1.91,3.95,3.9,1.84
2025,2025-12-06,Manchester City,Sunderland,1.25,6.5,10.0,1.25,6.5,10.0,1.26,6.5,13.0,1.24,6.22,11.38
2025,2025-12-06,Newcastle United,Burnley,1.27,6.0,9.5,1.3,5.5,9.5,1.3,6.0,11.5,1.28,5.72,10.39
2025,2025-12-06,Tottenham Hotspur,Brentford,2.3,3.5,3.0,2.5,3.3,2.88,2.38,3.5,3.2,2.31,3.44,3.03
2025,2025-12-07,Brighton,West Ham United,1.55,4.33,5.75,1.6,4.2,5.25,1.57,4.5,6.0,1.55,4.32,5.63
2025,2025-12-07,Fulham,Crystal Palace,2.55,3.3,2.8,2.4,3.4,2.9,2.63,3.4,2.88,2.57,3.27,2.77
2025,2025-12-08,Wolverhampton Wanderers,Manchester United,4.2,4.0,1.75,4.75,4.0,1.67,4.4,4.1,1.8,4.22,3.9,1.77
2025,2025-12-13,Arsenal,Wolverhampton Wanderers,1.13,8.5,21.0,1.11,9.0,21.0,1.14,9.5,26.0,1.12,8.62,22.31
2025,2025-12-13,Burnley,Fulham,4.0,3.5,1.91,3.9,3.5,1.95,4.0,3.6,2.0,3.93,3.48,1.95
2025,2025-12-13,Chelsea,Everton,1.67,3.8,5.25,1.73,3.75,4.75,1.7,4.0,5.5,1.66,3.9,5.09
2025,2025-12-13,Liverpool,Brighton,1.67,4.0,4.75,1.75,3.9,4.33,1.7,4.3,5.0,1.67,4.17,4.62
2025,2025-12-14,Brentford,Leeds United,1.91,3.6,4.0,2.15,3.3,3.6,2.0,3.7,4.0,1.94,3.54,3.85
2025,2025-12-14,Crystal Palace,Manchester City,3.9,3.9,1.85,4.0,3.8,1.85,4.2,4.0,1.88,3.98,3.81,1.83
2025,2025-12-14,Nottingham Forest,Tottenham Hotspur,2.55,3.3,2.8,2.7,3.3,2.7,2.63,3.35,2.88,2.55,3.28,2.76
2025,2025-12-14,Sunderland,Newcastle United,3.3,3.3,2.25,3.4,3.4,2.2,3.35,3.4,2.28,3.26,3.33,2.22
2025,2025-12-14,West Ham United,Aston Villa,3.75,3.5,2.0,3.3,3.4,2.2,3.9,3.65,2.05,3.63,3.51,2.0
2025,2025-12-15,Manchester United,Bournemouth,1.83,4.0,3.8,1.73,4.33,4.2,1.85,4.25,4.0,1.82,3.98,3.84
2025,2025-12-20,Bournemouth,Burnley,1.48,4.33,6.5,1.48,4.5,6.25,1.5,4.75,7.0,1.47,4.44,6.59
2025,2025-12-20,Brighton,Sunderland,1.67,4.0,5.25,1.85,3.7,4.1,1.7,4.2,5.5,1.65,3.95,5.16
2025,2025-12-20,Everton,Arsenal,5.75,4.1,1.57,6.25,4.1,1.53,6.5,4.1,1.62,6.03,3.89,1.57
2025,2025-12-20,Leeds United,Crystal Palace,2.6,3.3,2.75,2.88,3.1,2.63,2.7,3.3,2.88,2.6,3.25,2.76
2025,2025-12-20,Manchester City,West Ham United,1.22,8.0,10.0,1.2,7.5,11.0,1.22,8.0,13.0,1.2,7.36,11.88
2025,2025-12-20,Newcastle United,Chelsea,2.75,3.6,2.45,2.8,3.6,2.3,2.85,3.65,2.6,2.73,3.51,2.47
2025,2025-12-20,Tottenham Hotspur,Liverpool,3.5,3.75,2.0,3.6,3.6,2.0,3.5,3.85,2.1,3.36,3.71,2.02
2025,2025-12-20,Wolverhampton Wanderers,Brentford,3.5,3.6,2.05,3.4,3.4,2.1,3.75,3.6,2.1,3.59,3.48,2.05
2025,2025-12-21,Aston Villa,Manchester United,2.1,3.6,3.3,2.0,3.7,3.6,2.15,3.75,3.4,2.1,3.64,3.26
2025,2025-12-22,Fulham,Nottingham Forest,2.4,3.25,3.0,2.63,3.3,2.75,2.5,3.4,3.1,2.42,3.27,2.93
2025,2025-12-26,Manchester United,Newcastle United,2.55,3.6,2.6,2.5,3.7,2.6,2.55,3.75,2.8,2.47,3.58,2.67
2025,2025-12-27,Arsenal,Brighton,1.42,4.75,7.0,1.33,5.5,8.0,1.44,5.0,8.0,1.41,4.73,7.34
2025,2025-12-27,Brentford,Bournemouth,2.25,3.6,3.0,2.25,3.4,3.2,2.32,3.75,3.1,2.25,3.57,2.98
2025,2025-12-27,Burnley,Everton,4.1,3.4,1.95,3.6,3.1,2.2,4.25,3.5,2.0,4.03,3.33,1.96
2025,2025-12-27,Chelsea,Aston Villa,1.83,3.9,4.0,1.75,4.0,4.2,1.89,4.0,4.2,1.84,3.82,3.97
2025,2025-12-27,Liverpool,Wolverhampton Wanderers,1.25,6.5,10.0,1.22,7.0,11.0,1.25,6.75,13.0,1.24,6.31,11.25
2025,2025-12-27,Nottingham Forest,Manchester City,5.0,4.33,1.6,5.0,4.2,1.62,5.6,4.4,1.6,5.21,4.24,1.59
2025,2025-12-27,West Ham United,Fulham,2.63,3.4,2.6,3.0,3.3,2.35,2.8,3.5,2.75,2.65,3.38,2.59
2025,2025-12-28,Crystal Palace,Tottenham Hotspur,2.25,3.25,3.2,2.2,3.4,3.25,2.3,3.45,3.35,2.25,3.33,3.19
2025,2025-12-28,Sunderland,Leeds United,2.5,3.1,2.88,2.9,3.2,2.55,2.7,3.25,2.88,2.56,3.18,2.8
2025,2025-12-30,Arsenal,Aston Villa,1.42,4.75,7.0,1.36,5.25,7.5,1.45,5.0,7.5,1.43,4.68,7.02
2025,2025-12-30,Burnley,Newcastle United,5.25,4.2,1.6,5.5,4.2,1.57,5.75,4.35,1.62,5.5,4.11,1.59
2025,2025-12-30,Chelsea,Bournemouth,1.5,4.75,5.75,1.62,4.5,5.0,1.53,4.75,6.5,1.51,4.56,5.81
2025,2025-12-30,Manchester United,Wolverhampton Wanderers,1.36,5.25,8.0,1.36,5.25,7.0,1.4,5.25,9.0,1.37,5.06,8.09
2025,2025-12-30,Nottingham Forest,Everton,2.1,3.25,3.7,1.83,3.5,4.2,2.2,3.25,3.8,2.12,3.21,3.7
2025,2025-12-30,West Ham United,Brighton,3.4,3.75,2.0,3.4,3.7,2.1,3.6,3.75,2.1,3.41,3.67,2.04
2025,2026-01-01,Brentford,Tottenham Hotspur,2.1,3.6,3.2,2.4,3.5,2.88,2.15,3.6,3.5,2.11,3.49,3.35
2025,2026-01-01,Crystal Palace,Fulham,2.15,3.3,3.4,2.2,3.25,3.4,2.2,3.4,3.5,2.17,3.34,3.4
2025,2026-01-01,Liverpool,Leeds United,1.55,4.5,5.5,1.48,4.5,6.5,1.55,4.6,6.4,1.53,4.41,5.83
2025,2026-01-01,Sunderland,Manchester City,7.5,4.75,1.38,7.0,5.0,1.42,8.5,5.0,1.44,7.81,4.82,1.39
2025,2026-01-03,Aston Villa,Nottingham Forest,1.75,3.9,4.5,1.91,3.5,4.0,1.8,3.9,4.75,1.76,3.74,4.54
2025,2026-01-03,Bournemouth,Arsenal,6.5,4.75,1.44,6.0,4.5,1.5,6.5,5.0,1.53,6.13,4.57,1.48
2025,2026-01-03,Brighton,Burnley,1.48,4.33,7.0,1.44,4.5,7.0,1.5,4.5,7.0,1.49,4.35,6.56
2025,2026-01-03,Wolverhampton Wanderers,West Ham United,2.5,3.3,2.88,2.6,3.4,2.63,2.52,3.5,2.95,2.48,3.37,2.82
2025,2026-01-04,Everton,Brentford,2.35,3.25,3.1,2.45,3.2,3.1,2.4,3.25,3.25,2.36,3.19,3.1
2025,2026-01-04,Fulham,Liverpool,3.8,3.75,1.91,4.0,3.75,1.85,3.95,3.8,1.96,3.74,3.68,1.92
2025,2026-01-04,Leeds United,Manchester United,2.7,3.3,2.63,2.8,3.2,2.6,2.8,3.5,2.63,2.68,3.44,2.56
2025,2026-01-04,Manchester City,Chelsea,1.6,4.75,4.5,1.5,5.0,5.5,1.67,4.75,5.1,1.63,4.39,4.66
2025,2026-01-04,Newcastle United,Crystal Palace,1.7,3.9,4.75,1.67,4.1,4.75,1.7,4.1,5.3,1.67,3.92,4.89
2025,2026-01-04,Tottenham Hotspur,Sunderland,1.8,3.6,4.5,1.95,3.5,3.9,1.84,3.8,4.7,1.8,3.65,4.37
2025,2026-01-06,West Ham United,Nottingham Forest,2.88,3.25,2.2,2.9,3.5,2.35,3.25,3.4,2.38,3.1,3.33,2.3
2025,2026-01-07,Bournemouth,Tottenham Hotspur,2.1,3.6,3.3,2.2,3.6,3.1,2.18,3.75,3.4,2.11,3.62,3.27
2025,2026-01-07,Brentford,Sunderland,1.85,3.5,4.33,2.05,3.3,3.75,1.88,3.6,4.5,1.83,3.56,4.36
2025,2026-01-07,Burnley,Manchester United,4.75,4.0,1.7,4.75,3.9,1.7,5.0,4.0,1.75,4.68,3.95,1.7
2025,2026-01-07,Crystal Palace,Aston Villa,3.1,3.3,2.3,2.9,3.4,2.4,3.2,3.5,2.38,3.08,3.36,2.31
2025,2026-01-07,Everton,Wolverhampton Wanderers,1.75,3.5,5.0,1.85,3.5,4.33,1.8,3.65,5.25,1.76,3.55,4.85
2025,2026-01-07,Fulham,Chelsea,3.4,3.6,2.05,3.7,3.5,2.0,3.5,3.7,2.12,3.38,3.59,2.07
2025,2026-01-07,Manchester City,Brighton,1.4,5.25,6.5,1.5,4.5,5.75,1.4,5.5,8.5,1.37,5.23,7.27
2025,2026-01-07,Newcastle United,Leeds United,1.67,3.8,5.0,1.6,3.9,6.0,1.73,4.1,5.5,1.67,3.87,5.02
2025,2026-01-08,Arsenal,Liverpool,1.6,4.1,5.0,1.57,4.1,5.75,1.64,4.33,5.6,1.6,4.11,5.25
2025,2026-01-17,Chelsea,Brentford,1.73,4.0,4.75,1.85,3.75,4.1,1.73,4.1,5.1,1.69,3.97,4.75
2025,2026-01-17,Leeds United,Fulham,2.15,3.3,3.5,2.35,3.4,3.0,2.23,3.4,3.5,2.17,3.33,3.41
2025,2026-01-17,Liverpool,Burnley,1.22,6.5,11.0,1.22,6.5,12.0,1.25,6.75,16.0,1.22,6.4,12.44
2025,2026-01-17,Manchester United,Manchester City,3.7,3.8,1.91,2.9,3.6,2.3,3.7,4.0,2.0,3.55,3.87,1.94
2025,2026-01-17,Nottingham Forest,Arsenal,6.0,4.33,1.53,5.5,3.9,1.62,6.5,4.4,1.57,6.1,4.16,1.54
2025,2026-01-17,Sunderland,Crystal Palace,2.75,3.1,2.75,2.4,3.2,3.1,2.75,3.2,2.85,2.69,3.15,2.74
2025,2026-01-17,Tottenham Hotspur,West Ham United,1.73,4.0,4.5,1.85,3.75,3.9,1.75,4.0,4.9,1.71,3.91,4.63
2025,2026-01-18,Aston Villa,Everton,1.67,3.9,5.25,1.62,3.9,5.75,1.7,4.0,5.5,1.66,3.87,5.09
2025,2026-01-18,Wolverhampton Wanderers,Newcastle United,4.75,4.0,1.7,4.5,4.0,1.7,5.0,4.2,1.73,4.6,3.98,1.7
2025,2026-01-19,Brighton,Bournemouth,1.85,3.9,3.8,1.95,3.75,3.7,1.91,4.1,4.1,1.85,3.92,3.75
2025,2026-01-24,Bournemouth,Liverpool,3.75,3.8,1.9,4.2,4.0,1.75,3.85,4.0,1.92,3.73,3.87,1.89
2025,2026-01-24,Burnley,Tottenham Hotspur,3.7,3.5,2.05,3.9,3.4,2.0,3.8,3.5,2.1,3.64,3.39,2.05
2025,2026-01-24,Fulham,Brighton,2.6,3.4,2.7,2.55,3.3,2.75,2.6,3.5,2.75,2.54,3.42,2.71
2025,2026-01-24,Manchester City,Wolverhampton Wanderers,1.2,7.0,11.0,1.3,5.75,9.0,1.24,7.5,15.0,1.21,6.68,12.0
2025,2026-01-24,West Ham United,Sunderland,2.5,3.2,2.88,2.2,3.3,3.25,2.6,3.4,2.9,2.51,3.24,2.85
2025,2026-01-25,Arsenal,Manchester United,1.55,4.2,6.0,1.53,4.5,5.75,1.6,4.2,6.4,1.55,4.08,5.89
2025,2026-01-25,Brentford,Nottingham Forest,1.91,3.5,4.1,1.85,3.6,4.33,1.95,3.6,4.35,1.9,3.49,4.02
2025,2026-01-25,Crystal Palace,Chelsea,3.5,3.8,2.0,3.4,3.5,2.1,3.65,3.8,2.05,3.5,3.66,2.0
2025,2026-01-25,Newcastle United,Aston Villa,1.95,3.7,3.7,2.15,3.6,3.3,2.02,3.8,3.7,1.98,3.66,3.54
2025,2026-01-26,Everton,Leeds United,2.5,3.25,2.9,2.5,3.2,2.9,2.6,3.25,3.0,2.48,3.15,2.92
2025,2026-01-31,Brighton,Everton,1.85,3.6,4.1,1.91,3.5,4.0,1.91,3.75,4.3,1.86,3.6,4.13
2025,2026-01-31,Chelsea,West Ham United,1.5,4.5,6.0,1.62,4.33,5.0,1.51,4.75,6.5,1.49,4.53,6.05
2025,2026-01-31,Leeds United,Arsenal,5.75,4.2,1.55,5.5,4.2,1.57,6.75,4.25,1.57,6.16,4.1,1.54
2025,2026-01-31,Liverpool,Newcastle United,1.8,3.9,4.1,1.62,4.33,4.75,1.83,4.2,4.2,1.77,3.99,4.12
2025,2026-01-31,Wolverhampton Wanderers,Bournemouth,2.9,3.5,2.3,2.8,3.5,2.45,3.1,3.6,2.38,2.95,3.5,2.31
2025,2026-02-01,Aston Villa,Brentford,2.1,3.5,3.4,2.38,3.4,3.0,2.12,3.6,3.6,2.08,3.47,3.46
2025,2026-02-01,Manchester United,Fulham,1.57,4.5,5.0,1.53,4.75,5.25,1.61,4.6,5.5,1.58,4.32,5.2
2025,2026-02-01,Nottingham Forest,Crystal Palace,1.95,3.5,3.9,2.1,3.3,3.6,1.98,3.6,4.0,1.95,3.48,3.88
2025,2026-02-01,Tottenham Hotspur,Manchester City,4.5,4.1,1.73,4.75,4.1,1.67,4.6,4.4,1.75,4.41,4.06,1.71
2025,2026-02-02,Sunderland,Burnley,1.8,3.5,4.75,1.91,3.3,4.33,1.83,3.6,5.0,1.8,3.42,4.73
2025,2026-02-06,Leeds United,Nottingham Forest,2.2,3.3,3.4,2.1,3.4,3.5,2.33,3.4,3.5,2.21,3.26,3.37
2025,2026-02-07,Arsenal,Sunderland,1.22,6.25,12.0,1.25,6.0,11.0,1.23,6.75,16.0,1.21,6.23,14.08
2025,2026-02-07,Bournemouth,Aston Villa,2.7,3.5,2.5,2.8,3.6,2.4,2.8,3.75,2.5,2.68,3.6,2.46
2025,2026-02-07,Burnley,West Ham United,3.3,3.5,2.15,3.2,3.7,2.15,3.4,3.6,2.2,3.28,3.5,2.14
2025,2026-02-07,Fulham,Everton,2.1,3.25,3.75,2.1,3.4,3.5,2.15,3.4,3.8,2.1,3.27,3.64
2025,2026-02-07,Manchester United,Tottenham Hotspur,1.57,4.5,5.0,1.6,4.5,4.75,1.61,4.75,5.4,1.57,4.54,4.97
2025,2026-02-07,Newcastle United,Brentford,2.1,3.5,3.5,1.91,3.75,3.75,2.1,3.75,3.75,2.05,3.53,3.51
2025,2026-02-07,Wolverhampton Wanderers,Chelsea,5.0,4.0,1.67,5.0,4.2,1.6,5.4,4.2,1.7,4.9,4.05,1.65
2025,2026-02-08,Brighton,Crystal Palace,1.95,3.5,3.9,2.2,3.3,3.4,2.0,3.75,3.9,1.96,3.57,3.68
2025,2026-02-08,Liverpool,Manchester City,2.38,3.7,2.75,2.1,3.9,3.0,2.42,3.75,2.88,2.34,3.68,2.76
2025,2026-02-10,Chelsea,Leeds United,1.55,4.33,5.5,1.53,4.33,5.75,1.57,4.4,6.0,1.55,4.28,5.66
2025,2026-02-10,Everton,Bournemouth,2.38,3.4,3.0,2.3,3.5,3.0,2.5,3.45,3.0,2.41,3.35,2.91
2025,2026-02-10,Tottenham Hotspur,Newcastle United,3.2,3.6,2.2,3.0,3.7,2.25,3.25,3.6,2.3,3.18,3.48,2.2
2025,2026-02-10,West Ham United,Manchester United,4.5,4.2,1.7,4.33,4.33,1.7,4.5,4.4,1.73,4.36,4.23,1.7
2025,2026-02-11,Aston Villa,Brighton,1.91,3.7,3.8,2.1,3.75,3.25,1.95,3.8,3.85,1.92,3.67,3.79
2025,2026-02-11,Crystal Palace,Burnley,1.57,4.0,6.25,1.45,4.5,7.0,1.58,4.2,6.5,1.55,3.98,6.18
2025,2026-02-11,Manchester City,Fulham,1.36,5.5,7.0,1.36,5.5,7.5,1.38,5.5,9.0,1.34,5.33,8.08
2025,2026-02-11,Nottingham Forest,Wolverhampton Wanderers,1.7,3.8,5.0,1.75,3.9,4.33,1.75,3.8,5.5,1.69,3.72,5.09
2025,2026-02-11,Sunderland,Liverpool,4.75,3.8,1.73,4.33,3.8,1.75,5.0,4.0,1.77,4.65,3.83,1.72
2025,2026-02-12,Brentford,Arsenal,4.75,3.9,1.7,5.0,3.75,1.67,5.1,4.0,1.7,4.83,3.86,1.69
2025,2026-02-18,Wolverhampton Wanderers,Arsenal,11.0,5.25,1.29,12.0,6.5,1.22,12.0,5.8,1.3,10.94,5.48,1.28
2025,2026-02-21,Aston Villa,Leeds United,1.85,3.6,4.33,1.83,3.6,4.33,1.9,3.8,4.5,1.84,3.62,4.24
2025,2026-02-21,Brentford,Brighton,2.0,3.7,3.5,2.3,3.4,3.1,2.05,3.8,3.6,2.01,3.7,3.45
2025,2026-02-21,Chelsea,Burnley,1.22,6.5,12.0,1.25,6.25,11.0,1.23,7.0,15.0,1.2,6.7,12.88
2025,2026-02-21,Manchester City,Newcastle United,1.45,5.0,5.5,1.57,4.75,5.0,1.48,5.0,6.1,1.46,4.92,5.82
2025,2026-02-21,West Ham United,Bournemouth,2.5,3.7,2.63,2.75,3.6,2.45,2.5,3.75,2.8,2.41,3.65,2.71
2025,2026-02-22,Crystal Palace,Wolverhampton Wanderers,1.65,4.0,5.0,1.75,3.8,4.33,1.65,4.2,5.5,1.62,3.99,5.26
2025,2026-02-22,Nottingham Forest,Liverpool,4.1,3.9,1.8,3.6,3.9,1.91,4.4,4.0,1.83,4.08,3.88,1.8
2025,2026-02-22,Sunderland,Fulham,2.7,3.25,2.7,2.88,3.25,2.5,2.7,3.4,2.75,2.65,3.27,2.67
2025,2026-02-22,Tottenham Hotspur,Arsenal,6.0,4.0,1.57,7.5,4.5,1.4,6.1,4.2,1.6,5.83,3.98,1.56
2025,2026-02-23,Everton,Manchester United,3.7,3.75,1.91,3.3,3.4,1.91,3.7,3.9,2.0,3.57,3.73,1.94
2025,2026-02-27,Wolverhampton Wanderers,Aston Villa,4.1,3.7,1.85,4.75,3.7,1.75,4.35,3.7,1.9,4.17,3.64,1.84
2025,2026-02-28,Bournemouth,Sunderland,1.8,3.75,4.33,1.83,3.6,4.33,1.8,4.0,4.5,1.77,3.8,4.34
2025,2026-02-28,Burnley,Brentford,4.5,3.9,1.73,4.33,3.9,1.75,4.9,4.0,1.76,4.58,3.81,1.73
2025,2026-02-28,Leeds United,Manchester City,4.75,4.33,1.62,4.75,3.9,1.7,5.25,4.75,1.63,5.0,4.25,1.6
2025,2026-02-28,Liverpool,West Ham United,1.42,4.75,6.5,1.4,5.0,7.0,1.44,5.5,7.0,1.41,5.02,6.68
2025,2026-02-28,Newcastle United,Everton,1.7,4.0,4.75,1.75,3.8,4.33,1.73,4.0,4.8,1.69,3.92,4.67
2025,2026-03-01,Arsenal,Chelsea,1.6,3.8,5.5,1.53,4.2,6.0,1.63,4.0,5.5,1.6,3.98,5.28
2025,2026-03-01,Brighton,Nottingham Forest,2.0,3.6,3.5,2.1,3.5,3.5,2.1,3.65,3.6,2.05,3.54,3.42
2025,2026-03-01,Fulham,Tottenham Hotspur,2.1,3.6,3.3,2.05,3.6,3.5,2.1,3.75,3.5,2.08,3.57,3.3
2025,2026-03-01,Manchester United,Crystal Palace,1.53,4.5,5.5,1.53,4.33,5.75,1.57,4.5,6.0,1.53,4.31,5.61
2025,2026-03-03,Bournemouth,Brentford,2.5,3.6,2.63,2.5,3.6,2.7,2.5,3.75,2.7,2.48,3.59,2.65
2025,2026-03-03,Everton,Burnley,1.57,4.0,6.0,1.62,3.8,5.75,1.57,4.1,6.5,1.56,3.96,6.06
2025,2026-03-03,Leeds United,Sunderland,1.85,3.4,4.33,1.8,3.5,4.5,1.91,3.5,4.6,1.86,3.43,4.31
2025,2026-03-03,Wolverhampton Wanderers,Liverpool,5.5,4.5,1.5,6.5,4.75,1.42,6.5,4.75,1.52,6.08,4.61,1.48
2025,2026-03-04,Aston Villa,Chelsea,2.7,3.4,2.55,2.63,3.4,2.55,2.75,3.7,2.55,2.67,3.57,2.46
2025,2026-03-04,Brighton,Arsenal,4.75,4.1,1.65,5.0,3.8,1.67,5.4,4.1,1.67,5.03,3.92,1.64
2025,2026-03-04,Fulham,West Ham United,2.0,3.5,3.7,2.2,3.5,3.1,2.08,3.75,3.75,2.03,3.56,3.52
2025,2026-03-04,Manchester City,Nottingham Forest,1.38,5.0,7.5,1.38,5.0,8.0,1.41,5.33,8.0,1.37,4.95,7.65
2025,2026-03-04,Newcastle United,Manchester United,2.63,3.5,2.6,2.6,3.6,2.6,2.63,3.8,2.6,2.56,3.66,2.53
2025,2026-03-05,Tottenham Hotspur,Crystal Palace,2.35,3.25,3.1,2.45,3.3,2.88,2.38,3.4,3.1,2.34,3.32,2.97
2025,2026-03-14,Arsenal,Everton,1.38,4.75,8.5,1.36,4.5,9.0,1.4,4.8,9.5,1.37,4.56,8.83
2025,2026-03-14,Burnley,Bournemouth,4.1,3.8,1.83,3.9,4.0,1.83,4.2,4.0,1.87,4.02,3.83,1.82
2025,2026-03-14,Chelsea,Newcastle United,1.8,4.2,3.8,1.67,4.33,4.33,1.81,4.2,4.0,1.79,4.12,3.86
2025,2026-03-14,Sunderland,Brighton,3.3,3.3,2.25,3.6,3.6,2.0,3.33,3.4,2.28,3.26,3.27,2.23
2025,2026-03-14,West Ham United,Manchester City,4.33,4.33,1.7,4.75,4.33,1.65,4.6,4.33,1.73,4.43,4.15,1.69
2025,2026-03-15,Crystal Palace,Leeds United,2.55,3.3,2.88,2.7,3.25,2.75,2.6,3.4,3.0,2.49,3.24,2.85
2025,2026-03-15,Liverpool,Tottenham Hotspur,1.3,6.25,8.0,1.3,6.0,8.5,1.33,6.25,9.5,1.29,5.79,8.72
2025,2026-03-15,Manchester United,Aston Villa,1.73,4.0,4.5,1.7,4.1,4.5,1.73,4.2,4.6,1.71,4.02,4.38
2025,2026-03-15,Nottingham Forest,Fulham,2.2,3.4,3.3,2.3,3.3,3.2,2.25,3.5,3.4,2.19,3.4,3.24
2025,2026-03-16,Brentford,Wolverhampton Wanderers,1.55,4.2,5.75,1.53,4.33,5.75,1.58,4.33,6.0,1.54,4.15,5.68
2025,2026-03-20,Bournemouth,Manchester United,3.2,3.8,2.1,3.1,3.75,2.15,3.35,3.8,2.1,3.22,3.76,2.07
2025,2026-03-21,Brighton,Liverpool,3.1,3.5,2.2,3.1,3.6,2.2,3.15,3.6,2.28,3.02,3.55,2.22
2025,2026-03-21,Everton,Chelsea,3.5,3.4,2.1,3.2,3.4,2.25,3.5,3.65,2.15,3.38,3.5,2.08
2025,2026-03-21,Fulham,Burnley,1.53,4.1,6.25,1.55,4.33,5.75,1.55,4.33,6.5,1.53,4.09,6.22
2025,2026-03-21,Leeds United,Brentford,2.45,3.5,2.88,2.38,3.5,3.0,2.55,3.5,2.88,2.46,3.42,2.77
2025,2026-03-22,Aston Villa,West Ham United,1.95,3.6,3.8,1.75,3.8,4.5,2.0,3.65,3.95,1.95,3.56,3.7
2025,2026-03-22,Newcastle United,Sunderland,1.67,4.0,5.0,1.55,4.2,5.75,1.7,4.0,5.4,1.65,3.89,5.04
2025,2026-03-22,Tottenham Hotspur,Nottingham Forest,2.25,3.4,3.2,2.35,3.4,3.0,2.3,3.5,3.2,2.24,3.39,3.11
2025,2026-04-10,West Ham United,Wolverhampton Wanderers,1.8,3.8,4.33,1.75,3.8,4.5,1.8,3.8,4.5,1.78,3.74,4.34
2025,2026-04-11,Arsenal,Bournemouth,1.44,4.5,7.5,1.44,4.33,7.0,1.46,4.8,7.5,1.43,4.55,7.06
2025,2026-04-11,Brentford,Everton,2.15,3.3,3.5,2.1,3.4,3.5,2.15,3.5,3.6,2.13,3.31,3.45
2025,2026-04-11,Burnley,Brighton,4.5,4.0,1.73,5.25,4.2,1.57,4.75,4.0,1.78,4.48,3.93,1.72
2025,2026-04-11,Liverpool,Fulham,1.65,4.2,4.75,1.75,4.1,4.2,1.65,4.35,5.1,1.62,4.18,4.83
2025,2026-04-12,Chelsea,Manchester City,3.1,3.8,2.15,3.6,3.9,1.91,3.3,4.0,2.15,3.08,3.8,2.1
2025,2026-04-12,Crystal Palace,Newcastle United,3.0,3.6,2.2,3.0,3.3,2.4,3.2,3.6,2.3,3.07,3.5,2.22
2025,2026-04-12,Nottingham Forest,Aston Villa,2.63,3.3,2.7,2.3,3.4,3.0,2.66,3.5,2.7,2.61,3.33,2.65
2025,2026-04-12,Sunderland,Tottenham Hotspur,2.7,3.2,2.7,2.9,3.2,2.55,2.7,3.5,2.7,2.62,3.34,2.63
2025,2026-04-13,Manchester United,Leeds United,1.62,4.1,5.0,1.62,4.1,5.25,1.65,4.3,6.1,1.59,4.07,5.3
2025,2026-04-18,Brentford,Fulham,2.1,3.75,3.25,1.95,3.8,3.6,2.12,3.75,3.35,2.09,3.63,3.26
2025,2026-04-18,Chelsea,Manchester United,2.2,3.5,3.2,2.05,3.8,3.2,2.3,3.75,3.2,2.21,3.54,3.07
2025,2026-04-18,Leeds United,Wolverhampton Wanderers,1.62,3.9,5.75,1.5,4.2,6.5,1.67,4.0,6.0,1.6,3.93,5.5
2025,2026-04-18,Newcastle United,Bournemouth,2.0,3.75,3.5,2.2,3.7,3.0,2.0,4.0,3.65,1.96,3.81,3.48
2025,2026-04-18,Tottenham Hotspur,Brighton,2.7,3.75,2.4,3.0,3.9,2.15,2.75,3.8,2.5,2.68,3.65,2.41
2025,2026-04-19,Aston Villa,Sunderland,1.67,3.75,5.5,1.75,3.6,5.0,1.67,4.0,5.5,1.65,3.78,5.25
2025,2026-04-19,Everton,Liverpool,3.1,3.4,2.3,3.2,3.4,2.25,3.25,3.6,2.3,3.11,3.36,2.25
2025,2026-04-19,Manchester City,Arsenal,1.83,3.7,4.2,1.85,3.7,4.1,2.0,3.75,4.6,1.82,3.6,4.25
2025,2026-04-19,Nottingham Forest,Burnley,1.5,4.2,7.0,1.45,4.5,7.0,1.53,4.35,7.0,1.49,4.25,6.32
2025,2026-04-20,Crystal Palace,West Ham United,2.38,3.2,3.1,2.63,3.25,2.7,2.38,3.4,3.3,2.31,3.21,3.11
2025,2026-04-21,Brighton,Chelsea,2.5,3.5,2.7,2.25,3.6,3.0,2.54,3.75,2.7,2.44,3.62,2.66
2025,2026-04-22,Bournemouth,Leeds United,2.0,3.5,3.6,1.8,3.9,4.1,2.1,3.6,4.0,2.02,3.51,3.57
2025,2026-04-22,Burnley,Manchester City,19.0,9.0,1.13,15.0,8.5,1.14,20.0,9.0,1.22,16.53,8.3,1.14
2025,2026-04-24,Sunderland,Nottingham Forest,2.7,3.2,2.7,2.63,3.1,2.8,2.75,3.25,2.75,2.67,3.18,2.66
2025,2026-04-25,Arsenal,Newcastle United,1.45,4.75,6.25,1.38,5.0,7.5,1.5,4.8,6.75,1.45,4.66,6.22
2025,2026-04-25,Fulham,Aston Villa,2.75,3.6,2.45,2.45,3.6,2.75,2.75,3.6,2.54,2.67,3.5,2.47
2025,2026-04-25,Liverpool,Crystal Palace,1.44,5.0,6.25,1.6,4.5,5.0,1.5,5.0,7.0,1.44,4.76,6.31
2025,2026-04-25,West Ham United,Everton,2.4,3.4,2.9,2.4,3.4,2.8,2.43,3.5,3.0,2.38,3.34,2.9
2025,2026-04-25,Wolverhampton Wanderers,Tottenham Hotspur,4.5,4.33,1.67,4.5,4.33,1.67,4.75,4.33,1.73,4.48,3.99,1.7
2025,2026-04-27,Manchester United,Brentford,1.85,3.8,4.0,1.95,3.75,3.6,1.9,4.0,4.0,1.84,3.82,3.84
2025,2026-05-01,Leeds United,Burnley,1.33,5.0,9.5,1.36,5.0,8.5,1.38,5.4,9.5,1.34,5.09,8.57
2025,2026-05-02,Arsenal,Fulham,1.44,4.33,7.0,1.45,4.5,7.0,1.48,4.5,8.0,1.44,4.39,7.0
2025,2026-05-02,Brentford,West Ham United,1.91,3.75,3.75,1.85,3.8,3.8,1.95,3.8,3.75,1.91,3.77,3.62
2025,2026-05-02,Newcastle United,Brighton,2.5,3.75,2.6,2.7,3.6,2.45,2.6,3.75,2.66,2.5,3.6,2.6
2025,2026-05-02,Wolverhampton Wanderers,Sunderland,3.1,3.2,2.1,3.6,3.5,2.0,3.45,3.4,2.25,3.24,3.35,2.18
2025,2026-05-03,Aston Villa,Tottenham Hotspur,2.15,3.6,3.2,2.25,3.6,3.0,2.15,3.75,3.4,2.1,3.59,3.21
2025,2026-05-03,Bournemouth,Crystal Palace,1.57,4.33,5.25,1.55,4.33,5.25,1.62,4.35,5.5,1.58,4.16,5.2
2025,2026-05-03,Manchester United,Liverpool,2.3,3.8,2.75,2.35,3.75,2.8,2.38,3.9,2.85,2.29,3.73,2.76
2025,2026-05-04,Chelsea,Nottingham Forest,1.7,4.0,4.75,1.42,4.75,7.0,1.71,4.1,4.9,1.68,3.93,4.65
2025,2026-05-04,Everton,Manchester City,6.5,4.75,1.44,6.5,4.75,1.44,7.0,4.8,1.48,6.38,4.63,1.44
2025,2026-05-09,Brighton,Wolverhampton Wanderers,1.27,6.25,9.5,1.29,6.0,9.0,1.29,6.25,11.5,1.27,5.88,9.98
2025,2026-05-09,Fulham,Bournemouth,2.75,3.6,2.4,2.7,3.6,2.45,2.75,3.75,2.45,2.68,3.66,2.39
2025,2026-05-09,Liverpool,Chelsea,1.83,4.0,3.9,2.0,3.75,3.4,1.84,4.0,4.0,1.82,3.95,3.81
2025,2026-05-09,Manchester City,Brentford,1.36,5.75,7.0,1.36,5.5,7.0,1.38,6.0,8.0,1.35,5.51,7.23
2025,2026-05-09,Sunderland,Manchester United,3.9,3.75,1.85,3.2,3.6,2.15,4.1,3.8,1.93,3.93,3.7,1.86
2025,2026-05-10,Burnley,Aston Villa,5.0,4.33,1.6,6.25,4.5,1.48,6.0,4.33,1.62,5.34,4.09,1.58
2025,2026-05-10,Crystal Palace,Everton,2.7,3.3,2.63,2.75,3.3,2.55,2.8,3.4,2.63,2.71,3.26,2.56
2025,2026-05-10,Nottingham Forest,Newcastle United,2.6,3.6,2.6,3.5,3.4,2.1,2.7,3.6,2.65,2.58,3.48,2.56
2025,2026-05-10,West Ham United,Arsenal,5.5,4.2,1.57,6.0,4.2,1.55,5.75,4.25,1.62,5.29,4.09,1.58
2025,2026-05-11,Tottenham Hotspur,Leeds United,1.83,4.1,3.75,1.83,3.7,4.2,1.86,4.1,4.1,1.82,3.82,3.92
2025,2026-05-13,Manchester City,Crystal Palace,1.2,7.5,12.0,1.3,6.0,8.5,1.22,7.5,15.0,1.19,7.03,12.75
2025,2026-05-15,Aston Villa,Liverpool,2.75,3.5,2.4,2.7,3.4,2.55,2.8,3.6,2.5,2.76,3.44,2.43
2025,2026-05-17,Brentford,Crystal Palace,1.73,4.2,4.33,1.75,3.9,4.33,1.77,4.5,4.4,1.71,4.09,4.17
2025,2026-05-17,Everton,Sunderland,1.8,3.75,4.33,1.75,3.7,4.33,1.83,3.75,4.35,1.81,3.63,4.18
2025,2026-05-17,Leeds United,Brighton,3.2,3.6,2.15,3.5,3.5,2.05,3.2,3.7,2.22,3.09,3.57,2.14
2025,2026-05-17,Manchester United,Nottingham Forest,1.6,4.2,5.25,1.55,4.5,5.25,1.62,4.33,5.25,1.58,4.23,4.94
2025,2026-05-17,Newcastle United,West Ham United,2.1,3.8,3.2,2.05,3.9,3.2,2.1,4.0,3.25,2.05,3.78,3.15
2025,2026-05-17,Wolverhampton Wanderers,Fulham,3.8,3.8,1.9,4.0,3.75,1.8,3.8,4.0,1.95,3.68,3.78,1.87
2025,2026-05-18,Arsenal,Burnley,1.09,11.0,23.0,1.09,10.0,26.0,1.11,11.0,26.0,1.08,10.12,22.13
2025,2026-05-19,Bournemouth,Manchester City,4.5,4.33,1.67,4.75,4.5,1.62,4.6,4.5,1.7,4.42,4.27,1.66
2025,2026-05-19,Chelsea,Tottenham Hotspur,1.91,3.7,3.9,2.25,3.25,3.3,1.95,3.75,4.0,1.9,3.64,3.76
2025,2026-05-24,Brighton,Manchester United,1.85,4.2,3.6,1.85,4.33,3.5,1.92,4.2,3.75,1.86,3.98,3.58
2025,2026-05-24,Burnley,Wolverhampton Wanderers,2.35,3.5,2.9,2.35,3.4,2.9,2.48,3.6,2.9,2.36,3.5,2.77
2025,2026-05-24,Crystal Palace,Arsenal,4.2,4.0,1.75,4.1,3.6,1.85,4.33,4.2,1.82,4.13,3.86,1.76
2025,2026-05-24,Fulham,Newcastle United,2.88,3.8,2.25,2.5,3.7,2.6,2.9,3.8,2.37,2.82,3.66,2.27
2025,2026-05-24,Liverpool,Brentford,1.8,4.2,3.8,1.8,4.0,4.0,1.84,4.35,4.0,1.8,4.09,3.73
2025,2026-05-24,Manchester City,Aston Villa,1.29,6.0,9.0,1.42,5.0,6.5,1.31,6.25,9.5,1.28,5.93,8.39
2025,2026-05-24,Nottingham Forest,Bournemouth,3.3,3.75,2.05,3.7,3.8,1.91,3.3,3.9,2.1,3.19,3.72,2.05
2025,2026-05-24,Sunderland,Chelsea,3.6,3.6,2.0,3.3,3.8,2.05,3.65,3.75,2.05,3.47,3.59,1.99
2025,2026-05-24,Tottenham Hotspur,Everton,1.91,3.75,3.8,1.91,3.5,4.1,1.95,3.75,4.3,1.89,3.63,3.78
2025,2026-05-24,West Ham United,Leeds United,1.85,4.0,3.75,1.7,4.1,4.5,1.88,4.2,4.0,1.82,3.9,3.75
